domain,country,language,last_update,website_url,organization,country_code,language_code,last_update_basis,ror_record_last_modified,website_last_modified,last_checked_utc,http_status,reachable,source_category,ror_id,ror_types,source_record,relevance_note
uet.edu.al,Albania,Albanian,2024-12-11,http://www.uet.edu.al/index.php/en/,European University of Tirana,AL,sq,ror_record_last_modified,2024-12-11,,2026-07-29T06:55:15+00:00,TimeoutError,unknown,research_funder,https://ror.org/05r7c5x85,education; funder,https://ror.org/05r7c5x85,Active organization classified as a funder in ROR; verify each call's external eligibility before applying.
westernbalkansfund.org,Albania,Albanian,2026-06-23,https://westernbalkansfund.org,Western Balkans Fund,AL,sq,ror_record_last_modified,2026-06-23,,2026-07-29T06:54:59+00:00,URLError,unknown,research_funder,https://ror.org/01wghc535,funder; other,https://ror.org/01wghc535,Active organization classified as a funder in ROR; verify each call's external eligibility before applying.
govern.ad,Andorra,Catalan,2026-07-20,https://www.govern.ad/,govern.ad,AD,ca,directory_release_date,,,2026-07-29T06:54:59+00:00,URLError,unknown,government portal,,,curated supplemental seed,"Curated European funding, challenge, programme, or government portal."
eif.am,Armenia,Armenian,2026-07-20,https://www.eif.am,Enterprise Incubator Foundation,AM,hy,ror_record_last_modified,2026-07-20,,2026-07-29T06:55:15+00:00,URLError,unknown,research_funder,https://ror.org/003pzcf57,funder; nonprofit,https://ror.org/003pzcf57,Active organization classified as a funder in ROR; verify each call's external eligibility before applying.
farusa.org,Armenia,Armenian,2024-12-11,http://farusa.org/,Fund for Armenian Relief,AM,hy,ror_record_last_modified,2024-12-11,,2026-07-29T06:56:19+00:00,TimeoutError,unknown,research_funder,https://ror.org/00ddr8x91,nonprofit; funder,https://ror.org/00ddr8x91,Active organization classified as a funder in ROR; verify each call's external eligibility before applying.
edu.am,Armenia,Armenian,2024-12-11,http://www.edu.am/,Ministry of Education and Science,AM,hy,ror_record_last_modified,2024-12-11,,2026-07-29T06:56:27+00:00,TimeoutError,unknown,research_funder,https://ror.org/03ck0h361,government; funder,https://ror.org/03ck0h361,Active organization classified as a funder in ROR; verify each call's external eligibility before applying.
sci.am,Armenia,Armenian,2026-03-12,http://www.sci.am/,National Academy of Sciences of Armenia,AM,hy,ror_record_last_modified,2026-03-12,,2026-07-29T06:55:31+00:00,TimeoutError,unknown,research_funder,https://ror.org/04mczx267,funder; government,https://ror.org/04mczx267,Active organization classified as a funder in ROR; verify each call's external eligibility before applying.
rau.am,Armenia,Armenian,2024-12-11,http://www.rau.am,Russian-Armenian University,AM,hy,ror_record_last_modified,2024-12-11,,2026-07-29T06:56:03+00:00,TimeoutError,unknown,research_funder,https://ror.org/01v4e7289,education; funder,https://ror.org/01v4e7289,Active organization classified as a funder in ROR; verify each call's external eligibility before applying.
scs.am,Armenia,Armenian,2024-12-11,http://www.scs.am/en,State Committee of Science,AM,hy,ror_record_last_modified,2024-12-11,,2026-07-29T06:55:47+00:00,TimeoutError,unknown,research_funder,https://ror.org/01ptpr676,government; funder,https://ror.org/01ptpr676,Active organization classified as a funder in ROR; verify each call's external eligibility before applying.
ysu.am,Armenia,Armenian,2026-07-20,https://www.ysu.am,Yerevan State University,AM,hy,ror_record_last_modified,2026-07-20,,2026-07-29T06:54:59+00:00,URLError,unknown,research_funder,https://ror.org/00s8vne50,education; funder,https://ror.org/00s8vne50,Active organization classified as a funder in ROR; verify each call's external eligibility before applying.
asea-uninet.org,Austria,German,2026-06-23,https://asea-uninet.org,ASEAN-European Academic University Network,AT,de,ror_record_last_modified,2026-06-23,,2026-07-29T06:56:45+00:00,URLError,unknown,research_funder,https://ror.org/03ds3jw98,funder; other,https://ror.org/03ds3jw98,Active organization classified as a funder in ROR; verify each call's external eligibility before applying.
gv.at,Austria,German,2026-07-20,https://www.ktn.gv.at,Amt der Kärntner Landesregierung,AT,de,ror_record_last_modified,2026-07-20,,2026-07-29T06:56:44+00:00,URLError,unknown,research_funder,https://ror.org/03w3gnp47,funder; government,https://ror.org/03w3gnp47,Active organization classified as a funder in ROR; verify each call's external eligibility before applying.
vorarlberg.at,Austria,German,2026-06-23,https://vorarlberg.at,Amt der Vorarlberger Landesregierung,AT,de,ror_record_last_modified,2026-06-23,,2026-07-29T06:56:44+00:00,URLError,unknown,research_funder,https://ror.org/04c7sns60,funder; government,https://ror.org/04c7sns60,Active organization classified as a funder in ROR; verify each call's external eligibility before applying.
oeaw.ac.at,Austria,German,2026-02-24,https://www.oeaw.ac.at,Austrian Academy of Sciences,AT,de,ror_record_last_modified,2026-02-24,,2026-07-29T06:56:45+00:00,URLError,unknown,research_funder,https://ror.org/03anc3s24,funder; government,https://ror.org/03anc3s24,Active organization classified as a funder in ROR; verify each call's external eligibility before applying.
oegkm.at,Austria,German,2026-07-20,https://oegkm.at,Austrian Bone and Mineral Society,AT,de,ror_record_last_modified,2026-07-20,,2026-07-29T06:56:03+00:00,URLError,unknown,research_funder,https://ror.org/024qcpz41,funder; nonprofit,https://ror.org/024qcpz41,Active organization classified as a funder in ROR; verify each call's external eligibility before applying.
ait.ac.at,Austria,German,2026-02-24,https://www.ait.ac.at,Austrian Institute of Technology,AT,de,ror_record_last_modified,2026-02-24,,2026-07-29T06:56:45+00:00,URLError,unknown,research_funder,https://ror.org/04knbh022,facility; funder,https://ror.org/04knbh022,Active organization classified as a funder in ROR; verify each call's external eligibility before applying.
apg.at,Austria,German,2026-06-23,https://www.apg.at,Austrian Power Grid (Austria),AT,de,ror_record_last_modified,2026-06-23,,2026-07-29T06:56:45+00:00,URLError,unknown,research_funder,https://ror.org/03znhvz06,company; funder,https://ror.org/03znhvz06,Active organization classified as a funder in ROR; verify each call's external eligibility before applying.
oegg.at,Austria,German,2026-06-23,https://www.oegg.at,Austrian Society for Geomechanics,AT,de,ror_record_last_modified,2026-06-23,,2026-07-29T06:56:44+00:00,URLError,unknown,research_funder,https://ror.org/04eqm2w21,funder; nonprofit,https://ror.org/04eqm2w21,Active organization classified as a funder in ROR; verify each call's external eligibility before applying.
aco-asso.at,Austria,German,2026-06-23,https://www.aco-asso.at,Austrian Society of Surgical Oncology,AT,de,ror_record_last_modified,2026-06-23,,2026-07-29T06:56:45+00:00,URLError,unknown,research_funder,https://ror.org/04h16zf48,funder; nonprofit,https://ror.org/04h16zf48,Active organization classified as a funder in ROR; verify each call's external eligibility before applying.
best-research.eu,Austria,German,2026-07-20,https://www.best-research.eu/,BEST - Bioenergy and Sustainable Technologies (Austria),AT,de,ror_record_last_modified,2026-07-20,,2026-07-29T06:56:44+00:00,URLError,unknown,research_funder,https://ror.org/0254y9b08,company; funder,https://ror.org/0254y9b08,Active organization classified as a funder in ROR; verify each call's external eligibility before applying.
boku.ac.at,Austria,German,2026-02-24,https://boku.ac.at,BOKU University,AT,de,ror_record_last_modified,2026-02-24,,2026-07-29T06:56:45+00:00,URLError,unknown,research_funder,https://ror.org/057ff4y42,education; funder,https://ror.org/057ff4y42,Active organization classified as a funder in ROR; verify each call's external eligibility before applying.
ceu.edu,Austria,German,2026-02-24,https://www.ceu.edu,Central European University,AT,de,ror_record_last_modified,2026-02-24,,2026-07-29T06:56:45+00:00,URLError,unknown,research_funder,https://ror.org/02zx40v98,education; funder,https://ror.org/02zx40v98,Active organization classified as a funder in ROR; verify each call's external eligibility before applying.
debra-international.org,Austria,German,2026-06-23,https://www.debra-international.org,DEBRA International,AT,de,ror_record_last_modified,2026-06-23,,2026-07-29T06:56:45+00:00,URLError,unknown,research_funder,https://ror.org/00gns0095,funder; nonprofit,https://ror.org/00gns0095,Active organization classified as a funder in ROR; verify each call's external eligibility before applying.
emsos.org,Austria,German,2026-07-20,https://emsos.org,European Musculoskeletal Oncology Society,AT,de,ror_record_last_modified,2026-07-20,,2026-07-29T06:56:44+00:00,URLError,unknown,research_funder,https://ror.org/044erq918,funder; nonprofit,https://ror.org/044erq918,Active organization classified as a funder in ROR; verify each call's external eligibility before applying.
essr.org,Austria,German,2026-06-23,https://www.essr.org,European Society of Musculoskeletal Radiology,AT,de,ror_record_last_modified,2026-06-23,,2026-07-29T06:56:45+00:00,URLError,unknown,research_funder,https://ror.org/029tqgq95,funder; nonprofit,https://ror.org/029tqgq95,Active organization classified as a funder in ROR; verify each call's external eligibility before applying.
fwf.ac.at,Austria,German,2026-06-02,https://www.fwf.ac.at,FWF Austrian Science Fund,AT,de,ror_record_last_modified,2026-06-02,,2026-07-29T06:56:45+00:00,URLError,unknown,research_funder,https://ror.org/013tf3c58,funder; nonprofit,https://ror.org/013tf3c58,Active organization classified as a funder in ROR; verify each call's external eligibility before applying.
f-schiedel-stiftung.at,Austria,German,2026-07-20,http://www.f-schiedel-stiftung.at,"Friedrich Schiedel, Stiftung für Energietechnik Wien",AT,de,ror_record_last_modified,2026-07-20,,2026-07-29T06:56:44+00:00,RemoteDisconnected,unknown,research_funder,https://ror.org/01t6yzv94,funder; nonprofit,https://ror.org/01t6yzv94,Active organization classified as a funder in ROR; verify each call's external eligibility before applying.
gl-pharma.at,Austria,German,2026-07-20,https://gl-pharma.at/language/en/,Gerot Lannach (Austria),AT,de,ror_record_last_modified,2026-07-20,,2026-07-29T06:56:44+00:00,URLError,unknown,research_funder,https://ror.org/0523s0t06,company; funder,https://ror.org/0523s0t06,Active organization classified as a funder in ROR; verify each call's external eligibility before applying.
tugraz.at,Austria,German,2026-02-24,https://www.tugraz.at,Graz University of Technology,AT,de,ror_record_last_modified,2026-02-24,,2026-07-29T06:56:45+00:00,URLError,unknown,research_funder,https://ror.org/00d7xrm67,education; funder,https://ror.org/00d7xrm67,Active organization classified as a funder in ROR; verify each call's external eligibility before applying.
hypotirol.com,Austria,German,2026-06-23,https://www.hypotirol.com,Hypo Tirol Bank AG (Austria),AT,de,ror_record_last_modified,2026-06-23,,2026-07-29T06:56:44+00:00,URLError,unknown,research_funder,https://ror.org/00f3th548,company; funder,https://ror.org/00f3th548,Active organization classified as a funder in ROR; verify each call's external eligibility before applying.
ifac-control.org,Austria,German,2026-06-23,https://www.ifac-control.org,International Federation of Automatic Control,AT,de,ror_record_last_modified,2026-06-23,,2026-07-29T06:56:44+00:00,URLError,unknown,research_funder,https://ror.org/04syfkh91,funder; nonprofit,https://ror.org/04syfkh91,Active organization classified as a funder in ROR; verify each call's external eligibility before applying.
iiasa.ac.at,Austria,German,2026-02-24,https://iiasa.ac.at,International Institute for Applied Systems Analysis,AT,de,ror_record_last_modified,2026-02-24,,2026-07-29T06:56:45+00:00,URLError,unknown,research_funder,https://ror.org/02wfhk785,funder; nonprofit,https://ror.org/02wfhk785,Active organization classified as a funder in ROR; verify each call's external eligibility before applying.
iuvsta.org,Austria,German,2026-07-20,https://iuvsta.org,"International Union for Vacuum Science, Technique, and Applications",AT,de,ror_record_last_modified,2026-07-20,,2026-07-29T06:56:43+00:00,URLError,unknown,research_funder,https://ror.org/02xh3wj91,funder; nonprofit,https://ror.org/02xh3wj91,Active organization classified as a funder in ROR; verify each call's external eligibility before applying.
jku.at,Austria,German,2026-07-20,https://www.jku.at,Johannes Kepler University of Linz,AT,de,ror_record_last_modified,2026-07-20,,2026-07-29T06:56:43+00:00,URLError,unknown,research_funder,https://ror.org/052r2xn60,education; funder,https://ror.org/052r2xn60,Active organization classified as a funder in ROR; verify each call's external eligibility before applying.
k1-met.com,Austria,German,2026-07-20,https://www.k1-met.com,K1-MET GmbH (Austria),AT,de,ror_record_last_modified,2026-07-20,,2026-07-29T06:56:37+00:00,URLError,unknown,research_funder,https://ror.org/03e7pqd57,company; funder,https://ror.org/03e7pqd57,Active organization classified as a funder in ROR; verify each call's external eligibility before applying.
kli.ac.at,Austria,German,2026-07-20,https://kli.ac.at,Konrad Lorenz Institute for Evolution and Cognition Research,AT,de,ror_record_last_modified,2026-07-20,,2026-07-29T06:56:27+00:00,URLError,unknown,research_funder,https://ror.org/01agk4b09,funder; other,https://ror.org/01agk4b09,Active organization classified as a funder in ROR; verify each call's external eligibility before applying.
lisavienna.at,Austria,German,2026-06-23,https://www.lisavienna.at,Life Science Austria Vienna,AT,de,ror_record_last_modified,2026-06-23,,2026-07-29T06:56:44+00:00,URLError,unknown,research_funder,https://ror.org/00hh7tq18,funder; nonprofit; other,https://ror.org/00hh7tq18,Active organization classified as a funder in ROR; verify each call's external eligibility before applying.
medunigraz.at,Austria,German,2026-02-24,http://www.medunigraz.at/en/,Medical University of Graz,AT,de,ror_record_last_modified,2026-02-24,,2026-07-29T06:56:45+00:00,RemoteDisconnected,unknown,research_funder,https://ror.org/02n0bts35,education; funder,https://ror.org/02n0bts35,Active organization classified as a funder in ROR; verify each call's external eligibility before applying.
meduniwien.ac.at,Austria,German,2026-02-24,https://www.meduniwien.ac.at,Medical University of Vienna,AT,de,ror_record_last_modified,2026-02-24,,2026-07-29T06:56:45+00:00,URLError,unknown,research_funder,https://ror.org/05n3x4p02,education; funder,https://ror.org/05n3x4p02,Active organization classified as a funder in ROR; verify each call's external eligibility before applying.
noegus.at,Austria,German,2026-07-20,https://www.noegus.at/,Niederösterreichischer Gesundheits- und Sozialfond,AT,de,ror_record_last_modified,2026-07-20,,2026-07-29T06:56:19+00:00,URLError,unknown,research_funder,https://ror.org/05g6ncb39,funder; government,https://ror.org/05g6ncb39,Active organization classified as a funder in ROR; verify each call's external eligibility before applying.
omv.com,Austria,German,2026-07-20,https://www.omv.com/,OMV (Austria),AT,de,ror_record_last_modified,2026-07-20,,2026-07-29T06:55:47+00:00,URLError,unknown,research_funder,https://ror.org/00xn5w219,company; funder,https://ror.org/00xn5w219,Active organization classified as a funder in ROR; verify each call's external eligibility before applying.
osce.org,Austria,German,2026-07-20,https://www.osce.org,Organization for Security and Co-operation in Europe,AT,de,ror_record_last_modified,2026-07-20,,2026-07-29T06:55:33+00:00,URLError,unknown,research_funder,https://ror.org/01kmvv375,funder; nonprofit,https://ror.org/01kmvv375,Active organization classified as a funder in ROR; verify each call's external eligibility before applying.
schuhfried.com,Austria,German,2026-07-20,https://www.schuhfried.com,SCHUHFRIED GmbH (Austria),AT,de,ror_record_last_modified,2026-07-20,,2026-07-29T06:55:15+00:00,URLError,unknown,research_funder,https://ror.org/04vzhdb88,company; funder,https://ror.org/04vzhdb88,Active organization classified as a funder in ROR; verify each call's external eligibility before applying.
tuwien.at,Austria,German,2026-02-24,https://www.tuwien.at,TU Wien,AT,de,ror_record_last_modified,2026-02-24,,2026-07-29T06:56:45+00:00,URLError,unknown,research_funder,https://ror.org/04d836q62,education; funder,https://ror.org/04d836q62,Active organization classified as a funder in ROR; verify each call's external eligibility before applying.
ueg.eu,Austria,German,2026-06-23,https://ueg.eu,United European Gastroenterology,AT,de,ror_record_last_modified,2026-06-23,,2026-07-29T06:56:44+00:00,URLError,unknown,research_funder,https://ror.org/005hr7v68,funder; nonprofit,https://ror.org/005hr7v68,Active organization classified as a funder in ROR; verify each call's external eligibility before applying.
unido.org,Austria,German,2026-07-20,http://www.unido.org/,United Nations Industrial Development Organization,AT,de,ror_record_last_modified,2026-07-20,,2026-07-29T06:54:59+00:00,URLError,unknown,research_funder,https://ror.org/058ajkv68,funder; government,https://ror.org/058ajkv68,Active organization classified as a funder in ROR; verify each call's external eligibility before applying.
vetmeduni.ac.at,Austria,German,2026-02-24,https://www.vetmeduni.ac.at,University of Veterinary Medicine Vienna,AT,de,ror_record_last_modified,2026-02-24,,2026-07-29T06:56:45+00:00,URLError,unknown,research_funder,https://ror.org/01w6qp003,education; funder,https://ror.org/01w6qp003,Active organization classified as a funder in ROR; verify each call's external eligibility before applying.
donau-uni.ac.at,Austria,German,2026-02-24,https://www.donau-uni.ac.at,Universität für Weiterbildung Krems,AT,de,ror_record_last_modified,2026-02-24,,2026-07-29T06:56:45+00:00,URLError,unknown,research_funder,https://ror.org/03ef4a036,education; funder,https://ror.org/03ef4a036,Active organization classified as a funder in ROR; verify each call's external eligibility before applying.
schweinemedizin.at,Austria,German,2026-06-23,https://schweinemedizin.at,Verein der Freunde und Förderer der Schweinemedizin,AT,de,ror_record_last_modified,2026-06-23,,2026-07-29T06:56:44+00:00,URLError,unknown,research_funder,https://ror.org/0167c3179,funder; nonprofit,https://ror.org/0167c3179,Active organization classified as a funder in ROR; verify each call's external eligibility before applying.
wingsforlife.com,Austria,German,2026-06-02,http://www.wingsforlife.com/en,Wings for Life,AT,de,ror_record_last_modified,2026-06-02,,2026-07-29T06:56:45+00:00,RemoteDisconnected,unknown,research_funder,https://ror.org/043zam433,funder; nonprofit,https://ror.org/043zam433,Active organization classified as a funder in ROR; verify each call's external eligibility before applying.
wirtschaftsagentur.at,Austria,German,2026-06-23,https://viennabusinessagency.at,Wirtschaftsagentur Wien,AT,de,ror_record_last_modified,2026-06-23,,2026-07-29T06:56:44+00:00,URLError,unknown,research_funder,https://ror.org/03c5wrt42,funder,https://ror.org/03c5wrt42,Active organization classified as a funder in ROR; verify each call's external eligibility before applying.
oefg.at,Austria,German,2026-06-23,https://www.oefg.at,Österreichische Forschungsgemeinschaft,AT,de,ror_record_last_modified,2026-06-23,,2026-07-29T06:56:44+00:00,URLError,unknown,research_funder,https://ror.org/00bsxfj05,funder; nonprofit,https://ror.org/00bsxfj05,Active organization classified as a funder in ROR; verify each call's external eligibility before applying.
oeggh.at,Austria,German,2026-06-23,https://www.oeggh.at,Österreichische Gesellschaft für Gastroenterologie und Hepatologie,AT,de,ror_record_last_modified,2026-06-23,,2026-07-29T06:56:44+00:00,URLError,unknown,research_funder,https://ror.org/02r8c1j53,funder; nonprofit,https://ror.org/02r8c1j53,Active organization classified as a funder in ROR; verify each call's external eligibility before applying.
kinderkrebshilfe.at,Austria,German,2026-06-23,https://kinderkrebshilfe.at,Österreichische Kinder-Krebs-Hilfe,AT,de,ror_record_last_modified,2026-06-23,,2026-07-29T06:56:44+00:00,URLError,unknown,research_funder,https://ror.org/008w3ax30,funder; nonprofit,https://ror.org/008w3ax30,Active organization classified as a funder in ROR; verify each call's external eligibility before applying.
krebshilfe-tirol.at,Austria,German,2026-06-23,https://www.krebshilfe-tirol.at,Österreichische Krebshilfe Tirol,AT,de,ror_record_last_modified,2026-06-23,,2026-07-29T06:56:44+00:00,URLError,unknown,research_funder,https://ror.org/01h7pt324,funder; nonprofit,https://ror.org/01h7pt324,Active organization classified as a funder in ROR; verify each call's external eligibility before applying.
science.gov.az,Azerbaijan,Azerbaijani,2026-07-20,https://science.gov.az,Azerbaijan National Academy of Sciences,AZ,az,ror_record_last_modified,2026-07-20,,2026-07-29T06:54:59+00:00,URLError,unknown,research_funder,https://ror.org/006m4q736,funder; government,https://ror.org/006m4q736,Active organization classified as a funder in ROR; verify each call's external eligibility before applying.
arc.az,Azerbaijan,Azerbaijani,2026-06-23,https://arc.az,Azerbaijan Respiratory Society,AZ,az,ror_record_last_modified,2026-06-23,,2026-07-29T06:55:15+00:00,URLError,unknown,research_funder,https://ror.org/02ahw0w11,funder; nonprofit,https://ror.org/02ahw0w11,Active organization classified as a funder in ROR; verify each call's external eligibility before applying.
bsu.edu.az,Azerbaijan,Azerbaijani,2024-12-11,http://bsu.edu.az/en/,Baku State University,AZ,az,ror_record_last_modified,2024-12-11,,2026-07-29T06:55:33+00:00,TimeoutError,unknown,research_funder,https://ror.org/054gw3b40,education; funder,https://ror.org/054gw3b40,Active organization classified as a funder in ROR; verify each call's external eligibility before applying.
aef.gov.az,Azerbaijan,Azerbaijani,2024-12-11,https://www.aef.gov.az,Elmin Inkişafı Fondu,AZ,az,ror_record_last_modified,2024-12-11,,2026-07-29T06:55:49+00:00,URLError,unknown,research_funder,https://ror.org/0372q6t83,government; funder,https://ror.org/0372q6t83,Active organization classified as a funder in ROR; verify each call's external eligibility before applying.
bas-net.by,Belarus,Belarusian|Russian,2024-12-11,http://fond.bas-net.by/default_eng.html,Belarusian Republican Foundation for Fundamental Research,BY,be|ru,ror_record_last_modified,2024-12-11,,2026-07-29T06:55:49+00:00,TimeoutError,unknown,research_funder,https://ror.org/00kxash64,government; funder,https://ror.org/00kxash64,Active organization classified as a funder in ROR; verify each call's external eligibility before applying.
bsu.by,Belarus,Belarusian|Russian,2024-12-11,https://bsu.by,Belarusian State University,BY,be|ru,ror_record_last_modified,2024-12-11,,2026-07-29T06:55:34+00:00,URLError,unknown,research_funder,https://ror.org/021036w13,education; funder,https://ror.org/021036w13,Active organization classified as a funder in ROR; verify each call's external eligibility before applying.
basnet.by,Belarus,Belarusian|Russian,2026-06-23,https://economics.basnet.by,Institute of Economics of the National Academy of Sciences of Belarus,BY,be|ru,ror_record_last_modified,2026-06-23,,2026-07-29T06:54:59+00:00,URLError,unknown,research_funder,https://ror.org/00g4egj48,facility; funder,https://ror.org/00g4egj48,Active organization classified as a funder in ROR; verify each call's external eligibility before applying.
gov.by,Belarus,Belarusian|Russian,2024-12-11,http://nasb.gov.by/eng/,National Academy of Sciences of Belarus,BY,be|ru,ror_record_last_modified,2024-12-11,,2026-07-29T06:55:15+00:00,TimeoutError,unknown,research_funder,https://ror.org/02j8pe645,government; funder,https://ror.org/02j8pe645,Active organization classified as a funder in ROR; verify each call's external eligibility before applying.
bekaert.com,Belgium,Dutch|French|German,2026-07-20,http://www.bekaert.com/,Bekaert (Belgium),BE,nl|fr|de,ror_record_last_modified,2026-07-20,,2026-07-29T06:56:45+00:00,RemoteDisconnected,unknown,research_funder,https://ror.org/00d5z2352,company; funder,https://ror.org/00d5z2352,Active organization classified as a funder in ROR; verify each call's external eligibility before applying.
sckcen.be,Belgium,Dutch|French|German,2026-07-20,https://www.sckcen.be/en,Belgian Nuclear Research Centre,BE,nl|fr|de,ror_record_last_modified,2026-07-20,,2026-07-29T06:56:43+00:00,URLError,unknown,research_funder,https://ror.org/020xs5r81,facility; funder,https://ror.org/020xs5r81,Active organization classified as a funder in ROR; verify each call's external eligibility before applying.
croplifeeurope.eu,Belgium,Dutch|French|German,2026-07-20,https://croplifeeurope.eu,CropLife Europe,BE,nl|fr|de,ror_record_last_modified,2026-07-20,,2026-07-29T06:56:44+00:00,URLError,unknown,research_funder,https://ror.org/0052p9r78,funder; nonprofit,https://ror.org/0052p9r78,Active organization classified as a funder in ROR; verify each call's external eligibility before applying.
eurocontrol.int,Belgium,Dutch|French|German,2026-07-20,http://www.eurocontrol.int/,Eurocontrol,BE,nl|fr|de,ror_record_last_modified,2026-07-20,,2026-07-29T06:56:44+00:00,RemoteDisconnected,unknown,research_funder,https://ror.org/050r3h664,funder; other,https://ror.org/050r3h664,Active organization classified as a funder in ROR; verify each call's external eligibility before applying.
eatcs.org,Belgium,Dutch|French|German,2026-07-20,https://eatcs.org,European Association for Theoretical Computer Science,BE,nl|fr|de,ror_record_last_modified,2026-07-20,,2026-07-29T06:56:44+00:00,URLError,unknown,research_funder,https://ror.org/00gvwav56,funder; nonprofit,https://ror.org/00gvwav56,Active organization classified as a funder in ROR; verify each call's external eligibility before applying.
eans.org,Belgium,Dutch|French|German,2026-07-20,https://www.eans.org,European Association of Neurosurgical Societies,BE,nl|fr|de,ror_record_last_modified,2026-07-20,,2026-07-29T06:56:44+00:00,URLError,unknown,research_funder,https://ror.org/00qj6wa70,funder; nonprofit,https://ror.org/00qj6wa70,Active organization classified as a funder in ROR; verify each call's external eligibility before applying.
ectsoc.org,Belgium,Dutch|French|German,2026-06-23,https://ectsoc.org,European Calcified Tissue Society,BE,nl|fr|de,ror_record_last_modified,2026-06-23,,2026-07-29T06:56:45+00:00,URLError,unknown,research_funder,https://ror.org/02g33sh54,funder; nonprofit,https://ror.org/02g33sh54,Active organization classified as a funder in ROR; verify each call's external eligibility before applying.
cost.eu,Belgium,Dutch|French|German,2026-07-20,http://www.cost.eu/,European Cooperation in Science and Technology,BE,nl|fr|de,ror_record_last_modified,2026-07-20,,2026-07-29T06:56:45+00:00,RemoteDisconnected,unknown,research_funder,https://ror.org/01bstzn19,funder; other,https://ror.org/01bstzn19,Active organization classified as a funder in ROR; verify each call's external eligibility before applying.
efpa.eu,Belgium,Dutch|French|German,2026-06-23,https://www.efpa.eu,European Federation of Psychologists' Associations,BE,nl|fr|de,ror_record_last_modified,2026-06-23,,2026-07-29T06:56:45+00:00,URLError,unknown,research_funder,https://ror.org/03ggvtm67,funder; nonprofit,https://ror.org/03ggvtm67,Active organization classified as a funder in ROR; verify each call's external eligibility before applying.
siope.eu,Belgium,Dutch|French|German,2026-07-20,https://www.siope.eu/,European Society for Paediatric Oncology,BE,nl|fr|de,ror_record_last_modified,2026-07-20,,2026-07-29T06:56:37+00:00,URLError,unknown,research_funder,https://ror.org/0186mhr93,funder; other,https://ror.org/0186mhr93,Active organization classified as a funder in ROR; verify each call's external eligibility before applying.
escrh.eu,Belgium,Dutch|French|German,2026-06-23,https://escrh.eu,European Society of Contraception and Reproductive Health,BE,nl|fr|de,ror_record_last_modified,2026-06-23,,2026-07-29T06:56:45+00:00,URLError,unknown,research_funder,https://ror.org/005a7ds31,funder; nonprofit,https://ror.org/005a7ds31,Active organization classified as a funder in ROR; verify each call's external eligibility before applying.
essoweb.org,Belgium,Dutch|French|German,2026-06-23,https://www.essoweb.org,European Society of Surgical Oncology,BE,nl|fr|de,ror_record_last_modified,2026-06-23,,2026-07-29T06:56:45+00:00,URLError,unknown,research_funder,https://ror.org/02efszc08,funder; nonprofit,https://ror.org/02efszc08,Active organization classified as a funder in ROR; verify each call's external eligibility before applying.
eyehopefoundation.org,Belgium,Dutch|French|German,2026-07-20,https://eyehopefoundation.org,Eye Hope Foundation,BE,nl|fr|de,ror_record_last_modified,2026-07-20,,2026-07-29T06:56:44+00:00,URLError,unknown,research_funder,https://ror.org/026qh6m85,funder; nonprofit,https://ror.org/026qh6m85,Active organization classified as a funder in ROR; verify each call's external eligibility before applying.
fens.org,Belgium,Dutch|French|German,2026-06-23,https://www.fens.org,Federation of European Neuroscience Societies,BE,nl|fr|de,ror_record_last_modified,2026-06-23,,2026-07-29T06:56:45+00:00,URLError,unknown,research_funder,https://ror.org/01b2g3h90,funder; nonprofit,https://ror.org/01b2g3h90,Active organization classified as a funder in ROR; verify each call's external eligibility before applying.
flandersmake.be,Belgium,Dutch|French|German,2026-07-20,https://www.flandersmake.be,Flanders Make (Belgium),BE,nl|fr|de,ror_record_last_modified,2026-07-20,,2026-07-29T06:56:44+00:00,URLError,unknown,research_funder,https://ror.org/02ndjfz59,company; funder,https://ror.org/02ndjfz59,Active organization classified as a funder in ROR; verify each call's external eligibility before applying.
fondsbailletlatour.com,Belgium,Dutch|French|German,2026-06-23,https://www.fondsbailletlatour.com,Fonds Baillet Latour,BE,nl|fr|de,ror_record_last_modified,2026-06-23,,2026-07-29T06:56:45+00:00,URLError,unknown,research_funder,https://ror.org/039grzt84,funder; nonprofit,https://ror.org/039grzt84,Active organization classified as a funder in ROR; verify each call's external eligibility before applying.
fruitjuicesciencecentre.eu,Belgium,Dutch|French|German,2026-07-20,https://fruitjuicesciencecentre.eu,Fruit Juice Science Centre,BE,nl|fr|de,ror_record_last_modified,2026-07-20,,2026-07-29T06:56:44+00:00,URLError,unknown,research_funder,https://ror.org/05nv31j87,funder; nonprofit,https://ror.org/05nv31j87,Active organization classified as a funder in ROR; verify each call's external eligibility before applying.
fro-online.org,Belgium,Dutch|French|German,2026-06-23,https://www.fro-online.org,Funds for Research in Ophthalmology,BE,nl|fr|de,ror_record_last_modified,2026-06-23,,2026-07-29T06:56:45+00:00,URLError,unknown,research_funder,https://ror.org/03dx3xy28,funder; nonprofit,https://ror.org/03dx3xy28,Active organization classified as a funder in ROR; verify each call's external eligibility before applying.
naturalsciences.be,Belgium,Dutch|French|German,2026-06-23,https://gsb.naturalsciences.be,Geological Survey of Belgium,BE,nl|fr|de,ror_record_last_modified,2026-06-23,,2026-07-29T06:56:45+00:00,URLError,unknown,research_funder,https://ror.org/045hf6s03,facility; funder; government,https://ror.org/045hf6s03,Active organization classified as a funder in ROR; verify each call's external eligibility before applying.
ugent.be,Belgium,Dutch|French|German,2026-07-20,https://www.ugent.be,Ghent University,BE,nl|fr|de,ror_record_last_modified,2026-07-20,,2026-07-29T06:56:27+00:00,URLError,unknown,research_funder,https://ror.org/00cv9y106,education; funder,https://ror.org/00cv9y106,Active organization classified as a funder in ROR; verify each call's external eligibility before applying.
innoviris.be,Belgium,Dutch|French|German,2026-07-20,http://www.innoviris.be/en?set_language=en,Innoviris,BE,nl|fr|de,ror_record_last_modified,2026-07-20,,2026-07-29T06:56:44+00:00,RemoteDisconnected,unknown,research_funder,https://ror.org/04af9zr29,facility; funder,https://ror.org/04af9zr29,Active organization classified as a funder in ROR; verify each call's external eligibility before applying.
bornbunge.org,Belgium,Dutch|French|German,2026-07-20,https://bornbunge.org,Institute Born-Bunge,BE,nl|fr|de,ror_record_last_modified,2026-07-20,,2026-07-29T06:56:45+00:00,URLError,unknown,research_funder,https://ror.org/01t44jj41,education; funder; nonprofit,https://ror.org/01t44jj41,Active organization classified as a funder in ROR; verify each call's external eligibility before applying.
ilsi.org,Belgium,Dutch|French|German,2026-07-20,http://www.ilsi.org/Europe/Pages/HomePage.aspx,International Life Sciences Institute Europe,BE,nl|fr|de,ror_record_last_modified,2026-07-20,,2026-07-29T06:56:44+00:00,RemoteDisconnected,unknown,research_funder,https://ror.org/01t1g3y18,funder; nonprofit,https://ror.org/01t1g3y18,Active organization classified as a funder in ROR; verify each call's external eligibility before applying.
sweeteners.org,Belgium,Dutch|French|German,2026-06-23,https://www.sweeteners.org,International Sweeteners Association,BE,nl|fr|de,ror_record_last_modified,2026-06-23,,2026-07-29T06:56:45+00:00,URLError,unknown,research_funder,https://ror.org/00j4e7r82,funder; nonprofit,https://ror.org/00j4e7r82,Active organization classified as a funder in ROR; verify each call's external eligibility before applying.
kdigo.org,Belgium,Dutch|French|German,2026-07-20,https://kdigo.org,Kidney Disease: Improving Global Outcomes,BE,nl|fr|de,ror_record_last_modified,2026-07-20,,2026-07-29T06:56:44+00:00,URLError,unknown,research_funder,https://ror.org/02v233898,funder; nonprofit,https://ror.org/02v233898,Active organization classified as a funder in ROR; verify each call's external eligibility before applying.
aipb.be,Belgium,Dutch|French|German,2026-07-20,https://aipb.be,Les Amis des Instituts Pasteur à Bruxelles,BE,nl|fr|de,ror_record_last_modified,2026-07-20,,2026-07-29T06:56:45+00:00,URLError,unknown,research_funder,https://ror.org/026wyqd33,funder; nonprofit,https://ror.org/026wyqd33,Active organization classified as a funder in ROR; verify each call's external eligibility before applying.
melissafoundation.org,Belgium,Dutch|French|German,2026-06-23,https://www.melissafoundation.org,MELiSSA Foundation,BE,nl|fr|de,ror_record_last_modified,2026-06-23,,2026-07-29T06:56:45+00:00,URLError,unknown,research_funder,https://ror.org/01x0tqm86,funder; nonprofit,https://ror.org/01x0tqm86,Active organization classified as a funder in ROR; verify each call's external eligibility before applying.
fondsmmdelacroix.be,Belgium,Dutch|French|German,2026-06-23,https://www.fondsmmdelacroix.be,Marguerite-Marie Delacroix Support Fund,BE,nl|fr|de,ror_record_last_modified,2026-06-23,,2026-07-29T06:56:45+00:00,URLError,unknown,research_funder,https://ror.org/03r9tht68,funder; nonprofit,https://ror.org/03r9tht68,Active organization classified as a funder in ROR; verify each call's external eligibility before applying.
mars.com,Belgium,Dutch|French|German,2026-07-20,https://www.mars.com/our-brands/petcare,Mars Petcare (Belgium),BE,nl|fr|de,ror_record_last_modified,2026-07-20,,2026-07-29T06:56:44+00:00,URLError,unknown,research_funder,https://ror.org/0351xyg20,company; funder,https://ror.org/0351xyg20,Active organization classified as a funder in ROR; verify each call's external eligibility before applying.
naxys.be,Belgium,Dutch|French|German,2026-07-20,https://www.naxys.be,Namur Institute for Complex Systems,BE,nl|fr|de,ror_record_last_modified,2026-07-20,,2026-07-29T06:56:44+00:00,URLError,unknown,research_funder,https://ror.org/05ezwr821,facility; funder,https://ror.org/05ezwr821,Active organization classified as a funder in ROR; verify each call's external eligibility before applying.
nbb.be,Belgium,Dutch|French|German,2026-07-20,https://www.nbb.be/en/language-picker,National Bank of Belgium,BE,nl|fr|de,ror_record_last_modified,2026-07-20,,2026-07-29T06:56:44+00:00,URLError,unknown,research_funder,https://ror.org/054jfj847,funder; government,https://ror.org/054jfj847,Active organization classified as a funder in ROR; verify each call's external eligibility before applying.
pomwvl.be,Belgium,Dutch|French|German,2026-07-20,https://www.pomwvl.be,POM West-Vlaanderen,BE,nl|fr|de,ror_record_last_modified,2026-07-20,,2026-07-29T06:56:44+00:00,URLError,unknown,research_funder,https://ror.org/01hc4ah48,funder; government,https://ror.org/01hc4ah48,Active organization classified as a funder in ROR; verify each call's external eligibility before applying.
limburg.be,Belgium,Dutch|French|German,2026-06-23,https://www.limburg.be,Province of Limburg,BE,nl|fr|de,ror_record_last_modified,2026-06-23,,2026-07-29T06:56:45+00:00,URLError,unknown,research_funder,https://ror.org/03perq588,funder; government,https://ror.org/03perq588,Active organization classified as a funder in ROR; verify each call's external eligibility before applying.
west-vlaanderen.be,Belgium,Dutch,2026-07-29,https://www.west-vlaanderen.be,Province of West Flanders,BE,nl,http_last_modified,2026-07-20,2026-07-29,2026-07-29T06:54:59+00:00,200,yes,research_funder,https://ror.org/04dwr8w55,funder; government,https://ror.org/04dwr8w55,Active organization classified as a funder in ROR; verify each call's external eligibility before applying.
fmre-gske.be,Belgium,Dutch|French|German,2026-06-23,http://www.fmre-gske.be/pages/en,Queen Elisabeth Medical Foundation,BE,nl|fr|de,ror_record_last_modified,2026-06-23,,2026-07-29T06:56:45+00:00,RemoteDisconnected,unknown,research_funder,https://ror.org/030x5z418,funder; nonprofit,https://ror.org/030x5z418,Active organization classified as a funder in ROR; verify each call's external eligibility before applying.
kuleuven.be,Belgium,Dutch|French|German,2026-07-20,https://rega.kuleuven.be/about,Rega Foundation,BE,nl|fr|de,ror_record_last_modified,2026-07-20,,2026-07-29T06:56:44+00:00,URLError,unknown,research_funder,https://ror.org/032ckrb66,funder; nonprofit,https://ror.org/032ckrb66,Active organization classified as a funder in ROR; verify each call's external eligibility before applying.
sesarju.eu,Belgium,Dutch|French|German,2026-07-20,https://www.sesarju.eu,SESAR Joint Undertaking,BE,nl|fr|de,ror_record_last_modified,2026-07-20,,2026-07-29T06:56:43+00:00,URLError,unknown,research_funder,https://ror.org/042r3zc18,funder; government,https://ror.org/042r3zc18,Active organization classified as a funder in ROR; verify each call's external eligibility before applying.
sciensano.be,Belgium,Dutch|French|German,2026-07-20,https://www.sciensano.be/,Sciensano (Belgium),BE,nl|fr|de,ror_record_last_modified,2026-07-20,,2026-07-29T06:56:44+00:00,URLError,unknown,research_funder,https://ror.org/04ejags36,company; funder,https://ror.org/04ejags36,Active organization classified as a funder in ROR; verify each call's external eligibility before applying.
fgov.be,Belgium,Dutch|French|German,2026-07-20,https://economie.fgov.be,Service Public Fédéral Économie,BE,nl|fr|de,ror_record_last_modified,2026-07-20,,2026-07-29T06:56:44+00:00,URLError,unknown,research_funder,https://ror.org/044xw2q20,funder; government,https://ror.org/044xw2q20,Active organization classified as a funder in ROR; verify each call's external eligibility before applying.
kanker.be,Belgium,Dutch|French|German,2026-06-23,http://www.kanker.be/,Stichting tegen Kanker,BE,nl|fr|de,ror_record_last_modified,2026-06-23,,2026-07-29T06:56:45+00:00,RemoteDisconnected,unknown,research_funder,https://ror.org/01h3dr788,education; funder,https://ror.org/01h3dr788,Active organization classified as a funder in ROR; verify each call's external eligibility before applying.
uzbrussel.be,Belgium,Dutch|French|German,2026-07-20,https://www.uzbrussel.be,Universitair Ziekenhuis Brussel,BE,nl|fr|de,ror_record_last_modified,2026-07-20,,2026-07-29T06:56:03+00:00,URLError,unknown,research_funder,https://ror.org/038f7y939,funder; healthcare,https://ror.org/038f7y939,Active organization classified as a funder in ROR; verify each call's external eligibility before applying.
umons.ac.be,Belgium,Dutch|French|German,2026-07-20,https://web.umons.ac.be,University of Mons,BE,nl|fr|de,ror_record_last_modified,2026-07-20,,2026-07-29T06:56:19+00:00,URLError,unknown,research_funder,https://ror.org/02qnnz951,education; funder,https://ror.org/02qnnz951,Active organization classified as a funder in ROR; verify each call's external eligibility before applying.
vib.be,Belgium,Dutch|French|German,2026-07-20,https://vib.be/,Vlaams Instituut voor Biotechnologie,BE,nl|fr|de,ror_record_last_modified,2026-07-20,,2026-07-29T06:55:50+00:00,URLError,unknown,research_funder,https://ror.org/03xrhmk39,facility; funder,https://ror.org/03xrhmk39,Active organization classified as a funder in ROR; verify each call's external eligibility before applying.
vvge.be,Belgium,Dutch|French|German,2026-07-20,https://www.vvge.be,Vlaamse Vereniging voor Gastro-enterologie,BE,nl|fr|de,ror_record_last_modified,2026-07-20,,2026-07-29T06:55:37+00:00,URLError,unknown,research_funder,https://ror.org/0034nc265,funder; nonprofit,https://ror.org/0034nc265,Active organization classified as a funder in ROR; verify each call's external eligibility before applying.
wallonie.be,Belgium,Dutch|French|German,2026-07-20,http://gouvernement.wallonie.be/,Walloon Government,BE,nl|fr|de,ror_record_last_modified,2026-07-20,,2026-07-29T06:55:15+00:00,TimeoutError,unknown,research_funder,https://ror.org/00jv65847,funder; government,https://ror.org/00jv65847,Active organization classified as a funder in ROR; verify each call's external eligibility before applying.
fmon.gov.ba,Bosnia and Herzegovina,Bosnian|Croatian|Serbian,2024-12-11,http://www.fmon.gov.ba/,Federalno Ministarstvo Obrazovanja i Nauke,BA,bs|hr|sr,ror_record_last_modified,2024-12-11,,2026-07-29T06:55:53+00:00,TimeoutError,unknown,research_funder,https://ror.org/0355d0s55,government; funder,https://ror.org/0355d0s55,Active organization classified as a funder in ROR; verify each call's external eligibility before applying.
mcp.gov.ba,Bosnia and Herzegovina,Bosnian|Croatian|Serbian,2024-12-11,http://www.mcp.gov.ba/,Ministry of Civil Affairs,BA,bs|hr|sr,ror_record_last_modified,2024-12-11,,2026-07-29T06:55:39+00:00,TimeoutError,unknown,research_funder,https://ror.org/01h20c209,government; funder,https://ror.org/01h20c209,Active organization classified as a funder in ROR; verify each call's external eligibility before applying.
vladars.rs,Bosnia and Herzegovina,Bosnian|Croatian|Serbian,2026-06-23,https://vladars.rs/vlada/ministries/MST/Pages/default.aspx,Ministry of Scientific and Technological Development and Higher Education,BA,bs|hr|sr,ror_record_last_modified,2026-06-23,,2026-07-29T06:54:59+00:00,404,yes,research_funder,https://ror.org/018q5n510,funder; government,https://ror.org/018q5n510,Active organization classified as a funder in ROR; verify each call's external eligibility before applying.
unsa.ba,Bosnia and Herzegovina,Bosnian|Croatian|Serbian,2025-10-28,https://unsa.ba,University of Sarajevo,BA,bs|hr|sr,ror_record_last_modified,2025-10-28,,2026-07-29T06:55:21+00:00,URLError,unknown,research_funder,https://ror.org/02hhwgd43,education; funder,https://ror.org/02hhwgd43,Active organization classified as a funder in ROR; verify each call's external eligibility before applying.
arcsofia.org,Bulgaria,Bulgarian,2024-12-11,http://arcsofia.org/,American Research Center in Sofia Foundation,BG,bg,ror_record_last_modified,2024-12-11,,2026-07-29T06:56:44+00:00,RemoteDisconnected,unknown,research_funder,https://ror.org/01seepq35,nonprofit; funder,https://ror.org/01seepq35,Active organization classified as a funder in ROR; verify each call's external eligibility before applying.
uni-ruse.bg,Bulgaria,Bulgarian,2024-12-11,https://www.uni-ruse.bg,Angel Kanchev University of Ruse,BG,bg,ror_record_last_modified,2024-12-11,,2026-07-29T06:56:27+00:00,URLError,unknown,research_funder,https://ror.org/01g09ef73,education; funder,https://ror.org/01g09ef73,Active organization classified as a funder in ROR; verify each call's external eligibility before applying.
bas.bg,Bulgaria,Bulgarian,2025-06-24,https://www.bas.bg,Bulgarian Academy of Sciences,BG,bg,ror_record_last_modified,2025-06-24,,2026-07-29T06:56:03+00:00,URLError,unknown,research_funder,https://ror.org/01x8hew03,funder; government,https://ror.org/01x8hew03,Active organization classified as a funder in ROR; verify each call's external eligibility before applying.
biodiversity.bg,Bulgaria,Bulgarian,2024-12-11,http://bbf.biodiversity.bg/en/,Bulgarian Biodiversity Foundation,BG,bg,ror_record_last_modified,2024-12-11,,2026-07-29T06:56:44+00:00,RemoteDisconnected,unknown,research_funder,https://ror.org/0531yb032,other; funder,https://ror.org/0531yb032,Active organization classified as a funder in ROR; verify each call's external eligibility before applying.
fni.bg,Bulgaria,Bulgarian,2024-12-11,http://www.fni.bg/,Bulgarian Science Fund,BG,bg,ror_record_last_modified,2024-12-11,,2026-07-29T06:56:44+00:00,ConnectionResetError,unknown,research_funder,https://ror.org/05eg49r29,government; funder,https://ror.org/05eg49r29,Active organization classified as a funder in ROR; verify each call's external eligibility before applying.
huvepharma.com,Bulgaria,Bulgarian,2024-12-11,http://www.huvepharma.com/,Huvepharma (Bulgaria),BG,bg,ror_record_last_modified,2024-12-11,,2026-07-29T06:56:44+00:00,RemoteDisconnected,unknown,research_funder,https://ror.org/05dw0xd38,company; funder,https://ror.org/05dw0xd38,Active organization classified as a funder in ROR; verify each call's external eligibility before applying.
mu-pleven.bg,Bulgaria,Bulgarian,2025-10-28,https://mu-pleven.bg/index.php/bg/,Medical University Pleven,BG,bg,ror_record_last_modified,2025-10-28,,2026-07-29T06:55:55+00:00,URLError,unknown,research_funder,https://ror.org/049ztct72,education; funder,https://ror.org/049ztct72,Active organization classified as a funder in ROR; verify each call's external eligibility before applying.
mu-sofia.bg,Bulgaria,Bulgarian,2024-12-11,http://www.mu-sofia.bg/,Medical University of Sofia,BG,bg,ror_record_last_modified,2024-12-11,,2026-07-29T06:56:44+00:00,RemoteDisconnected,unknown,research_funder,https://ror.org/01n9zy652,education; funder,https://ror.org/01n9zy652,Active organization classified as a funder in ROR; verify each call's external eligibility before applying.
mu-varna.bg,Bulgaria,Bulgarian,2024-12-11,https://www.mu-varna.bg,Medical University of Varna,BG,bg,ror_record_last_modified,2024-12-11,,2026-07-29T06:56:44+00:00,URLError,unknown,research_funder,https://ror.org/03jkshc47,education; funder,https://ror.org/03jkshc47,Active organization classified as a funder in ROR; verify each call's external eligibility before applying.
mon.bg,Bulgaria,Bulgarian,2024-12-11,http://www.mon.bg/,Ministry of Education and Science,BG,bg,ror_record_last_modified,2024-12-11,,2026-07-29T06:56:44+00:00,RemoteDisconnected,unknown,research_funder,https://ror.org/053pcb396,government; funder,https://ror.org/053pcb396,Active organization classified as a funder in ROR; verify each call's external eligibility before applying.
nbu.bg,Bulgaria,Bulgarian,2024-12-11,https://nbu.bg,New Bulgarian University,BG,bg,ror_record_last_modified,2024-12-11,,2026-07-29T06:56:44+00:00,URLError,unknown,research_funder,https://ror.org/002qhr126,education; funder,https://ror.org/002qhr126,Active organization classified as a funder in ROR; verify each call's external eligibility before applying.
uni-plovdiv.bg,Bulgaria,Bulgarian,2026-07-20,https://uni-plovdiv.bg/,Plovdiv University,BG,bg,ror_record_last_modified,2026-07-20,,2026-07-29T06:54:59+00:00,200,yes,research_funder,https://ror.org/0545p3742,education; funder,https://ror.org/0545p3742,Active organization classified as a funder in ROR; verify each call's external eligibility before applying.
shu.bg,Bulgaria,Bulgarian,2024-12-11,https://www.shu.bg,Shumen University,BG,bg,ror_record_last_modified,2024-12-11,,2026-07-29T06:56:44+00:00,URLError,unknown,research_funder,https://ror.org/03yht3k11,education; funder,https://ror.org/03yht3k11,Active organization classified as a funder in ROR; verify each call's external eligibility before applying.
tugab.bg,Bulgaria,Bulgarian,2024-12-11,https://www.tugab.bg,Technical University of Gabrovo,BG,bg,ror_record_last_modified,2024-12-11,,2026-07-29T06:56:43+00:00,URLError,unknown,research_funder,https://ror.org/028d5by70,education; funder,https://ror.org/028d5by70,Active organization classified as a funder in ROR; verify each call's external eligibility before applying.
tu-sofia.bg,Bulgaria,Bulgarian,2024-12-11,http://www.tu-sofia.bg/,Technical University of Sofia,BG,bg,ror_record_last_modified,2024-12-11,,2026-07-29T06:56:43+00:00,RemoteDisconnected,unknown,research_funder,https://ror.org/052prhs50,education; funder,https://ror.org/052prhs50,Active organization classified as a funder in ROR; verify each call's external eligibility before applying.
tu-varna.bg,Bulgaria,Bulgarian,2026-07-20,http://new.tu-varna.bg/en/index.php/bg/,Technical University of Varna,BG,bg,ror_record_last_modified,2026-07-20,,2026-07-29T06:55:23+00:00,TimeoutError,unknown,research_funder,https://ror.org/03zrwm897,education; funder,https://ror.org/03zrwm897,Active organization classified as a funder in ROR; verify each call's external eligibility before applying.
trakia-uni.bg,Bulgaria,Bulgarian,2026-06-02,https://trakia-uni.bg,Trakia University,BG,bg,ror_record_last_modified,2026-06-02,,2026-07-29T06:55:39+00:00,URLError,unknown,research_funder,https://ror.org/04p2cym91,education; funder,https://ror.org/04p2cym91,Active organization classified as a funder in ROR; verify each call's external eligibility before applying.
uacg.bg,Bulgaria,Bulgarian,2025-05-05,http://uacg.bg/?l=2,"University of Architecture, Civil Engineering and Geodesy",BG,bg,ror_record_last_modified,2025-05-05,,2026-07-29T06:56:19+00:00,TimeoutError,unknown,research_funder,https://ror.org/033cz7157,education; funder,https://ror.org/033cz7157,Active organization classified as a funder in ROR; verify each call's external eligibility before applying.
uctm.edu,Bulgaria,Bulgarian,2024-12-11,https://uctm.edu,University of Chemical Technology and Metallurgy,BG,bg,ror_record_last_modified,2024-12-11,,2026-07-29T06:56:38+00:00,URLError,unknown,research_funder,https://ror.org/0402pty94,education; funder,https://ror.org/0402pty94,Active organization classified as a funder in ROR; verify each call's external eligibility before applying.
unicath.hr,Croatia,Croatian,2026-07-20,https://www.unicath.hr,Catholic University of Croatia,HR,hr,ror_record_last_modified,2026-07-20,,2026-07-29T06:55:39+00:00,URLError,unknown,research_funder,https://ror.org/022991v89,education; funder,https://ror.org/022991v89,Active organization classified as a funder in ROR; verify each call's external eligibility before applying.
hazu.hr,Croatia,Croatian,2024-12-11,http://info.hazu.hr/hr/,Croatian Academy of Sciences and Arts,HR,hr,ror_record_last_modified,2024-12-11,,2026-07-29T06:56:44+00:00,RemoteDisconnected,unknown,research_funder,https://ror.org/03d04qg82,government; funder,https://ror.org/03d04qg82,Active organization classified as a funder in ROR; verify each call's external eligibility before applying.
hrzz.hr,Croatia,Croatian,2025-11-24,https://hrzz.hr,Croatian Science Foundation,HR,hr,ror_record_last_modified,2025-11-24,,2026-07-29T06:56:44+00:00,URLError,unknown,research_funder,https://ror.org/03n51vw80,funder; government,https://ror.org/03n51vw80,Active organization classified as a funder in ROR; verify each call's external eligibility before applying.
hiim.hr,Croatia,Croatian,2026-01-29,https://www.hiim.hr,Hrvatski institut za istraživanje mozga,HR,hr,ror_record_last_modified,2026-01-29,,2026-07-29T06:56:43+00:00,URLError,unknown,research_funder,https://ror.org/03hhshb57,facility; funder,https://ror.org/03hhshb57,Active organization classified as a funder in ROR; verify each call's external eligibility before applying.
gov.hr,Croatia,Croatian,2026-06-23,https://mzom.gov.hr,"Ministarstvo znanosti, obrazovanja i mladih",HR,hr,ror_record_last_modified,2026-06-23,,2026-07-29T06:55:55+00:00,URLError,unknown,research_funder,https://ror.org/0507etz14,funder; government,https://ror.org/0507etz14,Active organization classified as a funder in ROR; verify each call's external eligibility before applying.
min-kulture.hr,Croatia,Croatian,2024-12-11,http://www.min-kulture.hr/default.aspx?id=4616,Ministry of Culture of the Republic of Croatia,HR,hr,ror_record_last_modified,2024-12-11,,2026-07-29T06:56:44+00:00,ConnectionResetError,unknown,research_funder,https://ror.org/04h21q173,government; funder,https://ror.org/04h21q173,Active organization classified as a funder in ROR; verify each call's external eligibility before applying.
civilnodrustvo.hr,Croatia,Croatian,2026-06-23,https://zaklada.civilnodrustvo.hr,National Foundation for Civil Society Development,HR,hr,ror_record_last_modified,2026-06-23,,2026-07-29T06:56:03+00:00,URLError,unknown,research_funder,https://ror.org/052bqs477,funder,https://ror.org/052bqs477,Active organization classified as a funder in ROR; verify each call's external eligibility before applying.
irb.hr,Croatia,Croatian,2026-02-24,https://www.irb.hr,Ruđer Bošković Institute,HR,hr,ror_record_last_modified,2026-02-24,,2026-07-29T06:56:27+00:00,URLError,unknown,research_funder,https://ror.org/02mw21745,facility; funder,https://ror.org/02mw21745,Active organization classified as a funder in ROR; verify each call's external eligibility before applying.
dzzp.hr,Croatia,Croatian,2024-12-11,http://www.dzzp.hr/eng/,State Institute for Nature Protection,HR,hr,ror_record_last_modified,2024-12-11,,2026-07-29T06:56:44+00:00,RemoteDisconnected,unknown,research_funder,https://ror.org/00r3ztb37,government; funder,https://ror.org/00r3ztb37,Active organization classified as a funder in ROR; verify each call's external eligibility before applying.
adris.hr,Croatia,Croatian,2026-06-23,https://www.adris.hr,The Adris Foundation,HR,hr,ror_record_last_modified,2026-06-23,,2026-07-29T06:56:19+00:00,URLError,unknown,research_funder,https://ror.org/009087s27,funder; nonprofit,https://ror.org/009087s27,Active organization classified as a funder in ROR; verify each call's external eligibility before applying.
ukf.hr,Croatia,Croatian,2024-12-11,http://www.ukf.hr/default.aspx?id=26,Unity Through Knowledge Fund,HR,hr,ror_record_last_modified,2024-12-11,,2026-07-29T06:56:44+00:00,RemoteDisconnected,unknown,research_funder,https://ror.org/008c6se98,nonprofit; funder,https://ror.org/008c6se98,Active organization classified as a funder in ROR; verify each call's external eligibility before applying.
kbd.hr,Croatia,Croatian,2024-12-11,http://www.kbd.hr/,University Hospital Dubrava,HR,hr,ror_record_last_modified,2024-12-11,,2026-07-29T06:56:44+00:00,RemoteDisconnected,unknown,research_funder,https://ror.org/00mgfdc89,healthcare; funder,https://ror.org/00mgfdc89,Active organization classified as a funder in ROR; verify each call's external eligibility before applying.
unidu.hr,Croatia,Croatian,2026-07-20,https://www.unidu.hr,University of Dubrovnik,HR,hr,ror_record_last_modified,2026-07-20,,2026-07-29T06:55:23+00:00,URLError,unknown,research_funder,https://ror.org/05yptqp13,education; funder,https://ror.org/05yptqp13,Active organization classified as a funder in ROR; verify each call's external eligibility before applying.
unios.hr,Croatia,Croatian,2025-12-15,https://www.unios.hr/,University of Osijek,HR,hr,ror_record_last_modified,2025-12-15,,2026-07-29T06:56:43+00:00,URLError,unknown,research_funder,https://ror.org/05sw4wc49,education; funder,https://ror.org/05sw4wc49,Active organization classified as a funder in ROR; verify each call's external eligibility before applying.
unist.hr,Croatia,Croatian,2026-01-29,https://www.unist.hr,University of Split,HR,hr,ror_record_last_modified,2026-01-29,,2026-07-29T06:56:41+00:00,URLError,unknown,research_funder,https://ror.org/00m31ft63,education; funder,https://ror.org/00m31ft63,Active organization classified as a funder in ROR; verify each call's external eligibility before applying.
unizg.hr,Croatia,Croatian,2026-07-20,http://www.unizg.hr/,University of Zagreb,HR,hr,ror_record_last_modified,2026-07-20,,2026-07-29T06:54:59+00:00,TimeoutError,unknown,research_funder,https://ror.org/00mv6sv71,education; funder,https://ror.org/00mv6sv71,Active organization classified as a funder in ROR; verify each call's external eligibility before applying.
caari.org,Cyprus,Greek|Turkish,2024-12-11,http://www.caari.org/,Cyprus American Archaeological Research Institute,CY,el|tr,ror_record_last_modified,2024-12-11,,2026-07-29T06:56:27+00:00,TimeoutError,unknown,research_funder,https://ror.org/031yzhe66,nonprofit; funder,https://ror.org/031yzhe66,Active organization classified as a funder in ROR; verify each call's external eligibility before applying.
cut.ac.cy,Cyprus,Greek|Turkish,2024-12-11,https://www.cut.ac.cy,Cyprus University of Technology,CY,el|tr,ror_record_last_modified,2024-12-11,,2026-07-29T06:56:19+00:00,URLError,unknown,research_funder,https://ror.org/05qt8tf94,education; funder,https://ror.org/05qt8tf94,Active organization classified as a funder in ROR; verify each call's external eligibility before applying.
gov.cy,Cyprus,Greek|Turkish,2026-07-20,https://www.gov.cy/dmrid/en/,"Deputy Ministry of Research, Innovation and Digital Policy",CY,el|tr,ror_record_last_modified,2026-07-20,,2026-07-29T06:54:59+00:00,403,yes,research_funder,https://ror.org/05mrcx604,funder; government,https://ror.org/05mrcx604,Active organization classified as a funder in ROR; verify each call's external eligibility before applying.
emrbi.org,Cyprus,Greek|Turkish,2026-06-23,https://emrbi.org,EuroMed Research Business Institute (Cyprus),CY,el|tr,ror_record_last_modified,2026-06-23,,2026-07-29T06:55:23+00:00,URLError,unknown,research_funder,https://ror.org/049eeqb87,company; funder,https://ror.org/049eeqb87,Active organization classified as a funder in ROR; verify each call's external eligibility before applying.
research.org.cy,Cyprus,Greek|Turkish,2024-12-11,https://www.research.org.cy,Research and Innovation Foundation,CY,el|tr,ror_record_last_modified,2024-12-11,,2026-07-29T06:56:03+00:00,URLError,unknown,research_funder,https://ror.org/00en9ce74,nonprofit; funder,https://ror.org/00en9ce74,Active organization classified as a funder in ROR; verify each call's external eligibility before applying.
ucy.ac.cy,Cyprus,Greek|Turkish,2025-01-22,https://www.ucy.ac.cy,University of Cyprus,CY,el|tr,ror_record_last_modified,2025-01-22,,2026-07-29T06:55:39+00:00,URLError,unknown,research_funder,https://ror.org/02qjrjx09,education; funder,https://ror.org/02qjrjx09,Active organization classified as a funder in ROR; verify each call's external eligibility before applying.
unic.ac.cy,Cyprus,Greek|Turkish,2024-12-11,https://www.unic.ac.cy,University of Nicosia,CY,el|tr,ror_record_last_modified,2024-12-11,,2026-07-29T06:55:55+00:00,URLError,unknown,research_funder,https://ror.org/04v18t651,education; funder,https://ror.org/04v18t651,Active organization classified as a funder in ROR; verify each call's external eligibility before applying.
vutbr.cz,Czechia,Czech,2026-06-02,https://www.vut.cz,Brno University of Technology,CZ,cs,ror_record_last_modified,2026-06-02,,2026-07-29T06:56:43+00:00,URLError,unknown,research_funder,https://ror.org/03613d656,education; funder,https://ror.org/03613d656,Active organization classified as a funder in ROR; verify each call's external eligibility before applying.
cuni.cz,Czechia,Czech,2026-07-20,https://www.cuni.cz,Charles University,CZ,cs,ror_record_last_modified,2026-07-20,,2026-07-29T06:56:05+00:00,URLError,unknown,research_funder,https://ror.org/024d6js02,education; funder,https://ror.org/024d6js02,Active organization classified as a funder in ROR; verify each call's external eligibility before applying.
vspj.cz,Czechia,Czech,2026-07-20,https://www.vspj.cz,College of Polytechnics Jihlava,CZ,cs,ror_record_last_modified,2026-07-20,,2026-07-29T06:54:59+00:00,URLError,unknown,research_funder,https://ror.org/05c4w7j07,education; funder,https://ror.org/05c4w7j07,Active organization classified as a funder in ROR; verify each call's external eligibility before applying.
avcr.cz,Czechia,Czech,2026-03-12,http://www.avcr.cz/,Czech Academy of Sciences,CZ,cs,ror_record_last_modified,2026-03-12,,2026-07-29T06:56:44+00:00,RemoteDisconnected,unknown,research_funder,https://ror.org/053avzc18,funder; government,https://ror.org/053avzc18,Active organization classified as a funder in ROR; verify each call's external eligibility before applying.
cas.cz,Czechia,Czech,2025-03-26,https://www.bc.cas.cz,"Czech Academy of Sciences, Biology Centre",CZ,cs,ror_record_last_modified,2025-03-26,,2026-07-29T06:56:44+00:00,URLError,unknown,research_funder,https://ror.org/05pq4yn02,facility; funder,https://ror.org/05pq4yn02,Active organization classified as a funder in ROR; verify each call's external eligibility before applying.
ibp.cz,Czechia,Czech,2025-02-26,https://www.ibp.cz,"Czech Academy of Sciences, Institute of Biophysics",CZ,cs,ror_record_last_modified,2025-02-26,,2026-07-29T06:56:45+00:00,URLError,unknown,research_funder,https://ror.org/00angvn73,facility; funder,https://ror.org/00angvn73,Active organization classified as a funder in ROR; verify each call's external eligibility before applying.
mbucas.cz,Czechia,Czech,2025-03-26,https://mbucas.cz,"Czech Academy of Sciences, Institute of Microbiology",CZ,cs,ror_record_last_modified,2025-03-26,,2026-07-29T06:56:44+00:00,URLError,unknown,research_funder,https://ror.org/02p1jz666,facility; funder,https://ror.org/02p1jz666,Active organization classified as a funder in ROR; verify each call's external eligibility before applying.
uochb.cz,Czechia,Czech,2025-03-26,https://www.uochb.cz,"Czech Academy of Sciences, Institute of Organic Chemistry and Biochemistry",CZ,cs,ror_record_last_modified,2025-03-26,,2026-07-29T06:56:44+00:00,URLError,unknown,research_funder,https://ror.org/04nfjn472,facility; funder,https://ror.org/04nfjn472,Active organization classified as a funder in ROR; verify each call's external eligibility before applying.
phenogenomics.cz,Czechia,Czech,2025-03-26,https://www.phenogenomics.cz,Czech Centre for Phenogenomics,CZ,cs,ror_record_last_modified,2025-03-26,,2026-07-29T06:56:44+00:00,URLError,unknown,research_funder,https://ror.org/05m92zc22,funder; other,https://ror.org/05m92zc22,Active organization classified as a funder in ROR; verify each call's external eligibility before applying.
gacr.cz,Czechia,Czech,2026-03-31,https://gacr.cz,Czech Science Foundation,CZ,cs,ror_record_last_modified,2026-03-31,,2026-07-29T06:56:44+00:00,URLError,unknown,research_funder,https://ror.org/01pv73b02,funder; government,https://ror.org/01pv73b02,Active organization classified as a funder in ROR; verify each call's external eligibility before applying.
czu.cz,Czechia,Czech,2025-03-26,https://www.czu.cz,Czech University of Life Sciences Prague,CZ,cs,ror_record_last_modified,2025-03-26,,2026-07-29T06:56:44+00:00,URLError,unknown,research_funder,https://ror.org/0415vcw02,education; funder,https://ror.org/0415vcw02,Active organization classified as a funder in ROR; verify each call's external eligibility before applying.
experientia.cz,Czechia,Czech,2026-06-23,https://www.experientia.cz,Experientia Foundation,CZ,cs,ror_record_last_modified,2026-06-23,,2026-07-29T06:56:19+00:00,URLError,unknown,research_funder,https://ror.org/01v2k2a15,funder; nonprofit,https://ror.org/01v2k2a15,Active organization classified as a funder in ROR; verify each call's external eligibility before applying.
vfn.cz,Czechia,Czech,2024-12-11,https://www.vfn.cz,General University Hospital in Prague,CZ,cs,ror_record_last_modified,2024-12-11,,2026-07-29T06:56:45+00:00,URLError,unknown,research_funder,https://ror.org/04yg23125,funder; healthcare,https://ror.org/04yg23125,Active organization classified as a funder in ROR; verify each call's external eligibility before applying.
vstecb.cz,Czechia,Czech,2024-12-11,http://www.vstecb.cz/en/Institute-1308.html,Institute of Technology and Business,CZ,cs,ror_record_last_modified,2024-12-11,,2026-07-29T06:56:45+00:00,RemoteDisconnected,unknown,research_funder,https://ror.org/05a70k539,education; funder,https://ror.org/05a70k539,Active organization classified as a funder in ROR; verify each call's external eligibility before applying.
ujep.cz,Czechia,Czech,2025-07-15,https://www.ujep.cz,Jan Evangelista Purkyně University in Ústí nad Labem,CZ,cs,ror_record_last_modified,2025-07-15,,2026-07-29T06:56:44+00:00,URLError,unknown,research_funder,https://ror.org/04vjwcp92,education; funder,https://ror.org/04vjwcp92,Active organization classified as a funder in ROR; verify each call's external eligibility before applying.
muni.cz,Czechia,Czech,2025-06-24,https://www.muni.cz,Masaryk University,CZ,cs,ror_record_last_modified,2025-06-24,,2026-07-29T06:56:44+00:00,URLError,unknown,research_funder,https://ror.org/02j46qs45,education; funder,https://ror.org/02j46qs45,Active organization classified as a funder in ROR; verify each call's external eligibility before applying.
mgml.eu,Czechia,Czech,2025-03-26,https://mgml.eu,Materials Growth and Measurement Laboratory,CZ,cs,ror_record_last_modified,2025-03-26,,2026-07-29T06:56:44+00:00,URLError,unknown,research_funder,https://ror.org/020vvqg79,funder; other,https://ror.org/020vvqg79,Active organization classified as a funder in ROR; verify each call's external eligibility before applying.
mendelu.cz,Czechia,Czech,2024-12-11,https://mendelu.cz,Mendel University in Brno,CZ,cs,ror_record_last_modified,2024-12-11,,2026-07-29T06:56:45+00:00,URLError,unknown,research_funder,https://ror.org/058aeep47,education; funder,https://ror.org/058aeep47,Active organization classified as a funder in ROR; verify each call's external eligibility before applying.
mup.cz,Czechia,Czech,2024-12-11,https://www.mup.cz,Metropolitan University Prague,CZ,cs,ror_record_last_modified,2024-12-11,,2026-07-29T06:56:45+00:00,URLError,unknown,research_funder,https://ror.org/01zdaff53,education; funder,https://ror.org/01zdaff53,Active organization classified as a funder in ROR; verify each call's external eligibility before applying.
mkcr.cz,Czechia,Czech,2024-12-11,http://www.mkcr.cz/en/,Ministry of Culture,CZ,cs,ror_record_last_modified,2024-12-11,,2026-07-29T06:56:45+00:00,RemoteDisconnected,unknown,research_funder,https://ror.org/00fxxw604,funder; government,https://ror.org/00fxxw604,Active organization classified as a funder in ROR; verify each call's external eligibility before applying.
msmt.cz,Czechia,Czech,2024-12-11,http://www.msmt.cz/index.php?lang=2,Ministry of Education Youth and Sports,CZ,cs,ror_record_last_modified,2024-12-11,,2026-07-29T06:56:45+00:00,RemoteDisconnected,unknown,research_funder,https://ror.org/037n8p820,government; funder,https://ror.org/037n8p820,Active organization classified as a funder in ROR; verify each call's external eligibility before applying.
mzcr.cz,Czechia,Czech,2024-12-11,http://www.mzcr.cz/Cizinci/,Ministry of Health,CZ,cs,ror_record_last_modified,2024-12-11,,2026-07-29T06:56:45+00:00,RemoteDisconnected,unknown,research_funder,https://ror.org/00y6khe77,government; funder,https://ror.org/00y6khe77,Active organization classified as a funder in ROR; verify each call's external eligibility before applying.
mpo.cz,Czechia,Czech,2024-12-11,http://www.mpo.cz/,Ministry of Industry and Trade,CZ,cs,ror_record_last_modified,2024-12-11,,2026-07-29T06:56:45+00:00,RemoteDisconnected,unknown,research_funder,https://ror.org/03j4eb467,government; funder,https://ror.org/03j4eb467,Active organization classified as a funder in ROR; verify each call's external eligibility before applying.
mpsv.cz,Czechia,Czech,2024-12-11,http://www.mpsv.cz/en/,Ministry of Labour and Social Affairs,CZ,cs,ror_record_last_modified,2024-12-11,,2026-07-29T06:56:45+00:00,RemoteDisconnected,unknown,research_funder,https://ror.org/01bvj3e58,government; funder,https://ror.org/01bvj3e58,Active organization classified as a funder in ROR; verify each call's external eligibility before applying.
mdcr.cz,Czechia,Czech,2024-12-11,http://www.mdcr.cz/en/HomePage.htm,Ministry of Transport,CZ,cs,ror_record_last_modified,2024-12-11,,2026-07-29T06:56:45+00:00,RemoteDisconnected,unknown,research_funder,https://ror.org/00p9p2506,government; funder,https://ror.org/00p9p2506,Active organization classified as a funder in ROR; verify each call's external eligibility before applying.
mzp.cz,Czechia,Czech,2024-12-11,https://www.mzp.cz/,Ministry of the Environment of the Czech Republic,CZ,cs,ror_record_last_modified,2024-12-11,,2026-07-29T06:56:45+00:00,URLError,unknown,research_funder,https://ror.org/04e74dh47,government; funder,https://ror.org/04e74dh47,Active organization classified as a funder in ROR; verify each call's external eligibility before applying.
mvcr.cz,Czechia,Czech,2024-12-11,http://www.mvcr.cz/,Ministry of the Interior,CZ,cs,ror_record_last_modified,2024-12-11,,2026-07-29T06:56:45+00:00,RemoteDisconnected,unknown,research_funder,https://ror.org/05w1nn565,government; funder,https://ror.org/05w1nn565,Active organization classified as a funder in ROR; verify each call's external eligibility before applying.
nfneuron.cz,Czechia,Czech,2024-12-11,https://www.nfneuron.cz,Neuron Endowment Fund,CZ,cs,ror_record_last_modified,2024-12-11,,2026-07-29T06:56:45+00:00,URLError,unknown,research_funder,https://ror.org/01szwa973,nonprofit; funder,https://ror.org/01szwa973,Active organization classified as a funder in ROR; verify each call's external eligibility before applying.
upol.cz,Czechia,Czech,2025-04-28,https://www.upol.cz,Palacký University Olomouc,CZ,cs,ror_record_last_modified,2025-04-28,,2026-07-29T06:56:44+00:00,URLError,unknown,research_funder,https://ror.org/04qxnmv42,education; funder,https://ror.org/04qxnmv42,Active organization classified as a funder in ROR; verify each call's external eligibility before applying.
vse.cz,Czechia,Czech,2024-12-11,https://www.vse.cz,Prague University of Economics and Business,CZ,cs,ror_record_last_modified,2024-12-11,,2026-07-29T06:56:45+00:00,URLError,unknown,research_funder,https://ror.org/029ecwj92,education; funder,https://ror.org/029ecwj92,Active organization classified as a funder in ROR; verify each call's external eligibility before applying.
cvut.cz,Czechia,Czech,2026-06-23,https://rci.cvut.cz,Research Center for Informatics,CZ,cs,ror_record_last_modified,2026-06-23,,2026-07-29T06:56:27+00:00,URLError,unknown,research_funder,https://ror.org/02j8d3734,facility; funder,https://ror.org/02j8d3734,Active organization classified as a funder in ROR; verify each call's external eligibility before applying.
slu.cz,Czechia,Czech,2025-04-28,https://www.slu.cz,Silesian University in Opava,CZ,cs,ror_record_last_modified,2025-04-28,,2026-07-29T06:56:44+00:00,URLError,unknown,research_funder,https://ror.org/02w4f2z17,education; funder,https://ror.org/02w4f2z17,Active organization classified as a funder in ROR; verify each call's external eligibility before applying.
tul.cz,Czechia,Czech,2025-03-26,https://www.tul.cz,Technical University of Liberec,CZ,cs,ror_record_last_modified,2025-03-26,,2026-07-29T06:56:44+00:00,URLError,unknown,research_funder,https://ror.org/02jtk7k02,education; funder,https://ror.org/02jtk7k02,Active organization classified as a funder in ROR; verify each call's external eligibility before applying.
tacr.cz,Czechia,Czech,2026-06-02,https://www.tacr.cz,Technology Agency of the Czech Republic,CZ,cs,ror_record_last_modified,2026-06-02,,2026-07-29T06:56:43+00:00,URLError,unknown,research_funder,https://ror.org/04v0fk911,funder; other,https://ror.org/04v0fk911,Active organization classified as a funder in ROR; verify each call's external eligibility before applying.
utb.cz,Czechia,Czech,2026-06-02,https://www.utb.cz,Tomas Bata University in Zlín,CZ,cs,ror_record_last_modified,2026-06-02,,2026-07-29T06:56:43+00:00,URLError,unknown,research_funder,https://ror.org/04nayfw11,education; funder,https://ror.org/04nayfw11,Active organization classified as a funder in ROR; verify each call's external eligibility before applying.
fnmotol.cz,Czechia,Czech,2026-07-20,https://www.fnmotol.cz,University Hospital in Motol,CZ,cs,ror_record_last_modified,2026-07-20,,2026-07-29T06:55:55+00:00,URLError,unknown,research_funder,https://ror.org/0125yxn03,funder; healthcare,https://ror.org/0125yxn03,Active organization classified as a funder in ROR; verify each call's external eligibility before applying.
vscht.cz,Czechia,Czech,2025-03-26,https://www.vscht.cz,"University of Chemistry and Technology, Prague",CZ,cs,ror_record_last_modified,2025-03-26,,2026-07-29T06:56:44+00:00,URLError,unknown,research_funder,https://ror.org/05ggn0a85,education; funder,https://ror.org/05ggn0a85,Active organization classified as a funder in ROR; verify each call's external eligibility before applying.
vojenskaskola.cz,Czechia,Czech,2026-07-20,http://www.vojenskaskola.cz/en/isms/Pages/default.aspx,University of Defence,CZ,cs,ror_record_last_modified,2026-07-20,,2026-07-29T06:55:23+00:00,TimeoutError,unknown,research_funder,https://ror.org/04arkmn57,education; funder,https://ror.org/04arkmn57,Active organization classified as a funder in ROR; verify each call's external eligibility before applying.
uhk.cz,Czechia,Czech,2024-12-11,https://www.uhk.cz,University of Hradec Králové,CZ,cs,ror_record_last_modified,2024-12-11,,2026-07-29T06:56:45+00:00,URLError,unknown,research_funder,https://ror.org/05k238v14,education; funder,https://ror.org/05k238v14,Active organization classified as a funder in ROR; verify each call's external eligibility before applying.
osu.cz,Czechia,Czech,2024-12-11,https://www.osu.cz,University of Ostrava,CZ,cs,ror_record_last_modified,2024-12-11,,2026-07-29T06:56:45+00:00,URLError,unknown,research_funder,https://ror.org/00pyqav47,education; funder,https://ror.org/00pyqav47,Active organization classified as a funder in ROR; verify each call's external eligibility before applying.
upce.cz,Czechia,Czech,2026-07-20,https://www.upce.cz,University of Pardubice,CZ,cs,ror_record_last_modified,2026-07-20,,2026-07-29T06:55:39+00:00,URLError,unknown,research_funder,https://ror.org/01chzd453,education; funder,https://ror.org/01chzd453,Active organization classified as a funder in ROR; verify each call's external eligibility before applying.
jcu.cz,Czechia,Czech,2025-03-26,https://www.jcu.cz,University of South Bohemia in České Budějovice,CZ,cs,ror_record_last_modified,2025-03-26,,2026-07-29T06:56:44+00:00,URLError,unknown,research_funder,https://ror.org/033n3pw66,education; funder,https://ror.org/033n3pw66,Active organization classified as a funder in ROR; verify each call's external eligibility before applying.
vetuni.cz,Czechia,Czech,2024-12-11,https://www.vetuni.cz,University of Veterinary Sciences Brno,CZ,cs,ror_record_last_modified,2024-12-11,,2026-07-29T06:56:45+00:00,URLError,unknown,research_funder,https://ror.org/04rk6w354,education; funder,https://ror.org/04rk6w354,Active organization classified as a funder in ROR; verify each call's external eligibility before applying.
zcu.cz,Czechia,Czech,2026-01-15,https://www.zcu.cz,University of West Bohemia in Pilsen,CZ,cs,ror_record_last_modified,2026-01-15,,2026-07-29T06:56:44+00:00,URLError,unknown,research_funder,https://ror.org/040t43x18,education; funder,https://ror.org/040t43x18,Active organization classified as a funder in ROR; verify each call's external eligibility before applying.
vsb.cz,Czechia,Czech,2025-06-24,https://www.vsb.cz,VSB - Technical University of Ostrava,CZ,cs,ror_record_last_modified,2025-06-24,,2026-07-29T06:56:44+00:00,URLError,unknown,research_funder,https://ror.org/05x8mcb75,education; funder,https://ror.org/05x8mcb75,Active organization classified as a funder in ROR; verify each call's external eligibility before applying.
rm.dk,Denmark,Danish,2026-07-20,https://www.rm.dk/,Central Denmark Region,DK,da,ror_record_last_modified,2026-07-20,,2026-07-29T06:56:44+00:00,URLError,unknown,research_funder,https://ror.org/0247ay475,funder; government,https://ror.org/0247ay475,Active organization classified as a funder in ROR; verify each call's external eligibility before applying.
dtu.dk,Denmark,Danish,2026-07-20,https://danscatt.dtu.dk,DanScatt,DK,da,ror_record_last_modified,2026-07-20,,2026-07-29T06:56:45+00:00,URLError,unknown,research_funder,https://ror.org/04s7rj545,facility; funder,https://ror.org/04s7rj545,Active organization classified as a funder in ROR; verify each call's external eligibility before applying.
jordemoderforeningen.dk,Denmark,Danish,2026-07-20,https://jordemoderforeningen.dk,Danish Association of Midwives,DK,da,ror_record_last_modified,2026-07-20,,2026-07-29T06:56:45+00:00,URLError,unknown,research_funder,https://ror.org/036q3tr39,funder; nonprofit,https://ror.org/036q3tr39,Active organization classified as a funder in ROR; verify each call's external eligibility before applying.
erhvervsfremmebestyrelsen.dk,Denmark,Danish,2026-07-20,https://erhvervsfremmebestyrelsen.dk,Danish Board of Business Development,DK,da,ror_record_last_modified,2026-07-20,,2026-07-29T06:56:45+00:00,URLError,unknown,research_funder,https://ror.org/04t9xzx42,funder; government,https://ror.org/04t9xzx42,Active organization classified as a funder in ROR; verify each call's external eligibility before applying.
dcacademy.dk,Denmark,Danish,2026-07-20,https://dcacademy.dk,Danish Cardiovascular Academy,DK,da,ror_record_last_modified,2026-07-20,,2026-07-29T06:56:45+00:00,URLError,unknown,research_funder,https://ror.org/05c0k5d98,education; funder,https://ror.org/05c0k5d98,Active organization classified as a funder in ROR; verify each call's external eligibility before applying.
ddsa.dk,Denmark,Danish,2026-07-20,https://ddsa.dk,Danish Data Science Academy,DK,da,ror_record_last_modified,2026-07-20,,2026-07-29T06:56:45+00:00,URLError,unknown,research_funder,https://ror.org/05den4y72,funder; nonprofit,https://ror.org/05den4y72,Active organization classified as a funder in ROR; verify each call's external eligibility before applying.
friluftsraadet.dk,Denmark,Danish,2026-07-20,https://friluftsraadet.dk,Danish Outdoor Council,DK,da,ror_record_last_modified,2026-07-20,,2026-07-29T06:56:45+00:00,URLError,unknown,research_funder,https://ror.org/03hknnb41,funder; nonprofit,https://ror.org/03hknnb41,Active organization classified as a funder in ROR; verify each call's external eligibility before applying.
dpsnet.dk,Denmark,Danish,2026-07-20,https://dpsnet.dk,Danish Psychiatric Society,DK,da,ror_record_last_modified,2026-07-20,,2026-07-29T06:56:45+00:00,URLError,unknown,research_funder,https://ror.org/030e72e86,funder; nonprofit,https://ror.org/030e72e86,Active organization classified as a funder in ROR; verify each call's external eligibility before applying.
einarwillumsen.com,Denmark,Danish,2026-07-20,https://einarwillumsen.com,Einar Willumsen Foundation,DK,da,ror_record_last_modified,2026-07-20,,2026-07-29T06:56:45+00:00,URLError,unknown,research_funder,https://ror.org/02hhf2816,funder; nonprofit,https://ror.org/02hhf2816,Active organization classified as a funder in ROR; verify each call's external eligibility before applying.
elsassfonden.dk,Denmark,Danish,2026-07-20,http://elsassfonden.dk/,Elsass Foundation,DK,da,ror_record_last_modified,2026-07-20,,2026-07-29T06:56:45+00:00,RemoteDisconnected,unknown,research_funder,https://ror.org/04jck5r17,funder; nonprofit,https://ror.org/04jck5r17,Active organization classified as a funder in ROR; verify each call's external eligibility before applying.
danskfinancia.dk,Denmark,Danish,2026-07-20,https://danskfinancia.dk/about/ejerforhold/erik%20%26%20susanna%20olesens%20almenvelg%C3%B8rende%20fond.html,Erik og Susanna Olesens Almenvelgørende Fond,DK,da,ror_record_last_modified,2026-07-20,,2026-07-29T06:56:45+00:00,URLError,unknown,research_funder,https://ror.org/018rbmt95,funder; nonprofit,https://ror.org/018rbmt95,Active organization classified as a funder in ROR; verify each call's external eligibility before applying.
ecfs.eu,Denmark,Danish,2026-07-20,https://www.ecfs.eu,European Cystic Fibrosis Society,DK,da,ror_record_last_modified,2026-07-20,,2026-07-29T06:56:45+00:00,URLError,unknown,research_funder,https://ror.org/02br13w92,funder; nonprofit,https://ror.org/02br13w92,Active organization classified as a funder in ROR; verify each call's external eligibility before applying.
karlgandersenfond.dk,Denmark,Danish,2026-07-20,https://karlgandersenfond.dk,Fabrikant Karl G. Andersens (Anderssons) Fond,DK,da,ror_record_last_modified,2026-07-20,,2026-07-29T06:56:45+00:00,URLError,unknown,research_funder,https://ror.org/047p0bd89,funder; nonprofit,https://ror.org/047p0bd89,Active organization classified as a funder in ROR; verify each call's external eligibility before applying.
rltn.dk,Denmark,Danish,2026-07-20,https://rltn.dk/fonde/praksisfondene/fonden-for-almen-praksis/,Fonden for Almen Praksis,DK,da,ror_record_last_modified,2026-07-20,,2026-07-29T06:56:44+00:00,URLError,unknown,research_funder,https://ror.org/05j3rt081,funder; nonprofit,https://ror.org/05j3rt081,Active organization classified as a funder in ROR; verify each call's external eligibility before applying.
laeger.dk,Denmark,Danish,2026-07-20,https://laeger.dk/foreninger/faps/praksis-faps/kvalitet-og-forskning/fonden-for-faglig-udvikling-af-speciallaegepraksis,Fonden for Faglig Udvikling af Speciallægepraksis,DK,da,ror_record_last_modified,2026-07-20,,2026-07-29T06:56:44+00:00,URLError,unknown,research_funder,https://ror.org/02f5zkv70,funder; nonprofit,https://ror.org/02f5zkv70,Active organization classified as a funder in ROR; verify each call's external eligibility before applying.
irct.org,Denmark,Danish,2026-07-20,https://irct.org,International Rehabilitation Council for Torture Victims,DK,da,ror_record_last_modified,2026-07-20,,2026-07-29T06:56:45+00:00,URLError,unknown,research_funder,https://ror.org/05dhy7c94,funder; nonprofit,https://ror.org/05dhy7c94,Active organization classified as a funder in ROR; verify each call's external eligibility before applying.
danskindustri.dk,Denmark,Danish,2026-07-20,https://www.danskindustri.dk/om-di/hvad-er-di/di-fonde/karl-pedersen/,Karl Pedersens og Hustrus Industrifond,DK,da,ror_record_last_modified,2026-07-20,,2026-07-29T06:56:45+00:00,URLError,unknown,research_funder,https://ror.org/01beh8a20,funder; nonprofit,https://ror.org/01beh8a20,Active organization classified as a funder in ROR; verify each call's external eligibility before applying.
svenoginahansensfond.dk,Denmark,Danish,2026-07-20,https://www.svenoginahansensfond.dk,Købmand Sven Hansen og Hustru Ina Hansens Fond,DK,da,ror_record_last_modified,2026-07-20,,2026-07-29T06:56:43+00:00,URLError,unknown,research_funder,https://ror.org/00xz46123,funder; nonprofit,https://ror.org/00xz46123,Active organization classified as a funder in ROR; verify each call's external eligibility before applying.
lauritzenfonden.com,Denmark,Danish,2026-07-20,https://lauritzenfonden.com,Lauritzen Fonden,DK,da,ror_record_last_modified,2026-07-20,,2026-07-29T06:56:44+00:00,URLError,unknown,research_funder,https://ror.org/025pdh574,funder; nonprofit,https://ror.org/025pdh574,Active organization classified as a funder in ROR; verify each call's external eligibility before applying.
magventure.com,Denmark,Danish,2026-07-20,https://magventure.com,MagVenture (Denmark),DK,da,ror_record_last_modified,2026-07-20,,2026-07-29T06:56:44+00:00,URLError,unknown,research_funder,https://ror.org/02pr6jb23,company; funder,https://ror.org/02pr6jb23,Active organization classified as a funder in ROR; verify each call's external eligibility before applying.
richterfonden.dk,Denmark,Danish,2026-07-20,https://richterfonden.dk,Marie og M.B. Richters Fond,DK,da,ror_record_last_modified,2026-07-20,,2026-07-29T06:56:44+00:00,URLError,unknown,research_funder,https://ror.org/026f5f890,funder; nonprofit,https://ror.org/026f5f890,Active organization classified as a funder in ROR; verify each call's external eligibility before applying.
psykiatri-regionh.dk,Denmark,Danish,2026-07-20,https://www.psykiatri-regionh.dk/english/Sider/default.aspx,Mental Health Services,DK,da,ror_record_last_modified,2026-07-20,,2026-07-29T06:56:44+00:00,URLError,unknown,research_funder,https://ror.org/047m0fb88,funder; healthcare,https://ror.org/047m0fb88,Active organization classified as a funder in ROR; verify each call's external eligibility before applying.
kahlke.dk,Denmark,Danish,2026-07-20,https://kahlke.dk/fonde/michaelsen-fond/,Michaelsen Fonden,DK,da,ror_record_last_modified,2026-07-20,,2026-07-29T06:56:45+00:00,URLError,unknown,research_funder,https://ror.org/04m4rny95,funder; nonprofit,https://ror.org/04m4rny95,Active organization classified as a funder in ROR; verify each call's external eligibility before applying.
nordicbioscience.com,Denmark,Danish,2026-07-20,https://www.nordicbioscience.com/,Nordic Bioscience (Denmark),DK,da,ror_record_last_modified,2026-07-20,,2026-07-29T06:56:44+00:00,URLError,unknown,research_funder,https://ror.org/03nr54n68,company; funder,https://ror.org/03nr54n68,Active organization classified as a funder in ROR; verify each call's external eligibility before applying.
novoholdings.dk,Denmark,Danish,2026-07-20,https://www.novoholdings.dk/,Novo Holdings (Denmark),DK,da,ror_record_last_modified,2026-07-20,,2026-07-29T06:56:44+00:00,URLError,unknown,research_funder,https://ror.org/04sfxgz72,company; funder,https://ror.org/04sfxgz72,Active organization classified as a funder in ROR; verify each call's external eligibility before applying.
novonesis.com,Denmark,Danish,2026-07-20,https://www.novonesis.com,Novonesis (Denmark),DK,da,ror_record_last_modified,2026-07-20,,2026-07-29T06:56:44+00:00,URLError,unknown,research_funder,https://ror.org/02vm0w635,company; funder,https://ror.org/02vm0w635,Active organization classified as a funder in ROR; verify each call's external eligibility before applying.
olekirksfond.dk,Denmark,Danish,2026-07-20,https://www.olekirksfond.dk,Ole Kirk's Fond,DK,da,ror_record_last_modified,2026-07-20,,2026-07-29T06:56:44+00:00,URLError,unknown,research_funder,https://ror.org/048y1sf58,funder; nonprofit,https://ror.org/048y1sf58,Active organization classified as a funder in ROR; verify each call's external eligibility before applying.
pcarlp-fond.dk,Denmark,Danish,2026-07-20,https://pcarlp-fond.dk,P. Carl Petersens Fond,DK,da,ror_record_last_modified,2026-07-20,,2026-07-29T06:56:44+00:00,URLError,unknown,research_funder,https://ror.org/0099d9168,funder; nonprofit,https://ror.org/0099d9168,Active organization classified as a funder in ROR; verify each call's external eligibility before applying.
pa-messerschmidtoghustrusfond.dk,Denmark,Danish,2026-07-20,https://pa-messerschmidtoghustrusfond.dk,P.A. Messerschmidt og Hustrus Fond,DK,da,ror_record_last_modified,2026-07-20,,2026-07-29T06:56:44+00:00,URLError,unknown,research_funder,https://ror.org/0216eej48,funder; nonprofit,https://ror.org/0216eej48,Active organization classified as a funder in ROR; verify each call's external eligibility before applying.
ruc.dk,Denmark,Danish,2026-07-20,https://ruc.dk,Roskilde University,DK,da,ror_record_last_modified,2026-07-20,,2026-07-29T06:56:44+00:00,URLError,unknown,research_funder,https://ror.org/014axpa37,education; funder,https://ror.org/014axpa37,Active organization classified as a funder in ROR; verify each call's external eligibility before applying.
sophusjacobsenfond.dk,Denmark,Danish,2026-07-20,https://sophusjacobsenfond.dk/,Snedkermester Sophus Jacobsen og hustru Astrid Jacobsens Fond,DK,da,ror_record_last_modified,2026-07-20,,2026-07-29T06:56:44+00:00,URLError,unknown,research_funder,https://ror.org/04zsejd80,funder,https://ror.org/04zsejd80,Active organization classified as a funder in ROR; verify each call's external eligibility before applying.
stenoaarhus.dk,Denmark,Danish,2026-07-20,https://www.stenoaarhus.dk,Steno Diabetes Center Aarhus,DK,da,ror_record_last_modified,2026-07-20,,2026-07-29T06:56:43+00:00,URLError,unknown,research_funder,https://ror.org/02qwvry66,funder; healthcare,https://ror.org/02qwvry66,Active organization classified as a funder in ROR; verify each call's external eligibility before applying.
sygehussonderjylland.dk,Denmark,Danish,2026-07-20,https://sygehussonderjylland.dk,Sygehus Sønderjylland,DK,da,ror_record_last_modified,2026-07-20,,2026-07-29T06:56:43+00:00,URLError,unknown,research_funder,https://ror.org/04q65x027,funder; healthcare,https://ror.org/04q65x027,Active organization classified as a funder in ROR; verify each call's external eligibility before applying.
teamdanmark.dk,Denmark,Danish,2026-07-20,https://teamdanmark.dk,Team Danmark,DK,da,ror_record_last_modified,2026-07-20,,2026-07-29T06:56:27+00:00,URLError,unknown,research_funder,https://ror.org/034ntqf48,funder; government,https://ror.org/034ntqf48,Active organization classified as a funder in ROR; verify each call's external eligibility before applying.
epilepsiforeningen.dk,Denmark,Danish,2026-07-20,https://www.epilepsiforeningen.dk,The Danish Epilepsy Association,DK,da,ror_record_last_modified,2026-07-20,,2026-07-29T06:56:45+00:00,URLError,unknown,research_funder,https://ror.org/04115b814,funder; nonprofit,https://ror.org/04115b814,Active organization classified as a funder in ROR; verify each call's external eligibility before applying.
danfoss.com,Denmark,Danish,2026-07-20,https://www.danfoss.com/en/about-danfoss/company/foundations/the-fabrikant-mads-clausen-foundation/,The Fabrikant Mads Clausen Foundation,DK,da,ror_record_last_modified,2026-07-20,,2026-07-29T06:56:45+00:00,URLError,unknown,research_funder,https://ror.org/03m49g858,funder; nonprofit,https://ror.org/03m49g858,Active organization classified as a funder in ROR; verify each call's external eligibility before applying.
tryghed.dk,Denmark,Danish,2026-07-20,https://tryghed.dk,TryghedsGruppen (Denmark),DK,da,ror_record_last_modified,2026-07-20,,2026-07-29T06:56:19+00:00,URLError,unknown,research_funder,https://ror.org/00ms6z826,company; funder,https://ror.org/00ms6z826,Active organization classified as a funder in ROR; verify each call's external eligibility before applying.
tuborgfondet.dk,Denmark,Danish,2026-07-20,https://tuborgfondet.dk,Tuborg Foundation,DK,da,ror_record_last_modified,2026-07-20,,2026-07-29T06:56:05+00:00,URLError,unknown,research_funder,https://ror.org/04a5jdj68,funder; nonprofit,https://ror.org/04a5jdj68,Active organization classified as a funder in ROR; verify each call's external eligibility before applying.
fogfond.dk,Denmark,Danish,2026-07-20,https://fogfond.dk,Tømmerhandler Johannes Fogs Fond,DK,da,ror_record_last_modified,2026-07-20,,2026-07-29T06:56:45+00:00,URLError,unknown,research_funder,https://ror.org/05t7w2s85,funder; nonprofit,https://ror.org/05t7w2s85,Active organization classified as a funder in ROR; verify each call's external eligibility before applying.
ucsyd.dk,Denmark,Danish,2026-07-20,https://www.ucsyd.dk/,University College South Denmark,DK,da,ror_record_last_modified,2026-07-20,,2026-07-29T06:55:55+00:00,URLError,unknown,research_funder,https://ror.org/058q57q63,education; funder,https://ror.org/058q57q63,Active organization classified as a funder in ROR; verify each call's external eligibility before applying.
ku.dk,Denmark,Danish,2026-07-20,https://www.ku.dk,University of Copenhagen,DK,da,ror_record_last_modified,2026-07-20,,2026-07-29T06:56:44+00:00,URLError,unknown,research_funder,https://ror.org/035b05819,education; funder,https://ror.org/035b05819,Active organization classified as a funder in ROR; verify each call's external eligibility before applying.
sdu.dk,Denmark,Danish,2026-07-20,https://www.sdu.dk,University of Southern Denmark,DK,da,ror_record_last_modified,2026-07-20,,2026-07-29T06:56:44+00:00,URLError,unknown,research_funder,https://ror.org/03yrrjy16,education; funder,https://ror.org/03yrrjy16,Active organization classified as a funder in ROR; verify each call's external eligibility before applying.
vanfoerefonden.dk,Denmark,Danish,2026-07-20,https://vanfoerefonden.dk,Vanførefonden,DK,da,ror_record_last_modified,2026-07-20,,2026-07-29T06:55:39+00:00,URLError,unknown,research_funder,https://ror.org/00681qq20,funder; nonprofit,https://ror.org/00681qq20,Active organization classified as a funder in ROR; verify each call's external eligibility before applying.
vif-isolering.dk,Denmark,Danish,2026-07-20,http://www.vif-isolering.dk,VarmeIsoleringsForeningen,DK,da,ror_record_last_modified,2026-07-20,,2026-07-29T06:54:59+00:00,TimeoutError,unknown,research_funder,https://ror.org/05ka20h48,funder; nonprofit,https://ror.org/05ka20h48,Active organization classified as a funder in ROR; verify each call's external eligibility before applying.
vellivforeningen.dk,Denmark,Danish,2026-07-20,https://www.vellivforeningen.dk,Velliv Foreningen F.M.B.A.,DK,da,ror_record_last_modified,2026-07-20,,2026-07-29T06:55:23+00:00,URLError,unknown,research_funder,https://ror.org/02qd5a180,funder; nonprofit,https://ror.org/02qd5a180,Active organization classified as a funder in ROR; verify each call's external eligibility before applying.
archimedes.ee,Estonia,Estonian,2024-12-11,http://archimedes.ee/en/foundation/,Archimedes Foundation,EE,et,ror_record_last_modified,2024-12-11,,2026-07-29T06:56:44+00:00,RemoteDisconnected,unknown,research_funder,https://ror.org/02pagex14,nonprofit; funder,https://ror.org/02pagex14,Active organization classified as a funder in ROR; verify each call's external eligibility before applying.
eas.ee,Estonia,Estonian,2024-12-11,http://www.eas.ee/en,Enterprise Estonia (Estonia),EE,et,ror_record_last_modified,2024-12-11,,2026-07-29T06:56:44+00:00,RemoteDisconnected,unknown,research_funder,https://ror.org/02sfn4p13,company; funder,https://ror.org/02sfn4p13,Active organization classified as a funder in ROR; verify each call's external eligibility before applying.
akadeemia.ee,Estonia,Estonian,2024-12-11,http://www.akadeemia.ee/,Estonian Academy of Sciences,EE,et,ror_record_last_modified,2024-12-11,,2026-07-29T06:56:44+00:00,RemoteDisconnected,unknown,research_funder,https://ror.org/01pewsd85,government; funder,https://ror.org/01pewsd85,Active organization classified as a funder in ROR; verify each call's external eligibility before applying.
tervisekassa.ee,Estonia,Estonian,2026-07-20,https://tervisekassa.ee,Estonian Health Insurance Fund,EE,et,ror_record_last_modified,2026-07-20,,2026-07-29T06:55:23+00:00,URLError,unknown,research_funder,https://ror.org/04xrpfr88,funder; government,https://ror.org/04xrpfr88,Active organization classified as a funder in ROR; verify each call's external eligibility before applying.
kirmus.ee,Estonia,Estonian,2024-12-11,http://www.kirmus.ee/,Estonian Literary Museum,EE,et,ror_record_last_modified,2024-12-11,,2026-07-29T06:56:27+00:00,TimeoutError,unknown,research_funder,https://ror.org/02yewpr08,archive; funder,https://ror.org/02yewpr08,Active organization classified as a funder in ROR; verify each call's external eligibility before applying.
vm.ee,Estonia,Estonian,2026-07-20,https://vm.ee,Estonian Ministry of Foreign Affairs,EE,et,ror_record_last_modified,2026-07-20,,2026-07-29T06:54:59+00:00,URLError,unknown,research_funder,https://ror.org/02b5ddg78,funder; government,https://ror.org/02b5ddg78,Active organization classified as a funder in ROR; verify each call's external eligibility before applying.
etag.ee,Estonia,Estonian,2024-12-11,http://www.etag.ee/en/,Estonian Research Council,EE,et,ror_record_last_modified,2024-12-11,,2026-07-29T06:56:44+00:00,RemoteDisconnected,unknown,research_funder,https://ror.org/00jjeja18,government; funder,https://ror.org/00jjeja18,Active organization classified as a funder in ROR; verify each call's external eligibility before applying.
emu.ee,Estonia,Estonian,2024-12-11,https://www.emu.ee,Estonian University of Life Sciences,EE,et,ror_record_last_modified,2024-12-11,,2026-07-29T06:56:44+00:00,URLError,unknown,research_funder,https://ror.org/00s67c790,education; funder,https://ror.org/00s67c790,Active organization classified as a funder in ROR; verify each call's external eligibility before applying.
hitsa.ee,Estonia,Estonian,2024-12-11,http://www.hitsa.ee/en,Information Technology Foundation for Education,EE,et,ror_record_last_modified,2024-12-11,,2026-07-29T06:56:43+00:00,RemoteDisconnected,unknown,research_funder,https://ror.org/02e2avb86,nonprofit; funder,https://ror.org/02e2avb86,Active organization classified as a funder in ROR; verify each call's external eligibility before applying.
agri.ee,Estonia,Estonian,2025-02-26,https://www.agri.ee,Ministry of Agriculture,EE,et,ror_record_last_modified,2025-02-26,,2026-07-29T06:56:06+00:00,URLError,unknown,research_funder,https://ror.org/004gem776,funder; government,https://ror.org/004gem776,Active organization classified as a funder in ROR; verify each call's external eligibility before applying.
hm.ee,Estonia,Estonian,2024-12-11,https://www.hm.ee/en,Ministry of Education and Research,EE,et,ror_record_last_modified,2024-12-11,,2026-07-29T06:56:43+00:00,URLError,unknown,research_funder,https://ror.org/051aqjh92,government; funder,https://ror.org/051aqjh92,Active organization classified as a funder in ROR; verify each call's external eligibility before applying.
kbfi.ee,Estonia,Estonian,2024-12-11,https://kbfi.ee,National Institute of Chemical Physics and Biophysics,EE,et,ror_record_last_modified,2024-12-11,,2026-07-29T06:56:43+00:00,URLError,unknown,research_funder,https://ror.org/03eqd4a41,facility; funder,https://ror.org/03eqd4a41,Active organization classified as a funder in ROR; verify each call's external eligibility before applying.
rmk.ee,Estonia,Estonian,2026-06-23,https://rmk.ee,State Forest Management Centre,EE,et,ror_record_last_modified,2026-06-23,,2026-07-29T06:55:39+00:00,URLError,unknown,research_funder,https://ror.org/0121gps96,funder; government,https://ror.org/0121gps96,Active organization classified as a funder in ROR; verify each call's external eligibility before applying.
taltech.ee,Estonia,Estonian,2026-02-24,https://taltech.ee,Tallinn University of Technology,EE,et,ror_record_last_modified,2026-02-24,,2026-07-29T06:55:55+00:00,URLError,unknown,research_funder,https://ror.org/0443cwa12,education; funder,https://ror.org/0443cwa12,Active organization classified as a funder in ROR; verify each call's external eligibility before applying.
ut.ee,Estonia,Estonian,2024-12-11,https://ut.ee,University of Tartu,EE,et,ror_record_last_modified,2024-12-11,,2026-07-29T06:56:19+00:00,URLError,unknown,research_funder,https://ror.org/03z77qz90,education; funder,https://ror.org/03z77qz90,Active organization classified as a funder in ROR; verify each call's external eligibility before applying.
eeagrants.org,European Economic Area,English,2026-07-20,https://eeagrants.org/,eeagrants.org,EU,en,directory_release_date,,,2026-07-29T06:55:47+00:00,URLError,unknown,EEA grants portal,,,curated supplemental seed,"Curated European funding, challenge, programme, or government portal."
cascadefunding.eu,European Union,English,2026-07-20,https://cascadefunding.eu/,cascadefunding.eu,EU,en,directory_release_date,,,2026-07-29T06:56:03+00:00,URLError,unknown,cascade funding portal,,,curated supplemental seed,"Curated European funding, challenge, programme, or government portal."
eureka-network.org,European Union,English,2026-07-20,https://eureka-network.org/,eureka-network.org,EU,en,directory_release_date,,,2026-07-29T06:55:31+00:00,URLError,unknown,innovation funding network,,,curated supplemental seed,"Curated European funding, challenge, programme, or government portal."
europa.eu,European Union,English,2026-07-20,https://funding-tenders.ec.europa.eu/,funding-tenders.ec.europa.eu,EU,en,directory_release_date,,,2026-07-29T06:55:15+00:00,URLError,unknown,EU funding portal,,,curated supplemental seed,"Curated European funding, challenge, programme, or government portal."
interregeurope.eu,European Union,English,2026-07-20,https://www.interregeurope.eu/,interregeurope.eu,EU,en,directory_release_date,,,2026-07-29T06:54:59+00:00,URLError,unknown,territorial cooperation programme,,,curated supplemental seed,"Curated European funding, challenge, programme, or government portal."
gransking.fo,Faroe Islands,Faroese,2024-12-11,http://www.gransking.fo/,Faroese Research Council,FO,fo,ror_record_last_modified,2024-12-11,,2026-07-29T06:55:39+00:00,TimeoutError,unknown,research_funder,https://ror.org/04xx5hr10,other; funder,https://ror.org/04xx5hr10,Active organization classified as a funder in ROR; verify each call's external eligibility before applying.
nora.fo,Faroe Islands,Faroese,2026-06-23,https://nora.fo,Nordic Atlantic Cooperation,FO,fo,ror_record_last_modified,2026-06-23,,2026-07-29T06:55:23+00:00,URLError,unknown,research_funder,https://ror.org/03703vq44,funder; government,https://ror.org/03703vq44,Active organization classified as a funder in ROR; verify each call's external eligibility before applying.
northatlantic-islands.com,Faroe Islands,Faroese,2026-06-23,https://www.northatlantic-islands.com,North Atlantic Tourism Association,FO,fo,ror_record_last_modified,2026-06-23,,2026-07-29T06:54:59+00:00,URLError,unknown,research_funder,https://ror.org/03srps915,funder; nonprofit,https://ror.org/03srps915,Active organization classified as a funder in ROR; verify each call's external eligibility before applying.
veritautientutkimussaatio.fi,Finland,Finnish|Swedish,2026-06-23,https://www.veritautientutkimussaatio.fi,Blood Disease Research Foundation,FI,fi|sv,ror_record_last_modified,2026-06-23,,2026-07-29T06:56:44+00:00,URLError,unknown,research_funder,https://ror.org/03we23r72,funder; nonprofit,https://ror.org/03we23r72,Active organization classified as a funder in ROR; verify each call's external eligibility before applying.
tukisaatio.fi,Finland,Finnish|Swedish,2026-06-23,https://www.tukisaatio.fi,Drainage Foundation sr,FI,fi|sv,ror_record_last_modified,2026-06-23,,2026-07-29T06:56:44+00:00,URLError,unknown,research_funder,https://ror.org/03n3j5h42,funder; nonprofit,https://ror.org/03n3j5h42,Active organization classified as a funder in ROR; verify each call's external eligibility before applying.
nissinsaatio.fi,Finland,Finnish|Swedish,2026-06-23,https://www.nissinsaatio.fi,Evald and Hilda Nissi Foundation,FI,fi|sv,ror_record_last_modified,2026-06-23,,2026-07-29T06:56:45+00:00,URLError,unknown,research_funder,https://ror.org/048nwgf39,funder; nonprofit,https://ror.org/048nwgf39,Active organization classified as a funder in ROR; verify each call's external eligibility before applying.
silmakudossaatio.fi,Finland,Finnish|Swedish,2026-06-23,https://www.silmakudossaatio.fi,Eye and Tissue Bank Foundation,FI,fi|sv,ror_record_last_modified,2026-06-23,,2026-07-29T06:56:45+00:00,URLError,unknown,research_funder,https://ror.org/04y973974,funder; nonprofit,https://ror.org/04y973974,Active organization classified as a funder in ROR; verify each call's external eligibility before applying.
finnhems.fi,Finland,Finnish|Swedish,2026-07-20,https://finnhems.fi,FinnHEMS (Finland),FI,fi|sv,ror_record_last_modified,2026-07-20,,2026-07-29T06:56:44+00:00,URLError,unknown,research_funder,https://ror.org/00y59j231,company; funder,https://ror.org/00y59j231,Active organization classified as a funder in ROR; verify each call's external eligibility before applying.
syopainstituutti.com,Finland,Finnish|Swedish,2026-06-23,https://www.syopainstituutti.com,Finnish Cancer Institute,FI,fi|sv,ror_record_last_modified,2026-06-23,,2026-07-29T06:56:44+00:00,URLError,unknown,research_funder,https://ror.org/02cwbja97,funder; nonprofit,https://ror.org/02cwbja97,Active organization classified as a funder in ROR; verify each call's external eligibility before applying.
sily.fi,Finland,Finnish|Swedish,2026-06-23,https://sily.fi,Finnish Dermatological Society,FI,fi|sv,ror_record_last_modified,2026-06-23,,2026-07-29T06:56:45+00:00,URLError,unknown,research_funder,https://ror.org/02swkwp93,funder; nonprofit,https://ror.org/02swkwp93,Active organization classified as a funder in ROR; verify each call's external eligibility before applying.
ses.fi,Finland,Finnish|Swedish,2026-06-23,https://www.ses.fi,Finnish Film Foundation,FI,fi|sv,ror_record_last_modified,2026-06-23,,2026-07-29T06:56:45+00:00,URLError,unknown,research_funder,https://ror.org/05ssvax69,funder; nonprofit,https://ror.org/05ssvax69,Active organization classified as a funder in ROR; verify each call's external eligibility before applying.
porssisaatio.fi,Finland,Finnish|Swedish,2026-06-23,https://www.porssisaatio.fi,Finnish Foundation for Share Promotion,FI,fi|sv,ror_record_last_modified,2026-06-23,,2026-07-29T06:56:45+00:00,URLError,unknown,research_funder,https://ror.org/055ke3q88,funder; nonprofit,https://ror.org/055ke3q88,Active organization classified as a funder in ROR; verify each call's external eligibility before applying.
merenkulunsaatio.fi,Finland,Finnish|Swedish,2026-07-20,https://www.merenkulunsaatio.fi,Finnish Maritime Foundation,FI,fi|sv,ror_record_last_modified,2026-07-20,,2026-07-29T06:56:44+00:00,URLError,unknown,research_funder,https://ror.org/05pm3kp85,funder; nonprofit,https://ror.org/05pm3kp85,Active organization classified as a funder in ROR; verify each call's external eligibility before applying.
silmalaakariyhdistys.fi,Finland,Finnish|Swedish,2026-06-23,https://silmalaakariyhdistys.fi,Finnish Ophthalmological Society,FI,fi|sv,ror_record_last_modified,2026-06-23,,2026-07-29T06:56:45+00:00,URLError,unknown,research_funder,https://ror.org/05y3e7a78,funder; nonprofit,https://ror.org/05y3e7a78,Active organization classified as a funder in ROR; verify each call's external eligibility before applying.
parkinsonsaatio.fi,Finland,Finnish|Swedish,2026-07-20,http://www.parkinsonsaatio.fi/,Finnish Parkinson Foundation,FI,fi|sv,ror_record_last_modified,2026-07-20,,2026-07-29T06:56:43+00:00,ConnectionResetError,unknown,research_funder,https://ror.org/00whf4s48,funder; other,https://ror.org/00whf4s48,Active organization classified as a funder in ROR; verify each call's external eligibility before applying.
metsatiede.org,Finland,Finnish|Swedish,2026-07-20,https://www.metsatiede.org,Finnish Society of Forest Science,FI,fi|sv,ror_record_last_modified,2026-07-20,,2026-07-29T06:56:44+00:00,URLError,unknown,research_funder,https://ror.org/03b8mgm73,funder; other,https://ror.org/03b8mgm73,Active organization classified as a funder in ROR; verify each call's external eligibility before applying.
vayla.fi,Finland,Finnish|Swedish,2026-07-20,https://vayla.fi/en/frontpage,Finnish Transport Infrastructure Agency,FI,fi|sv,ror_record_last_modified,2026-07-20,,2026-07-29T06:54:59+00:00,URLError,unknown,research_funder,https://ror.org/04g0qhv21,funder; government,https://ror.org/04g0qhv21,Active organization classified as a funder in ROR; verify each call's external eligibility before applying.
gasum.com,Finland,Finnish|Swedish,2026-07-20,https://www.gasum.com,Gasum (Finland),FI,fi|sv,ror_record_last_modified,2026-07-20,,2026-07-29T06:56:44+00:00,URLError,unknown,research_funder,https://ror.org/05ks9bm17,company; funder,https://ror.org/05ks9bm17,Active organization classified as a funder in ROR; verify each call's external eligibility before applying.
gtk.fi,Finland,Finnish|Swedish,2026-07-20,https://www.gtk.fi,Geological Survey of Finland,FI,fi|sv,ror_record_last_modified,2026-07-20,,2026-07-29T06:56:44+00:00,URLError,unknown,research_funder,https://ror.org/03vjnqy43,funder; government,https://ror.org/03vjnqy43,Active organization classified as a funder in ROR; verify each call's external eligibility before applying.
elisa.com,Finland,Finnish|Swedish,2026-07-20,https://elisa.com/corporate/about-elisa/research-and-development/hpy-research-foundation/,HPY Research Foundation,FI,fi|sv,ror_record_last_modified,2026-07-20,,2026-07-29T06:56:44+00:00,URLError,unknown,research_funder,https://ror.org/004y67k42,funder; nonprofit,https://ror.org/004y67k42,Active organization classified as a funder in ROR; verify each call's external eligibility before applying.
hip.fi,Finland,Finnish|Swedish,2026-07-20,https://www.hip.fi/,Helsinki Institute of Physics,FI,fi|sv,ror_record_last_modified,2026-07-20,,2026-07-29T06:56:44+00:00,URLError,unknown,research_funder,https://ror.org/01x2x1522,facility; funder,https://ror.org/01x2x1522,Active organization classified as a funder in ROR; verify each call's external eligibility before applying.
oulu.fi,Finland,Finnish|Swedish,2026-07-20,https://www.oulu.fi/en/university/faculties-and-units/infotech-oulu,Infotech Oulu,FI,fi|sv,ror_record_last_modified,2026-07-20,,2026-07-29T06:56:43+00:00,URLError,unknown,research_funder,https://ror.org/0548kxt77,facility; funder,https://ror.org/0548kxt77,Active organization classified as a funder in ROR; verify each call's external eligibility before applying.
peatlands.org,Finland,Finnish|Swedish,2026-07-20,https://peatlands.org,International Peatland Society,FI,fi|sv,ror_record_last_modified,2026-07-20,,2026-07-29T06:56:28+00:00,URLError,unknown,research_funder,https://ror.org/01tppbx94,funder; nonprofit,https://ror.org/01tppbx94,Active organization classified as a funder in ROR; verify each call's external eligibility before applying.
uef.fi,Finland,Finnish|Swedish,2026-06-23,https://www.uef.fi/university-foundations,Joensuu University Foundation,FI,fi|sv,ror_record_last_modified,2026-06-23,,2026-07-29T06:56:44+00:00,URLError,unknown,research_funder,https://ror.org/04a1qvm20,funder; nonprofit,https://ror.org/04a1qvm20,Active organization classified as a funder in ROR; verify each call's external eligibility before applying.
sivistysrahasto.fi,Finland,Finnish|Swedish,2026-06-23,https://sivistysrahasto.fi,Kansan Sivistysrahasto,FI,fi|sv,ror_record_last_modified,2026-06-23,,2026-07-29T06:56:45+00:00,URLError,unknown,research_funder,https://ror.org/03r64xz72,funder; nonprofit,https://ror.org/03r64xz72,Active organization classified as a funder in ROR; verify each call's external eligibility before applying.
magnusehrnroothinsaatio.fi,Finland,Finnish|Swedish,2026-07-20,https://magnusehrnroothinsaatio.fi,Magnus Ehrnrooth Foundation,FI,fi|sv,ror_record_last_modified,2026-07-20,,2026-07-29T06:56:44+00:00,URLError,unknown,research_funder,https://ror.org/04wra4x84,funder; nonprofit,https://ror.org/04wra4x84,Active organization classified as a funder in ROR; verify each call's external eligibility before applying.
maireliskosaatio.fi,Finland,Finnish|Swedish,2026-07-20,https://maireliskosaatio.fi,Maire Lisko Foundation,FI,fi|sv,ror_record_last_modified,2026-07-20,,2026-07-29T06:56:44+00:00,URLError,unknown,research_funder,https://ror.org/0305aen75,funder; nonprofit,https://ror.org/0305aen75,Active organization classified as a funder in ROR; verify each call's external eligibility before applying.
siirtolaisuusinstituutti.fi,Finland,Finnish|Swedish,2026-07-20,https://siirtolaisuusinstituutti.fi/,Migration Institute of Finland,FI,fi|sv,ror_record_last_modified,2026-07-20,,2026-07-29T06:56:09+00:00,URLError,unknown,research_funder,https://ror.org/025fkxt31,facility; funder,https://ror.org/025fkxt31,Active organization classified as a funder in ROR; verify each call's external eligibility before applying.
syovantutkimussaatio.fi,Finland,Finnish|Swedish,2026-06-23,https://www.syovantutkimussaatio.fi,Moikoisten Syöväntutkimussäätiö,FI,fi|sv,ror_record_last_modified,2026-06-23,,2026-07-29T06:56:44+00:00,URLError,unknown,research_funder,https://ror.org/05qt1nx17,funder; nonprofit,https://ror.org/05qt1nx17,Active organization classified as a funder in ROR; verify each call's external eligibility before applying.
muma.fi,Finland,Finnish|Swedish,2026-07-20,https://muma.fi/munuaissaatio/,Munuaissäätiö,FI,fi|sv,ror_record_last_modified,2026-07-20,,2026-07-29T06:56:43+00:00,URLError,unknown,research_funder,https://ror.org/03hm38703,funder; nonprofit,https://ror.org/03hm38703,Active organization classified as a funder in ROR; verify each call's external eligibility before applying.
pirkanmaansyopayhdistys.fi,Finland,Finnish|Swedish,2026-06-23,https://www.pirkanmaansyopayhdistys.fi,Pirkanmaan Syöpäyhdistys,FI,fi|sv,ror_record_last_modified,2026-06-23,,2026-07-29T06:56:45+00:00,URLError,unknown,research_funder,https://ror.org/02yt8m959,funder; nonprofit,https://ror.org/02yt8m959,Active organization classified as a funder in ROR; verify each call's external eligibility before applying.
oys.fi,Finland,Finnish|Swedish,2026-06-23,https://oys.fi/kohderyhmille/tutkijat-ja-yhteistyokumppanit/terttu-saatio/,Pohjois-Suomen Sosiaali- ja Terveydenhuollon Tukisäätiö,FI,fi|sv,ror_record_last_modified,2026-06-23,,2026-07-29T06:56:45+00:00,URLError,unknown,research_funder,https://ror.org/01z8gjh69,funder; nonprofit,https://ror.org/01z8gjh69,Active organization classified as a funder in ROR; verify each call's external eligibility before applying.
raisio.com,Finland,Finnish|Swedish,2026-06-23,https://www.raisio.com/about-us/research-foundation/,Raisio plc's Research Foundation,FI,fi|sv,ror_record_last_modified,2026-06-23,,2026-07-29T06:56:45+00:00,URLError,unknown,research_funder,https://ror.org/00f8gv702,funder; nonprofit,https://ror.org/00f8gv702,Active organization classified as a funder in ROR; verify each call's external eligibility before applying.
polttimo.com,Finland,Finnish|Swedish,2026-06-23,https://www.polttimo.com/relander-foundation/,Relander Foundation,FI,fi|sv,ror_record_last_modified,2026-06-23,,2026-07-29T06:56:45+00:00,URLError,unknown,research_funder,https://ror.org/01sfm8724,funder; nonprofit,https://ror.org/01sfm8724,Active organization classified as a funder in ROR; verify each call's external eligibility before applying.
saastopankki.fi,Finland,Finnish|Swedish,2026-07-20,https://www.saastopankki.fi/en/savingsbanksgroup/responsibility/savings-banks-research-foundation,Savings Banks Research Foundation,FI,fi|sv,ror_record_last_modified,2026-07-20,,2026-07-29T06:56:19+00:00,URLError,unknown,research_funder,https://ror.org/01ks6nj10,funder; nonprofit,https://ror.org/01ks6nj10,Active organization classified as a funder in ROR; verify each call's external eligibility before applying.
onkologiayhdistys.fi,Finland,Finnish|Swedish,2026-06-23,https://onkologiayhdistys.fi,Suomen Onkologiayhdistys,FI,fi|sv,ror_record_last_modified,2026-06-23,,2026-07-29T06:56:45+00:00,URLError,unknown,research_funder,https://ror.org/044tk7b96,funder; nonprofit,https://ror.org/044tk7b96,Active organization classified as a funder in ROR; verify each call's external eligibility before applying.
tampereenlastenklinikantuki.fi,Finland,Finnish|Swedish,2026-06-23,https://tampereenlastenklinikantuki.fi,Tampereen Lastenklinikan Tuki Ry,FI,fi|sv,ror_record_last_modified,2026-06-23,,2026-07-29T06:56:44+00:00,URLError,unknown,research_funder,https://ror.org/00qcqjj62,funder; nonprofit,https://ror.org/00qcqjj62,Active organization classified as a funder in ROR; verify each call's external eligibility before applying.
shks.fi,Finland,Finnish|Swedish,2026-06-23,https://www.shks.fi,The Finnish Nursing Education Foundation sr,FI,fi|sv,ror_record_last_modified,2026-06-23,,2026-07-29T06:56:45+00:00,URLError,unknown,research_funder,https://ror.org/050508406,funder; nonprofit,https://ror.org/050508406,Active organization classified as a funder in ROR; verify each call's external eligibility before applying.
vaikuttavuussaatio.fi,Finland,Finnish|Swedish,2026-07-20,https://www.vaikuttavuussaatio.fi,The Finnish Research Impact Foundation,FI,fi|sv,ror_record_last_modified,2026-07-20,,2026-07-29T06:55:39+00:00,URLError,unknown,research_funder,https://ror.org/05nbjsx82,funder; nonprofit,https://ror.org/05nbjsx82,Active organization classified as a funder in ROR; verify each call's external eligibility before applying.
vammaistutkimus.fi,Finland,Finnish|Swedish,2026-07-20,https://www.vammaistutkimus.fi,The Finnish Society of Disability Studies,FI,fi|sv,ror_record_last_modified,2026-07-20,,2026-07-29T06:55:23+00:00,URLError,unknown,research_funder,https://ror.org/04tq61m59,funder; other,https://ror.org/04tq61m59,Active organization classified as a funder in ROR; verify each call's external eligibility before applying.
foundationweb.net,Finland,Finnish|Swedish,2026-07-20,https://www.foundationweb.net/suominorja/,The Finnish-Norwegian Medical Foundation,FI,fi|sv,ror_record_last_modified,2026-07-20,,2026-07-29T06:56:44+00:00,URLError,unknown,research_funder,https://ror.org/040fvbj07,funder; nonprofit,https://ror.org/040fvbj07,Active organization classified as a funder in ROR; verify each call's external eligibility before applying.
mediaalantutkimussaatio.fi,Finland,Finnish|Swedish,2026-06-23,https://www.mediaalantutkimussaatio.fi,The Media Industry Research Foundation of Finland,FI,fi|sv,ror_record_last_modified,2026-06-23,,2026-07-29T06:56:45+00:00,URLError,unknown,research_funder,https://ror.org/03qp2dx07,funder; nonprofit,https://ror.org/03qp2dx07,Active organization classified as a funder in ROR; verify each call's external eligibility before applying.
oskhuttunen.fi,Finland,Finnish|Swedish,2026-06-23,https://oskhuttunen.fi,The Osk. Huttunen Foundation,FI,fi|sv,ror_record_last_modified,2026-06-23,,2026-07-29T06:56:45+00:00,URLError,unknown,research_funder,https://ror.org/05w4fpm88,funder; nonprofit,https://ror.org/05w4fpm88,Active organization classified as a funder in ROR; verify each call's external eligibility before applying.
rjtsaatio.fi,Finland,Finnish|Swedish,2026-06-23,https://www.rjtsaatio.fi,The Riitta and Jorma J. Takanen Foundation,FI,fi|sv,ror_record_last_modified,2026-06-23,,2026-07-29T06:56:45+00:00,URLError,unknown,research_funder,https://ror.org/04xjmm456,funder; nonprofit,https://ror.org/04xjmm456,Active organization classified as a funder in ROR; verify each call's external eligibility before applying.
jyu.fi,Finland,Finnish|Swedish,2026-07-20,https://www.jyu.fi,University of Jyväskylä,FI,fi|sv,ror_record_last_modified,2026-07-20,,2026-07-29T06:56:44+00:00,URLError,unknown,research_funder,https://ror.org/05n3dz165,education; funder,https://ror.org/05n3dz165,Active organization classified as a funder in ROR; verify each call's external eligibility before applying.
utu.fi,Finland,Finnish|Swedish,2026-07-20,https://www.utu.fi,University of Turku,FI,fi|sv,ror_record_last_modified,2026-07-20,,2026-07-29T06:55:55+00:00,URLError,unknown,research_funder,https://ror.org/05vghhr25,education; funder,https://ror.org/05vghhr25,Active organization classified as a funder in ROR; verify each call's external eligibility before applying.
pekkalansaatio.fi,Finland,Finnish|Swedish,2026-06-23,https://pekkalansaatio.fi,Urmas Pekkalan säätiö,FI,fi|sv,ror_record_last_modified,2026-06-23,,2026-07-29T06:56:45+00:00,URLError,unknown,research_funder,https://ror.org/02yepmj26,funder; nonprofit,https://ror.org/02yepmj26,Active organization classified as a funder in ROR; verify each call's external eligibility before applying.
neova-group.com,Finland,Finnish|Swedish,2026-06-23,https://www.neova-group.com,Vapo Oy (Finland),FI,fi|sv,ror_record_last_modified,2026-06-23,,2026-07-29T06:56:45+00:00,URLError,unknown,research_funder,https://ror.org/05vx26y24,company; funder,https://ror.org/05vx26y24,Active organization classified as a funder in ROR; verify each call's external eligibility before applying.
roullier.com,France,French,2026-07-20,https://www.roullier.com/en/innovation-agronomic-solutions/,Centre Mondial de l'Innovation Roullier,FR,fr,ror_record_last_modified,2026-07-20,,2026-07-29T06:56:45+00:00,URLError,unknown,research_funder,https://ror.org/037h9ze21,facility; funder,https://ror.org/037h9ze21,Active organization classified as a funder in ROR; verify each call's external eligibility before applying.
univ-mrs.fr,France,French,2026-07-20,http://www.ciml.univ-mrs.fr/,Centre d’Immunologie de Marseille-Luminy,FR,fr,ror_record_last_modified,2026-07-20,,2026-07-29T06:56:29+00:00,TimeoutError,unknown,research_funder,https://ror.org/03vyjkj45,facility; funder,https://ror.org/03vyjkj45,Active organization classified as a funder in ROR; verify each call's external eligibility before applying.
univ-grenoble-alpes.fr,France,French,2026-07-20,https://fondation.univ-grenoble-alpes.fr,Fondation Université Grenoble Alpes,FR,fr,ror_record_last_modified,2026-07-20,,2026-07-29T06:56:43+00:00,URLError,unknown,research_funder,https://ror.org/043ty3k50,funder; nonprofit,https://ror.org/043ty3k50,Active organization classified as a funder in ROR; verify each call's external eligibility before applying.
seine-aval.fr,France,French,2026-07-20,https://www.seine-aval.fr,Groupement d'Intérêt Public Seine-Aval,FR,fr,ror_record_last_modified,2026-07-20,,2026-07-29T06:56:44+00:00,URLError,unknown,research_funder,https://ror.org/0554j8741,funder; nonprofit,https://ror.org/0554j8741,Active organization classified as a funder in ROR; verify each call's external eligibility before applying.
univ-lille.fr,France,French,2026-07-20,https://chevreul.univ-lille.fr,Institut Chevreul,FR,fr,ror_record_last_modified,2026-07-20,,2026-07-29T06:56:43+00:00,URLError,unknown,research_funder,https://ror.org/048k52v18,facility; funder,https://ror.org/048k52v18,Active organization classified as a funder in ROR; verify each call's external eligibility before applying.
pasteur.fr,France,French,2026-07-20,https://www.pasteur.fr,Institut Pasteur,FR,fr,ror_record_last_modified,2026-07-20,,2026-07-29T06:56:45+00:00,URLError,unknown,research_funder,https://ror.org/0495fxg12,funder; nonprofit,https://ror.org/0495fxg12,Active organization classified as a funder in ROR; verify each call's external eligibility before applying.
pasteur-lille.fr,France,French,2026-07-20,http://www.pasteur-lille.fr/,Institut Pasteur de Lille,FR,fr,ror_record_last_modified,2026-07-20,,2026-07-29T06:56:45+00:00,RemoteDisconnected,unknown,research_funder,https://ror.org/05k9skc85,facility; funder,https://ror.org/05k9skc85,Active organization classified as a funder in ROR; verify each call's external eligibility before applying.
pierre-fabre.com,France,French,2026-07-20,https://www.pierre-fabre.com,Institut de Recherche Pierre Fabre (France),FR,fr,ror_record_last_modified,2026-07-20,,2026-07-29T06:56:45+00:00,URLError,unknown,research_funder,https://ror.org/02by0jk38,company; funder,https://ror.org/02by0jk38,Active organization classified as a funder in ROR; verify each call's external eligibility before applying.
univ-tlse3.fr,France,French,2026-07-20,https://tmbi.univ-tlse3.fr,Institut des Sciences du Cerveau de Toulouse,FR,fr,ror_record_last_modified,2026-07-20,,2026-07-29T06:55:55+00:00,URLError,unknown,research_funder,https://ror.org/01se89w09,facility; funder,https://ror.org/01se89w09,Active organization classified as a funder in ROR; verify each call's external eligibility before applying.
oiv.int,France,French,2026-07-20,https://www.oiv.int,International Organisation of Vine and Wine,FR,fr,ror_record_last_modified,2026-07-20,,2026-07-29T06:56:45+00:00,URLError,unknown,research_funder,https://ror.org/02zdage63,funder; government,https://ror.org/02zdage63,Active organization classified as a funder in ROR; verify each call's external eligibility before applying.
vivacy.eu,France,French,2026-07-20,http://www.vivacy.eu/,Laboratoires Vivacy (France),FR,fr,ror_record_last_modified,2026-07-20,,2026-07-29T06:54:59+00:00,TimeoutError,unknown,research_funder,https://ror.org/03e1deg09,company; funder,https://ror.org/03e1deg09,Active organization classified as a funder in ROR; verify each call's external eligibility before applying.
msh-paris-saclay.fr,France,French,2026-07-20,http://msh-paris-saclay.fr,Maison des Sciences sociales et des Humanités de Paris-Saclay,FR,fr,ror_record_last_modified,2026-07-20,,2026-07-29T06:56:45+00:00,RemoteDisconnected,unknown,research_funder,https://ror.org/01hym1a89,facility; funder,https://ror.org/01hym1a89,Active organization classified as a funder in ROR; verify each call's external eligibility before applying.
michelinman.com,France,French,2026-07-20,https://www.michelinman.com/,Michelin (France),FR,fr,ror_record_last_modified,2026-07-20,,2026-07-29T06:56:45+00:00,URLError,unknown,research_funder,https://ror.org/006s85q77,company; funder,https://ror.org/006s85q77,Active organization classified as a funder in ROR; verify each call's external eligibility before applying.
mnhn.fr,France,French,2026-07-20,https://www.mnhn.fr,Muséum national d'Histoire naturelle,FR,fr,ror_record_last_modified,2026-07-20,,2026-07-29T06:56:45+00:00,URLError,unknown,research_funder,https://ror.org/03wkt5x30,archive; funder,https://ror.org/03wkt5x30,Active organization classified as a funder in ROR; verify each call's external eligibility before applying.
msa.fr,France,French,2026-07-20,https://www.msa.fr,Mutualité Sociale Agricole,FR,fr,ror_record_last_modified,2026-07-20,,2026-07-29T06:56:45+00:00,URLError,unknown,research_funder,https://ror.org/01hwh5y23,funder; other,https://ror.org/01hwh5y23,Active organization classified as a funder in ROR; verify each call's external eligibility before applying.
onera.fr,France,French,2026-07-20,http://www.onera.fr/en/,Office National d'Études et de Recherches Aérospatiales,FR,fr,ror_record_last_modified,2026-07-20,,2026-07-29T06:56:45+00:00,RemoteDisconnected,unknown,research_funder,https://ror.org/005y2ap84,facility; funder,https://ror.org/005y2ap84,Active organization classified as a funder in ROR; verify each call's external eligibility before applying.
pfizer.fr,France,French,2026-07-20,http://www.pfizer.fr/,Pfizer (France),FR,fr,ror_record_last_modified,2026-07-20,,2026-07-29T06:56:45+00:00,RemoteDisconnected,unknown,research_funder,https://ror.org/02c9yny10,company; funder,https://ror.org/02c9yny10,Active organization classified as a funder in ROR; verify each call's external eligibility before applying.
quimper-bretagne-occidentale.bzh,France,French,2026-07-20,https://www.quimper-bretagne-occidentale.bzh,Quimper Bretagne Occidentale,FR,fr,ror_record_last_modified,2026-07-20,,2026-07-29T06:56:45+00:00,URLError,unknown,research_funder,https://ror.org/05xahs715,funder; government,https://ror.org/05xahs715,Active organization classified as a funder in ROR; verify each call's external eligibility before applying.
roche.com,France,French,2026-07-20,http://www.roche.com/,Roche (France),FR,fr,ror_record_last_modified,2026-07-20,,2026-07-29T06:56:45+00:00,RemoteDisconnected,unknown,research_funder,https://ror.org/01mqmer16,company; funder,https://ror.org/01mqmer16,Active organization classified as a funder in ROR; verify each call's external eligibility before applying.
safran-aircraft-engines.com,France,French,2026-07-20,https://www.safran-aircraft-engines.com,Safran Aircraft Engines (France),FR,fr,ror_record_last_modified,2026-07-20,,2026-07-29T06:56:44+00:00,URLError,unknown,research_funder,https://ror.org/01v5qqb32,company; funder,https://ror.org/01v5qqb32,Active organization classified as a funder in ROR; verify each call's external eligibility before applying.
safran-group.com,France,French,2026-07-20,https://www.safran-group.com/companies/safran-helicopter-engines,Safran Helicopter Engines (France),FR,fr,ror_record_last_modified,2026-07-20,,2026-07-29T06:56:44+00:00,URLError,unknown,research_funder,https://ror.org/047nyf941,company; funder,https://ror.org/047nyf941,Active organization classified as a funder in ROR; verify each call's external eligibility before applying.
sanofi.com,France,French,2026-07-20,http://en.sanofi.com/,Sanofi (France),FR,fr,ror_record_last_modified,2026-07-20,,2026-07-29T06:56:44+00:00,RemoteDisconnected,unknown,research_funder,https://ror.org/02n6c9837,company; funder,https://ror.org/02n6c9837,Active organization classified as a funder in ROR; verify each call's external eligibility before applying.
se.com,France,French,2026-07-20,https://www.se.com/fr/fr/,Schneider Electric (France),FR,fr,ror_record_last_modified,2026-07-20,,2026-07-29T06:56:44+00:00,URLError,unknown,research_funder,https://ror.org/002z0cd60,company; funder,https://ror.org/002z0cd60,Active organization classified as a funder in ROR; verify each call's external eligibility before applying.
shom.fr,France,French,2026-07-20,https://shom.fr,Service Hydrographique et Océanographique de la Marine,FR,fr,ror_record_last_modified,2026-07-20,,2026-07-29T06:56:44+00:00,URLError,unknown,research_funder,https://ror.org/01nre9703,funder; government,https://ror.org/01nre9703,Active organization classified as a funder in ROR; verify each call's external eligibility before applying.
seud.org,France,French,2026-07-20,https://seud.org,Society of Endometriosis and Uterine Disorders,FR,fr,ror_record_last_modified,2026-07-20,,2026-07-29T06:56:44+00:00,URLError,unknown,research_funder,https://ror.org/00jr41132,funder; nonprofit,https://ror.org/00jr41132,Active organization classified as a funder in ROR; verify each call's external eligibility before applying.
sfncm.org,France,French,2026-07-20,https://www.sfncm.org,Société Francophone de Nutrition Clinique et Métabolisme,FR,fr,ror_record_last_modified,2026-07-20,,2026-07-29T06:56:44+00:00,URLError,unknown,research_funder,https://ror.org/04s0hnj86,funder; nonprofit,https://ror.org/04s0hnj86,Active organization classified as a funder in ROR; verify each call's external eligibility before applying.
sfar.org,France,French,2026-07-20,https://sfar.org,Société Française d'Anesthésie et de Réanimation,FR,fr,ror_record_last_modified,2026-07-20,,2026-07-29T06:56:44+00:00,URLError,unknown,research_funder,https://ror.org/00kcfr035,funder; other,https://ror.org/00kcfr035,Active organization classified as a funder in ROR; verify each call's external eligibility before applying.
sf-cancers-enfant.com,France,French,2026-07-20,https://sf-cancers-enfant.com,Société Française de lutte contre les Cancers et les leucémies de l'Enfant et de l'Adolescent,FR,fr,ror_record_last_modified,2026-07-20,,2026-07-29T06:56:44+00:00,URLError,unknown,research_funder,https://ror.org/04m40v102,funder; nonprofit,https://ror.org/04m40v102,Active organization classified as a funder in ROR; verify each call's external eligibility before applying.
splf.fr,France,French,2026-07-20,https://splf.fr,Société de Pneumologie de Langue Française,FR,fr,ror_record_last_modified,2026-07-20,,2026-07-29T06:56:44+00:00,URLError,unknown,research_funder,https://ror.org/055ypsm96,funder; nonprofit,https://ror.org/055ypsm96,Active organization classified as a funder in ROR; verify each call's external eligibility before applying.
saesfrance.org,France,French,2026-07-20,https://saesfrance.org,Société des Anglicistes de l'Enseignement Supérieur,FR,fr,ror_record_last_modified,2026-07-20,,2026-07-29T06:56:45+00:00,URLError,unknown,research_funder,https://ror.org/01j9h7e96,funder; nonprofit,https://ror.org/01j9h7e96,Active organization classified as a funder in ROR; verify each call's external eligibility before applying.
stallergenesgreer.com,France,French,2026-07-20,http://stallergenesgreer.com/,Stallergenes Greer (France),FR,fr,ror_record_last_modified,2026-07-20,,2026-07-29T06:56:44+00:00,RemoteDisconnected,unknown,research_funder,https://ror.org/00bbe8x87,company; funder,https://ror.org/00bbe8x87,Active organization classified as a funder in ROR; verify each call's external eligibility before applying.
siaap.fr,France,French,2026-07-20,https://www.siaap.fr,Syndicat Interdépartemental pour l'Assainissement de l'Agglomération Parisienne,FR,fr,ror_record_last_modified,2026-07-20,,2026-07-29T06:56:44+00:00,URLError,unknown,research_funder,https://ror.org/03h38n443,funder; other,https://ror.org/03h38n443,Active organization classified as a funder in ROR; verify each call's external eligibility before applying.
tse-fr.eu,France,French,2026-07-20,https://www.tse-fr.eu/,Toulouse School of Economics,FR,fr,ror_record_last_modified,2026-07-20,,2026-07-29T06:56:44+00:00,URLError,unknown,research_funder,https://ror.org/00ff5f522,education; funder,https://ror.org/00ff5f522,Active organization classified as a funder in ROR; verify each call's external eligibility before applying.
novalac.com,France,French,2026-07-20,https://novalac.com,United Pharmaceuticals (France),FR,fr,ror_record_last_modified,2026-07-20,,2026-07-29T06:56:45+00:00,URLError,unknown,research_funder,https://ror.org/01hzt4v93,company; funder,https://ror.org/01hzt4v93,Active organization classified as a funder in ROR; verify each call's external eligibility before applying.
univ-lyon1.fr,France,French,2026-07-20,https://www.univ-lyon1.fr,Université Claude Bernard Lyon 1,FR,fr,ror_record_last_modified,2026-07-20,,2026-07-29T06:56:43+00:00,URLError,unknown,research_funder,https://ror.org/029brtt94,education; funder,https://ror.org/029brtt94,Active organization classified as a funder in ROR; verify each call's external eligibility before applying.
psl.eu,France,French,2026-07-20,https://dauphine.psl.eu,Université Paris Dauphine-PSL,FR,fr,ror_record_last_modified,2026-07-20,,2026-07-29T06:56:45+00:00,URLError,unknown,research_funder,https://ror.org/052bz7812,education; funder,https://ror.org/052bz7812,Active organization classified as a funder in ROR; verify each call's external eligibility before applying.
universite-paris-saclay.fr,France,French,2026-07-20,http://www.universite-paris-saclay.fr/fr,Université Paris-Saclay,FR,fr,ror_record_last_modified,2026-07-20,,2026-07-29T06:55:23+00:00,TimeoutError,unknown,research_funder,https://ror.org/03xjwb503,education; funder,https://ror.org/03xjwb503,Active organization classified as a funder in ROR; verify each call's external eligibility before applying.
univ-evry.fr,France,French,2026-07-20,http://www.univ-evry.fr/en/index.html,Université d'Évry Val-d'Essonne,FR,fr,ror_record_last_modified,2026-07-20,,2026-07-29T06:56:44+00:00,RemoteDisconnected,unknown,research_funder,https://ror.org/00e96v939,education; funder,https://ror.org/00e96v939,Active organization classified as a funder in ROR; verify each call's external eligibility before applying.
uha.fr,France,French,2026-07-20,https://www.uha.fr,Université de Haute-Alsace,FR,fr,ror_record_last_modified,2026-07-20,,2026-07-29T06:56:44+00:00,URLError,unknown,research_funder,https://ror.org/04k8k6n84,education; funder,https://ror.org/04k8k6n84,Active organization classified as a funder in ROR; verify each call's external eligibility before applying.
universite-lyon.fr,France,French,2026-07-20,https://www.universite-lyon.fr,Université de Lyon,FR,fr,ror_record_last_modified,2026-07-20,,2026-07-29T06:55:39+00:00,URLError,unknown,research_funder,https://ror.org/01rk35k63,education; funder,https://ror.org/01rk35k63,Active organization classified as a funder in ROR; verify each call's external eligibility before applying.
umontpellier.fr,France,French,2026-07-20,https://umontpellier.fr,Université de Montpellier,FR,fr,ror_record_last_modified,2026-07-20,,2026-07-29T06:56:44+00:00,URLError,unknown,research_funder,https://ror.org/051escj72,education; funder,https://ror.org/051escj72,Active organization classified as a funder in ROR; verify each call's external eligibility before applying.
univ-poitiers.fr,France,French,2026-07-20,http://www.univ-poitiers.fr/,Université de Poitiers,FR,fr,ror_record_last_modified,2026-07-20,,2026-07-29T06:56:19+00:00,TimeoutError,unknown,research_funder,https://ror.org/04xhy8q59,education; funder,https://ror.org/04xhy8q59,Active organization classified as a funder in ROR; verify each call's external eligibility before applying.
univ-tln.fr,France,French,2026-07-20,http://www.univ-tln.fr/,Université de Toulon,FR,fr,ror_record_last_modified,2026-07-20,,2026-07-29T06:56:11+00:00,TimeoutError,unknown,research_funder,https://ror.org/02m9kbe37,education; funder,https://ror.org/02m9kbe37,Active organization classified as a funder in ROR; verify each call's external eligibility before applying.
paris-neuroscience.fr,France,French,2026-07-20,http://www.paris-neuroscience.fr/en,École des Neurosciences de Paris,FR,fr,ror_record_last_modified,2026-07-20,,2026-07-29T06:56:45+00:00,RemoteDisconnected,unknown,research_funder,https://ror.org/05re0sm29,funder; other,https://ror.org/05re0sm29,Active organization classified as a funder in ROR; verify each call's external eligibility before applying.
ciu.edu.ge,Georgia,Georgian,2026-07-20,http://www.ciu.edu.ge,Caucasus International University,GE,ka,ror_record_last_modified,2026-07-20,,2026-07-29T06:54:59+00:00,TimeoutError,unknown,research_funder,https://ror.org/00atp1s12,education; funder,https://ror.org/00atp1s12,Active organization classified as a funder in ROR; verify each call's external eligibility before applying.
science.org.ge,Georgia,Georgian,2025-10-28,http://science.org.ge,Georgian National Academy of Sciences,GE,ka,ror_record_last_modified,2025-10-28,,2026-07-29T06:55:23+00:00,TimeoutError,unknown,research_funder,https://ror.org/05aav2h42,education; funder,https://ror.org/05aav2h42,Active organization classified as a funder in ROR; verify each call's external eligibility before applying.
iliauni.edu.ge,Georgia,Georgian,2024-12-11,http://iliauni.edu.ge/en/,Ilia State University,GE,ka,ror_record_last_modified,2024-12-11,,2026-07-29T06:55:55+00:00,TimeoutError,unknown,research_funder,https://ror.org/051qn8h41,education; funder,https://ror.org/051qn8h41,Active organization classified as a funder in ROR; verify each call's external eligibility before applying.
rustaveli.org.ge,Georgia,Georgian,2024-12-11,https://www.rustaveli.org.ge,Shota Rustaveli National Science Foundation,GE,ka,ror_record_last_modified,2024-12-11,,2026-07-29T06:55:39+00:00,URLError,unknown,research_funder,https://ror.org/00xc87681,funder; other,https://ror.org/00xc87681,Active organization classified as a funder in ROR; verify each call's external eligibility before applying.
uniklinikum-jena.de,Germany,German,2026-07-20,https://www.uniklinikum-jena.de/cscc/,Center for Sepsis Control and Care,DE,de,ror_record_last_modified,2026-07-20,,2026-07-29T06:56:43+00:00,URLError,unknown,research_funder,https://ror.org/00g364847,facility; funder,https://ror.org/00g364847,Active organization classified as a funder in ROR; verify each call's external eligibility before applying.
tu-chemnitz.de,Germany,German,2026-07-20,https://www.tu-chemnitz.de/index.html.en,Chemnitz University of Technology,DE,de,ror_record_last_modified,2026-07-20,,2026-07-29T06:56:45+00:00,URLError,unknown,research_funder,https://ror.org/00a208s56,education; funder,https://ror.org/00a208s56,Active organization classified as a funder in ROR; verify each call's external eligibility before applying.
schwabe.de,Germany,German,2026-07-20,http://www.schwabe.de/,Dr Willmar Schwabe (Germany),DE,de,ror_record_last_modified,2026-07-20,,2026-07-29T06:56:45+00:00,RemoteDisconnected,unknown,research_funder,https://ror.org/043rrkc78,company; funder,https://ror.org/043rrkc78,Active organization classified as a funder in ROR; verify each call's external eligibility before applying.
uni-muenchen.de,Germany,German,2026-07-20,https://www.cup.uni-muenchen.de/roemer/,Dr. Klaus Römer-Stiftung,DE,de,ror_record_last_modified,2026-07-20,,2026-07-29T06:56:44+00:00,URLError,unknown,research_funder,https://ror.org/04yefyw85,funder; nonprofit,https://ror.org/04yefyw85,Active organization classified as a funder in ROR; verify each call's external eligibility before applying.
senckenbergische-stiftung.de,Germany,German,2026-07-20,https://www.senckenbergische-stiftung.de,Dr. Senckenbergische Stiftung,DE,de,ror_record_last_modified,2026-07-20,,2026-07-29T06:56:45+00:00,URLError,unknown,research_funder,https://ror.org/02q9kn423,funder; nonprofit,https://ror.org/02q9kn423,Active organization classified as a funder in ROR; verify each call's external eligibility before applying.
uni-jena.de,Germany,German,2026-07-20,https://www.uni-jena.de/en,Friedrich Schiller University Jena,DE,de,ror_record_last_modified,2026-07-20,,2026-07-29T06:56:44+00:00,URLError,unknown,research_funder,https://ror.org/05qpz1x62,education; funder,https://ror.org/05qpz1x62,Active organization classified as a funder in ROR; verify each call's external eligibility before applying.
vogelstiftung.de,Germany,German,2026-07-20,https://www.vogelstiftung.de,Friedrich und Isabel Vogel-Stiftung,DE,de,ror_record_last_modified,2026-07-20,,2026-07-29T06:56:11+00:00,URLError,unknown,research_funder,https://ror.org/03qqaft37,funder; nonprofit,https://ror.org/03qqaft37,Active organization classified as a funder in ROR; verify each call's external eligibility before applying.
wissenschaftsrat.de,Germany,German,2026-07-20,https://www.wissenschaftsrat.de,German Science and Humanities Council,DE,de,ror_record_last_modified,2026-07-20,,2026-07-29T06:55:23+00:00,URLError,unknown,research_funder,https://ror.org/003p40584,funder; government,https://ror.org/003p40584,Active organization classified as a funder in ROR; verify each call's external eligibility before applying.
uni-frankfurt.de,Germany,German,2026-07-20,https://www.uni-frankfurt.de,Goethe University Frankfurt,DE,de,ror_record_last_modified,2026-07-20,,2026-07-29T06:56:44+00:00,URLError,unknown,research_funder,https://ror.org/04cvxnb49,education; funder,https://ror.org/04cvxnb49,Active organization classified as a funder in ROR; verify each call's external eligibility before applying.
uni-duesseldorf.de,Germany,German,2026-07-20,http://www.uni-duesseldorf.de/home/en/home.html,Heinrich Heine University Düsseldorf,DE,de,ror_record_last_modified,2026-07-20,,2026-07-29T06:56:44+00:00,RemoteDisconnected,unknown,research_funder,https://ror.org/024z2rq82,education; funder,https://ror.org/024z2rq82,Active organization classified as a funder in ROR; verify each call's external eligibility before applying.
zalf.de,Germany,German,2026-07-20,https://www.zalf.de,Leibniz Centre for Agricultural Landscape Research,DE,de,ror_record_last_modified,2026-07-20,,2026-07-29T06:54:59+00:00,URLError,unknown,research_funder,https://ror.org/01ygyzs83,facility; funder,https://ror.org/01ygyzs83,Active organization classified as a funder in ROR; verify each call's external eligibility before applying.
uni-leipzig.de,Germany,German,2026-07-20,https://www.uni-leipzig.de/en/,Leipzig University,DE,de,ror_record_last_modified,2026-07-20,,2026-07-29T06:56:44+00:00,URLError,unknown,research_funder,https://ror.org/03s7gtk40,education; funder,https://ror.org/03s7gtk40,Active organization classified as a funder in ROR; verify each call's external eligibility before applying.
synmikro.com,Germany,German,2026-07-20,http://www.synmikro.com/en/,Loewe Center for Synthetic Microbiology,DE,de,ror_record_last_modified,2026-07-20,,2026-07-29T06:56:45+00:00,RemoteDisconnected,unknown,research_funder,https://ror.org/04e209f39,education; funder,https://ror.org/04e209f39,Active organization classified as a funder in ROR; verify each call's external eligibility before applying.
uni-halle.de,Germany,German,2026-07-20,http://www.uni-halle.de/?lang=en,Martin Luther University Halle-Wittenberg,DE,de,ror_record_last_modified,2026-07-20,,2026-07-29T06:56:44+00:00,RemoteDisconnected,unknown,research_funder,https://ror.org/05gqaka33,education; funder,https://ror.org/05gqaka33,Active organization classified as a funder in ROR; verify each call's external eligibility before applying.
sew-eurodrive-stiftung.de,Germany,German,2026-07-20,https://www.sew-eurodrive-stiftung.de,SEW-EURODRIVE Foundation,DE,de,ror_record_last_modified,2026-07-20,,2026-07-29T06:56:45+00:00,URLError,unknown,research_funder,https://ror.org/032qhqj89,funder; nonprofit,https://ror.org/032qhqj89,Active organization classified as a funder in ROR; verify each call's external eligibility before applying.
schuler-stiftung.de,Germany,German,2026-07-20,https://www.schuler-stiftung.de,Schuler-Stiftung,DE,de,ror_record_last_modified,2026-07-20,,2026-07-29T06:56:45+00:00,URLError,unknown,research_funder,https://ror.org/008t3jt36,funder; nonprofit,https://ror.org/008t3jt36,Active organization classified as a funder in ROR; verify each call's external eligibility before applying.
servier.de,Germany,German,2026-07-20,http://www.servier.de/,Servier (Germany),DE,de,ror_record_last_modified,2026-07-20,,2026-07-29T06:56:45+00:00,ConnectionResetError,unknown,research_funder,https://ror.org/05wk4ae67,company; funder,https://ror.org/05wk4ae67,Active organization classified as a funder in ROR; verify each call's external eligibility before applying.
steigerwald.de,Germany,German,2026-07-20,http://www.steigerwald.de,Steigerwald Arzneimittelwerk (Germany),DE,de,ror_record_last_modified,2026-07-20,,2026-07-29T06:56:45+00:00,RemoteDisconnected,unknown,research_funder,https://ror.org/016tgjt09,company; funder,https://ror.org/016tgjt09,Active organization classified as a funder in ROR; verify each call's external eligibility before applying.
stiftung-hochschulmedizin.de,Germany,German,2026-07-20,https://stiftung-hochschulmedizin.de,Stiftung Hochschulmedizin Dresden,DE,de,ror_record_last_modified,2026-07-20,,2026-07-29T06:56:45+00:00,URLError,unknown,research_funder,https://ror.org/04ajdc372,funder; nonprofit,https://ror.org/04ajdc372,Active organization classified as a funder in ROR; verify each call's external eligibility before applying.
sptg.de,Germany,German,2026-07-20,https://sptg.de,Stiftung Polytechnische Gesellschaft Frankfurt am Main,DE,de,ror_record_last_modified,2026-07-20,,2026-07-29T06:56:45+00:00,URLError,unknown,research_funder,https://ror.org/011c1wr43,funder; nonprofit,https://ror.org/011c1wr43,Active organization classified as a funder in ROR; verify each call's external eligibility before applying.
universitaetsmedizin.de,Germany,German,2026-07-20,https://www.universitaetsmedizin.de,Stiftung Universitätsmedizin Essen,DE,de,ror_record_last_modified,2026-07-20,,2026-07-29T06:56:43+00:00,URLError,unknown,research_funder,https://ror.org/00ykp8811,funder; nonprofit,https://ror.org/00ykp8811,Active organization classified as a funder in ROR; verify each call's external eligibility before applying.
tu-freiberg.de,Germany,German,2026-07-20,https://tu-freiberg.de/,TU Bergakademie Freiberg,DE,de,ror_record_last_modified,2026-07-20,,2026-07-29T06:56:45+00:00,URLError,unknown,research_funder,https://ror.org/031vc2293,education; funder,https://ror.org/031vc2293,Active organization classified as a funder in ROR; verify each call's external eligibility before applying.
takeda.de,Germany,German,2026-07-20,http://www.takeda.de/,Takeda (Germany),DE,de,ror_record_last_modified,2026-07-20,,2026-07-29T06:56:45+00:00,RemoteDisconnected,unknown,research_funder,https://ror.org/03xqv3p85,company; funder,https://ror.org/03xqv3p85,Active organization classified as a funder in ROR; verify each call's external eligibility before applying.
th-wildau.de,Germany,German,2026-07-20,http://www.th-wildau.de/,Technical University of Applied Sciences Wildau,DE,de,ror_record_last_modified,2026-07-20,,2026-07-29T06:56:45+00:00,RemoteDisconnected,unknown,research_funder,https://ror.org/00k62pe27,education; funder,https://ror.org/00k62pe27,Active organization classified as a funder in ROR; verify each call's external eligibility before applying.
tum.de,Germany,German,2026-07-20,https://www.tum.de,Technical University of Munich,DE,de,ror_record_last_modified,2026-07-20,,2026-07-29T06:56:44+00:00,URLError,unknown,research_funder,https://ror.org/02kkvpp62,education; funder,https://ror.org/02kkvpp62,Active organization classified as a funder in ROR; verify each call's external eligibility before applying.
tk.de,Germany,German,2026-07-20,https://www.tk.de/techniker-2000000?ref=tkde,Techniker Krankenkasse (Germany),DE,de,ror_record_last_modified,2026-07-20,,2026-07-29T06:56:45+00:00,URLError,unknown,research_funder,https://ror.org/000466g76,company; funder,https://ror.org/000466g76,Active organization classified as a funder in ROR; verify each call's external eligibility before applying.
thu.de,Germany,German,2026-07-20,https://www.thu.de,Technische Hochschule Ulm,DE,de,ror_record_last_modified,2026-07-20,,2026-07-29T06:56:45+00:00,URLError,unknown,research_funder,https://ror.org/05e5kd476,education; funder,https://ror.org/05e5kd476,Active organization classified as a funder in ROR; verify each call's external eligibility before applying.
tu.berlin,Germany,German,2026-07-20,https://www.tu.berlin,Technische Universität Berlin,DE,de,ror_record_last_modified,2026-07-20,,2026-07-29T06:56:44+00:00,URLError,unknown,research_funder,https://ror.org/03v4gjf40,education; funder,https://ror.org/03v4gjf40,Active organization classified as a funder in ROR; verify each call's external eligibility before applying.
tu-darmstadt.de,Germany,German,2026-07-20,https://www.tu-darmstadt.de,Technische Universität Darmstadt,DE,de,ror_record_last_modified,2026-07-20,,2026-07-29T06:56:45+00:00,URLError,unknown,research_funder,https://ror.org/05n911h24,education; funder,https://ror.org/05n911h24,Active organization classified as a funder in ROR; verify each call's external eligibility before applying.
tu-dresden.de,Germany,German,2026-07-20,https://tu-dresden.de,Technische Universität Dresden,DE,de,ror_record_last_modified,2026-07-20,,2026-07-29T06:56:45+00:00,URLError,unknown,research_funder,https://ror.org/042aqky30,education; funder,https://ror.org/042aqky30,Active organization classified as a funder in ROR; verify each call's external eligibility before applying.
ucb.de,Germany,German,2026-07-20,https://www.ucb.de/,UCB Pharma (Germany),DE,de,ror_record_last_modified,2026-07-20,,2026-07-29T06:56:44+00:00,URLError,unknown,research_funder,https://ror.org/05pkeac16,company; funder,https://ror.org/05pkeac16,Active organization classified as a funder in ROR; verify each call's external eligibility before applying.
ugmlc.de,Germany,German,2026-07-20,https://ugmlc.de,Universities of Giessen and Marburg Lung Center,DE,de,ror_record_last_modified,2026-07-20,,2026-07-29T06:56:44+00:00,URLError,unknown,research_funder,https://ror.org/045f0ws19,education; funder,https://ror.org/045f0ws19,Active organization classified as a funder in ROR; verify each call's external eligibility before applying.
uni-koeln.de,Germany,German,2026-07-20,http://www.portal.uni-koeln.de/,University of Cologne,DE,de,ror_record_last_modified,2026-07-20,,2026-07-29T06:56:44+00:00,RemoteDisconnected,unknown,research_funder,https://ror.org/00rcxh774,education; funder,https://ror.org/00rcxh774,Active organization classified as a funder in ROR; verify each call's external eligibility before applying.
uni-due.de,Germany,German,2026-07-20,https://www.uni-due.de,University of Duisburg-Essen,DE,de,ror_record_last_modified,2026-07-20,,2026-07-29T06:56:44+00:00,URLError,unknown,research_funder,https://ror.org/04mz5ra38,education; funder,https://ror.org/04mz5ra38,Active organization classified as a funder in ROR; verify each call's external eligibility before applying.
uni-kassel.de,Germany,German,2026-07-20,https://www.uni-kassel.de/uni,University of Kassel,DE,de,ror_record_last_modified,2026-07-20,,2026-07-29T06:56:44+00:00,URLError,unknown,research_funder,https://ror.org/04zc7p361,education; funder,https://ror.org/04zc7p361,Active organization classified as a funder in ROR; verify each call's external eligibility before applying.
uni-wuerzburg.de,Germany,German,2026-07-20,http://www.uni-wuerzburg.de/en/ueber/university/,University of Würzburg,DE,de,ror_record_last_modified,2026-07-20,,2026-07-29T06:56:44+00:00,RemoteDisconnected,unknown,research_funder,https://ror.org/00fbnyb24,education; funder,https://ror.org/00fbnyb24,Active organization classified as a funder in ROR; verify each call's external eligibility before applying.
uni-hamburg.de,Germany,German,2026-07-20,http://www.uni-hamburg.de,Universität Hamburg,DE,de,ror_record_last_modified,2026-07-20,,2026-07-29T06:56:44+00:00,RemoteDisconnected,unknown,research_funder,https://ror.org/00g30e956,education; funder,https://ror.org/00g30e956,Active organization classified as a funder in ROR; verify each call's external eligibility before applying.
uni-koblenz.de,Germany,German,2026-07-20,https://www.uni-koblenz.de,Universität Koblenz,DE,de,ror_record_last_modified,2026-07-20,,2026-07-29T06:56:44+00:00,URLError,unknown,research_funder,https://ror.org/0433e6t24,education; funder,https://ror.org/0433e6t24,Active organization classified as a funder in ROR; verify each call's external eligibility before applying.
unibw.de,Germany,German,2026-07-20,https://www.unibw.de,Universität der Bundeswehr München,DE,de,ror_record_last_modified,2026-07-20,,2026-07-29T06:56:43+00:00,URLError,unknown,research_funder,https://ror.org/05kkv3f82,education; funder,https://ror.org/05kkv3f82,Active organization classified as a funder in ROR; verify each call's external eligibility before applying.
vdivde-it.de,Germany,German,2026-07-20,https://vdivde-it.de/de,VDI/VDE Innovation + Technik,DE,de,ror_record_last_modified,2026-07-20,,2026-07-29T06:56:29+00:00,URLError,unknown,research_funder,https://ror.org/05dna8580,funder; nonprofit,https://ror.org/05dna8580,Active organization classified as a funder in ROR; verify each call's external eligibility before applying.
voco.dental,Germany,German,2026-07-20,http://www.voco.dental/de,VOCO (Germany),DE,de,ror_record_last_modified,2026-07-20,,2026-07-29T06:56:19+00:00,TimeoutError,unknown,research_funder,https://ror.org/0309b0n18,company; funder,https://ror.org/0309b0n18,Active organization classified as a funder in ROR; verify each call's external eligibility before applying.
walther-blohm-stiftung.de,Germany,German,2026-07-20,https://www.walther-blohm-stiftung.de,Walther Blohm Foundation,DE,de,ror_record_last_modified,2026-07-20,,2026-07-29T06:55:55+00:00,URLError,unknown,research_funder,https://ror.org/03gef2m36,funder; nonprofit,https://ror.org/03gef2m36,Active organization classified as a funder in ROR; verify each call's external eligibility before applying.
we-heraeus-stiftung.de,Germany,German,2026-07-20,https://www.we-heraeus-stiftung.de,Wilhelm and Else Heraeus Foundation,DE,de,ror_record_last_modified,2026-07-20,,2026-07-29T06:55:39+00:00,URLError,unknown,research_funder,https://ror.org/05xr8qy24,funder; nonprofit,https://ror.org/05xr8qy24,Active organization classified as a funder in ROR; verify each call's external eligibility before applying.
uni-freiburg.de,Germany,German,2026-07-20,https://www.wissges.uni-freiburg.de/,Wissenschaftliche Gesellschaft Freiburg,DE,de,ror_record_last_modified,2026-07-20,,2026-07-29T06:56:44+00:00,URLError,unknown,research_funder,https://ror.org/03twz1019,funder; other,https://ror.org/03twz1019,Active organization classified as a funder in ROR; verify each call's external eligibility before applying.
onassis.org,Greece,Greek,2024-12-11,http://www.onassis.org/en/,Alexander S Onassis Public Benefit Foundation,GR,el,ror_record_last_modified,2024-12-11,,2026-07-29T06:56:45+00:00,RemoteDisconnected,unknown,research_funder,https://ror.org/017nq0d63,other; funder,https://ror.org/017nq0d63,Active organization classified as a funder in ROR; verify each call's external eligibility before applying.
fanourakisfoundation.org,Greece,Greek,2026-06-23,https://fanourakisfoundation.org,Captain Fanourakis Foundation,GR,el,ror_record_last_modified,2026-06-23,,2026-07-29T06:56:44+00:00,URLError,unknown,research_funder,https://ror.org/01bfxea76,funder; nonprofit,https://ror.org/01bfxea76,Active organization classified as a funder in ROR; verify each call's external eligibility before applying.
empirikion.gr,Greece,Greek,2026-07-20,https://www.empirikion.gr,Empeirikio Foundation,GR,el,ror_record_last_modified,2026-07-20,,2026-07-29T06:56:43+00:00,URLError,unknown,research_funder,https://ror.org/019gtk008,funder; nonprofit,https://ror.org/019gtk008,Active organization classified as a funder in ROR; verify each call's external eligibility before applying.
eef.edu.gr,Greece,Greek,2026-07-20,https://www.eef.edu.gr,Eugenides Foundation,GR,el,ror_record_last_modified,2026-07-20,,2026-07-29T06:56:44+00:00,URLError,unknown,research_funder,https://ror.org/014bb9017,funder; nonprofit,https://ror.org/014bb9017,Active organization classified as a funder in ROR; verify each call's external eligibility before applying.
ipep-gr.org,Greece,Greek,2024-12-11,http://www.ipep-gr.org/,Foundation for Education and European Culture,GR,el,ror_record_last_modified,2024-12-11,,2026-07-29T06:56:45+00:00,RemoteDisconnected,unknown,research_funder,https://ror.org/03hvemf42,nonprofit; funder,https://ror.org/03hvemf42,Active organization classified as a funder in ROR; verify each call's external eligibility before applying.
fulbright.gr,Greece,Greek,2024-12-11,http://www.fulbright.gr/index_en.html,Fulbright Foundation,GR,el,ror_record_last_modified,2024-12-11,,2026-07-29T06:56:45+00:00,RemoteDisconnected,unknown,research_funder,https://ror.org/05r2ts661,nonprofit; funder,https://ror.org/05r2ts661,Active organization classified as a funder in ROR; verify each call's external eligibility before applying.
gsrt.gr,Greece,Greek,2024-12-11,http://www.gsrt.gr/central.aspx?sId=119I428I1089I323I488743,General Secretariat for Research and Technology,GR,el,ror_record_last_modified,2024-12-11,,2026-07-29T06:56:45+00:00,RemoteDisconnected,unknown,research_funder,https://ror.org/04yeh8h63,nonprofit; funder,https://ror.org/04yeh8h63,Active organization classified as a funder in ROR; verify each call's external eligibility before applying.
hua.gr,Greece,Greek,2024-12-11,https://www.hua.gr,Harokopio University of Athens,GR,el,ror_record_last_modified,2024-12-11,,2026-07-29T06:56:45+00:00,URLError,unknown,research_funder,https://ror.org/02k5gp281,education; funder,https://ror.org/02k5gp281,Active organization classified as a funder in ROR; verify each call's external eligibility before applying.
heal-link.gr,Greece,Greek,2026-06-23,https://www.heal-link.gr,Hellenic Academic Libraries Link,GR,el,ror_record_last_modified,2026-06-23,,2026-07-29T06:56:44+00:00,URLError,unknown,research_funder,https://ror.org/01wbw2607,funder; nonprofit,https://ror.org/01wbw2607,Active organization classified as a funder in ROR; verify each call's external eligibility before applying.
hcs.gr,Greece,Greek,2026-07-20,http://www.hcs.gr/,Hellenic Cardiological Society,GR,el,ror_record_last_modified,2026-07-20,,2026-07-29T06:56:43+00:00,ConnectionResetError,unknown,research_funder,https://ror.org/020r1b091,funder; nonprofit,https://ror.org/020r1b091,Active organization classified as a funder in ROR; verify each call's external eligibility before applying.
keelpno.gr,Greece,Greek,2024-12-11,http://www.keelpno.gr/en-us/home.aspx,Hellenic Center for Disease Control & Prevention,GR,el,ror_record_last_modified,2024-12-11,,2026-07-29T06:56:45+00:00,RemoteDisconnected,unknown,research_funder,https://ror.org/055t7f808,other; funder,https://ror.org/055t7f808,Active organization classified as a funder in ROR; verify each call's external eligibility before applying.
hhf-greece.gr,Greece,Greek,2024-12-11,http://www.hhf-greece.gr/index.asp,Hellenic Health Foundation,GR,el,ror_record_last_modified,2024-12-11,,2026-07-29T06:56:45+00:00,RemoteDisconnected,unknown,research_funder,https://ror.org/02wncmm17,healthcare; funder,https://ror.org/02wncmm17,Active organization classified as a funder in ROR; verify each call's external eligibility before applying.
elikar.gr,Greece,Greek,2026-07-20,https://www.elikar.gr,Hellenic Heart Foundation,GR,el,ror_record_last_modified,2026-07-20,,2026-07-29T06:56:43+00:00,URLError,unknown,research_funder,https://ror.org/01rfgzz59,funder; nonprofit,https://ror.org/01rfgzz59,Active organization classified as a funder in ROR; verify each call's external eligibility before applying.
sepsis.gr,Greece,Greek,2026-06-23,https://sepsis.gr,Hellenic Institute for the Study of Sepsis,GR,el,ror_record_last_modified,2026-06-23,,2026-07-29T06:56:44+00:00,URLError,unknown,research_funder,https://ror.org/02n4vr545,funder; nonprofit,https://ror.org/02n4vr545,Active organization classified as a funder in ROR; verify each call's external eligibility before applying.
hmu.gr,Greece,Greek,2026-02-24,https://hmu.gr,Hellenic Mediterranean University,GR,el,ror_record_last_modified,2026-02-24,,2026-07-29T06:56:44+00:00,URLError,unknown,research_funder,https://ror.org/039ce0m20,education; funder,https://ror.org/039ce0m20,Active organization classified as a funder in ROR; verify each call's external eligibility before applying.
minagric.gr,Greece,Greek,2024-12-11,http://www.minagric.gr/index.php/en/,Hellenic Ministry of Rural Development and Food,GR,el,ror_record_last_modified,2024-12-11,,2026-07-29T06:56:45+00:00,RemoteDisconnected,unknown,research_funder,https://ror.org/04h31f025,government; funder,https://ror.org/04h31f025,Active organization classified as a funder in ROR; verify each call's external eligibility before applying.
hsg.gr,Greece,Greek,2026-06-23,https://www.hsg.gr,Hellenic Society of Gastroenterology,GR,el,ror_record_last_modified,2026-06-23,,2026-07-29T06:56:44+00:00,URLError,unknown,research_funder,https://ror.org/00tcpfh73,funder; nonprofit,https://ror.org/00tcpfh73,Active organization classified as a funder in ROR; verify each call's external eligibility before applying.
hesmo.gr,Greece,Greek,2026-06-23,https://www.hesmo.gr,Hellenic Society of Medical Oncology,GR,el,ror_record_last_modified,2026-06-23,,2026-07-29T06:56:44+00:00,URLError,unknown,research_funder,https://ror.org/02ar9bs92,funder; nonprofit,https://ror.org/02ar9bs92,Active organization classified as a funder in ROR; verify each call's external eligibility before applying.
hts.org.gr,Greece,Greek,2026-07-20,http://www.hts.org.gr/,Hellenic Thoracic Society,GR,el,ror_record_last_modified,2026-07-20,,2026-07-29T06:56:29+00:00,TimeoutError,unknown,research_funder,https://ror.org/05f32qs32,funder; government,https://ror.org/05f32qs32,Active organization classified as a funder in ROR; verify each call's external eligibility before applying.
noa.gr,Greece,Greek,2026-07-20,https://www.astro.noa.gr,"Institute for Astronomy, Astrophysics, Space Applications and Remote Sensing",GR,el,ror_record_last_modified,2026-07-20,,2026-07-29T06:56:11+00:00,URLError,unknown,research_funder,https://ror.org/03nr4w996,facility; funder,https://ror.org/03nr4w996,Active organization classified as a funder in ROR; verify each call's external eligibility before applying.
latsis-foundation.org,Greece,Greek,2024-12-11,http://www.latsis-foundation.org/eng,John S. Latsis Public Benefit Foundation,GR,el,ror_record_last_modified,2024-12-11,,2026-07-29T06:56:45+00:00,RemoteDisconnected,unknown,research_funder,https://ror.org/0043mh554,nonprofit; funder,https://ror.org/0043mh554,Active organization classified as a funder in ROR; verify each call's external eligibility before applying.
msjacovidesgroup.com,Greece,Greek,2024-12-11,http://msjacovidesgroup.com/,M S Jacovides (Greece),GR,el,ror_record_last_modified,2024-12-11,,2026-07-29T06:56:45+00:00,RemoteDisconnected,unknown,research_funder,https://ror.org/04f1ha654,company; funder,https://ror.org/04f1ha654,Active organization classified as a funder in ROR; verify each call's external eligibility before applying.
minedu.gov.gr,Greece,Greek,2024-12-11,http://www.minedu.gov.gr/english,Ministry of Education and Religious Affairs,GR,el,ror_record_last_modified,2024-12-11,,2026-07-29T06:56:45+00:00,RemoteDisconnected,unknown,research_funder,https://ror.org/04zvb9t44,government; funder,https://ror.org/04zvb9t44,Active organization classified as a funder in ROR; verify each call's external eligibility before applying.
ypeka.gr,Greece,Greek,2024-12-11,http://www.ypeka.gr/Default.aspx?tabid=230&language=en-US,Ministry of Environment and Energy,GR,el,ror_record_last_modified,2024-12-11,,2026-07-29T06:56:44+00:00,RemoteDisconnected,unknown,research_funder,https://ror.org/02cmp6f87,government; funder,https://ror.org/02cmp6f87,Active organization classified as a funder in ROR; verify each call's external eligibility before applying.
moh.gov.gr,Greece,Greek,2026-07-20,http://www.moh.gov.gr/,Ministry of Health,GR,el,ror_record_last_modified,2026-07-20,,2026-07-29T06:56:19+00:00,TimeoutError,unknown,research_funder,https://ror.org/04ne34794,funder; government,https://ror.org/04ne34794,Active organization classified as a funder in ROR; verify each call's external eligibility before applying.
yme.gr,Greece,Greek,2024-12-11,http://www.yme.gr/index.php?getwhat=1&oid=531&id=&tid=531,"Ministry of Infrastructure, Transport and Networks",GR,el,ror_record_last_modified,2024-12-11,,2026-07-29T06:56:44+00:00,RemoteDisconnected,unknown,research_funder,https://ror.org/046gt4s87,government; funder,https://ror.org/046gt4s87,Active organization classified as a funder in ROR; verify each call's external eligibility before applying.
nagref.gr,Greece,Greek,2024-12-11,http://www.nagref.gr/,National Agricultural Research Foundation,GR,el,ror_record_last_modified,2024-12-11,,2026-07-29T06:56:45+00:00,RemoteDisconnected,unknown,research_funder,https://ror.org/04e0pwy27,facility; funder,https://ror.org/04e0pwy27,Active organization classified as a funder in ROR; verify each call's external eligibility before applying.
ntua.gr,Greece,Greek,2026-07-20,https://www.ntua.gr,National Technical University of Athens,GR,el,ror_record_last_modified,2026-07-20,,2026-07-29T06:55:55+00:00,URLError,unknown,research_funder,https://ror.org/03cx6bg69,education; funder,https://ror.org/03cx6bg69,Active organization classified as a funder in ROR; verify each call's external eligibility before applying.
uoa.gr,Greece,Greek,2024-12-11,https://www.uoa.gr,National and Kapodistrian University of Athens,GR,el,ror_record_last_modified,2024-12-11,,2026-07-29T06:56:45+00:00,URLError,unknown,research_funder,https://ror.org/04gnjpq42,education; funder,https://ror.org/04gnjpq42,Active organization classified as a funder in ROR; verify each call's external eligibility before applying.
opap.gr,Greece,Greek,2026-07-20,https://www.opap.gr,OPAP (Greece),GR,el,ror_record_last_modified,2026-07-20,,2026-07-29T06:55:23+00:00,URLError,unknown,research_funder,https://ror.org/03j20a298,company; funder,https://ror.org/03j20a298,Active organization classified as a funder in ROR; verify each call's external eligibility before applying.
okana.gr,Greece,Greek,2026-07-20,https://www.okana.gr,Organisation Against Drugs,GR,el,ror_record_last_modified,2026-07-20,,2026-07-29T06:55:39+00:00,URLError,unknown,research_funder,https://ror.org/0223a3n11,funder; government,https://ror.org/0223a3n11,Active organization classified as a funder in ROR; verify each call's external eligibility before applying.
propondis.gr,Greece,Greek,2026-06-23,http://www.propondis.gr,Propontis Foundation,GR,el,ror_record_last_modified,2026-06-23,,2026-07-29T06:56:44+00:00,RemoteDisconnected,unknown,research_funder,https://ror.org/02bh1a484,funder; nonprofit,https://ror.org/02bh1a484,Active organization classified as a funder in ROR; verify each call's external eligibility before applying.
rchumanities.gr,Greece,Greek,2026-06-23,https://www.rchumanities.gr,Research Centre for the Humanities,GR,el,ror_record_last_modified,2026-06-23,,2026-07-29T06:56:44+00:00,URLError,unknown,research_funder,https://ror.org/001xfre71,funder; nonprofit,https://ror.org/001xfre71,Active organization classified as a funder in ROR; verify each call's external eligibility before applying.
agsavvas-hosp.gr,Greece,Greek,2025-10-28,https://agsavvas-hosp.gr,St Savas Hospital,GR,el,ror_record_last_modified,2025-10-28,,2026-07-29T06:56:44+00:00,URLError,unknown,research_funder,https://ror.org/036h9st94,funder; healthcare,https://ror.org/036h9st94,Active organization classified as a funder in ROR; verify each call's external eligibility before applying.
iky.gr,Greece,Greek,2024-12-11,http://www.iky.gr/en/,State Scholarships Foundation,GR,el,ror_record_last_modified,2024-12-11,,2026-07-29T06:56:45+00:00,RemoteDisconnected,unknown,research_funder,https://ror.org/023z3dm33,other; funder,https://ror.org/023z3dm33,Active organization classified as a funder in ROR; verify each call's external eligibility before applying.
snf.org,Greece,Greek,2024-12-11,http://www.snf.org/,Stavros Niarchos Foundation,GR,el,ror_record_last_modified,2024-12-11,,2026-07-29T06:56:45+00:00,RemoteDisconnected,unknown,research_funder,https://ror.org/0210rze73,nonprofit; funder,https://ror.org/0210rze73,Active organization classified as a funder in ROR; verify each call's external eligibility before applying.
uoc.gr,Greece,Greek,2025-01-22,https://www.uoc.gr,University of Crete,GR,el,ror_record_last_modified,2025-01-22,,2026-07-29T06:56:44+00:00,URLError,unknown,research_funder,https://ror.org/00dr28g20,education; funder,https://ror.org/00dr28g20,Active organization classified as a funder in ROR; verify each call's external eligibility before applying.
uoi.gr,Greece,Greek,2024-12-11,https://uoi.gr,University of Ioannina,GR,el,ror_record_last_modified,2024-12-11,,2026-07-29T06:56:45+00:00,URLError,unknown,research_funder,https://ror.org/01qg3j183,education; funder,https://ror.org/01qg3j183,Active organization classified as a funder in ROR; verify each call's external eligibility before applying.
uom.gr,Greece,Greek,2024-12-11,https://www.uom.gr,University of Macedonia,GR,el,ror_record_last_modified,2024-12-11,,2026-07-29T06:56:45+00:00,URLError,unknown,research_funder,https://ror.org/05fg6gr82,education; funder,https://ror.org/05fg6gr82,Active organization classified as a funder in ROR; verify each call's external eligibility before applying.
upatras.gr,Greece,Greek,2024-12-11,https://www.upatras.gr,University of Patras,GR,el,ror_record_last_modified,2024-12-11,,2026-07-29T06:56:44+00:00,URLError,unknown,research_funder,https://ror.org/017wvtq80,education; funder,https://ror.org/017wvtq80,Active organization classified as a funder in ROR; verify each call's external eligibility before applying.
uop.gr,Greece,Greek,2026-07-20,https://www.uop.gr,University of Peloponnese,GR,el,ror_record_last_modified,2026-07-20,,2026-07-29T06:54:59+00:00,URLError,unknown,research_funder,https://ror.org/04d4d3c02,education; funder,https://ror.org/04d4d3c02,Active organization classified as a funder in ROR; verify each call's external eligibility before applying.
uth.gr,Greece,Greek,2024-12-11,https://www.uth.gr,University of Thessaly,GR,el,ror_record_last_modified,2024-12-11,,2026-07-29T06:56:44+00:00,URLError,unknown,research_funder,https://ror.org/04v4g9h31,education; funder,https://ror.org/04v4g9h31,Active organization classified as a funder in ROR; verify each call's external eligibility before applying.
uniwa.gr,Greece,Greek,2026-03-31,https://www.uniwa.gr,University of West Attica,GR,el,ror_record_last_modified,2026-03-31,,2026-07-29T06:56:44+00:00,URLError,unknown,research_funder,https://ror.org/00r2r5k05,education; funder,https://ror.org/00r2r5k05,Active organization classified as a funder in ROR; verify each call's external eligibility before applying.
uowm.gr,Greece,Greek,2024-12-11,https://www.uowm.gr,University of Western Macedonia,GR,el,ror_record_last_modified,2024-12-11,,2026-07-29T06:56:44+00:00,URLError,unknown,research_funder,https://ror.org/00a5pe906,education; funder,https://ror.org/00a5pe906,Active organization classified as a funder in ROR; verify each call's external eligibility before applying.
gov.gg,Guernsey,English,2026-07-20,https://www.gov.gg/,gov.gg,GG,en,directory_release_date,,,2026-07-29T06:54:59+00:00,200,yes,government portal,,,curated supplemental seed,"Curated European funding, challenge, programme, or government portal."
balassiintezet.hu,Hungary,Hungarian,2024-12-11,http://www.balassiintezet.hu/en/,Balassi Institute,HU,hu,ror_record_last_modified,2024-12-11,,2026-07-29T06:56:45+00:00,RemoteDisconnected,unknown,research_funder,https://ror.org/05evyfq09,nonprofit; funder,https://ror.org/05evyfq09,Active organization classified as a funder in ROR; verify each call's external eligibility before applying.
bme.hu,Hungary,Hungarian,2025-12-15,https://www.bme.hu,Budapest University of Technology and Economics,HU,hu,ror_record_last_modified,2025-12-15,,2026-07-29T06:56:44+00:00,URLError,unknown,research_funder,https://ror.org/02w42ss30,education; funder,https://ror.org/02w42ss30,Active organization classified as a funder in ROR; verify each call's external eligibility before applying.
uni-corvinus.hu,Hungary,Hungarian,2025-11-24,https://www.uni-corvinus.hu,Corvinus University of Budapest,HU,hu,ror_record_last_modified,2025-11-24,,2026-07-29T06:56:44+00:00,URLError,unknown,research_funder,https://ror.org/01vxfm326,education; funder,https://ror.org/01vxfm326,Active organization classified as a funder in ROR; verify each call's external eligibility before applying.
okfo.gov.hu,Hungary,Hungarian,2024-12-11,https://ett.okfo.gov.hu/en/secretariat/,Egészségügyi Tudományos Tanács,HU,hu,ror_record_last_modified,2024-12-11,,2026-07-29T06:56:45+00:00,URLError,unknown,research_funder,https://ror.org/00v79jn39,government; funder,https://ror.org/00v79jn39,Active organization classified as a funder in ROR; verify each call's external eligibility before applying.
uni-eszterhazy.hu,Hungary,Hungarian,2024-12-11,https://uni-eszterhazy.hu,Eszterhazy Karoly Catholic University,HU,hu,ror_record_last_modified,2024-12-11,,2026-07-29T06:56:44+00:00,URLError,unknown,research_funder,https://ror.org/004gfgx38,education; funder,https://ror.org/004gfgx38,Active organization classified as a funder in ROR; verify each call's external eligibility before applying.
elte.hu,Hungary,Hungarian,2025-11-24,https://www.elte.hu,Eötvös Loránd University,HU,hu,ror_record_last_modified,2025-11-24,,2026-07-29T06:56:44+00:00,URLError,unknown,research_funder,https://ror.org/01jsq2704,education; funder,https://ror.org/01jsq2704,Active organization classified as a funder in ROR; verify each call's external eligibility before applying.
richter.hu,Hungary,Hungarian,2025-06-24,https://www.gedeonrichter.com/hu-hu,Gedeon Richter (Hungary),HU,hu,ror_record_last_modified,2025-06-24,,2026-07-29T06:56:44+00:00,URLError,unknown,research_funder,https://ror.org/0033rtn64,company; funder,https://ror.org/0033rtn64,Active organization classified as a funder in ROR; verify each call's external eligibility before applying.
wigner.hu,Hungary,Hungarian,2026-06-23,https://wigner.hu,HUN-REN Wigner Research Centre for Physics,HU,hu,ror_record_last_modified,2026-06-23,,2026-07-29T06:56:43+00:00,URLError,unknown,research_funder,https://ror.org/035dsb084,facility; funder,https://ror.org/035dsb084,Active organization classified as a funder in ROR; verify each call's external eligibility before applying.
mta.hu,Hungary,Hungarian,2026-06-02,http://mta.hu/english/,Hungarian Academy of Sciences,HU,hu,ror_record_last_modified,2026-06-02,,2026-07-29T06:56:44+00:00,RemoteDisconnected,unknown,research_funder,https://ror.org/02ks8qq67,funder; government,https://ror.org/02ks8qq67,Active organization classified as a funder in ROR; verify each call's external eligibility before applying.
diabet.hu,Hungary,Hungarian,2026-06-23,https://diabet.hu,Hungarian Diabetes Association,HU,hu,ror_record_last_modified,2026-06-23,,2026-07-29T06:56:44+00:00,URLError,unknown,research_funder,https://ror.org/00aezch75,funder; nonprofit,https://ror.org/00aezch75,Active organization classified as a funder in ROR; verify each call's external eligibility before applying.
nhmus.hu,Hungary,Hungarian,2025-10-28,https://www.nhmus.hu/,Hungarian Natural History Museum,HU,hu,ror_record_last_modified,2025-10-28,,2026-07-29T06:56:44+00:00,URLError,unknown,research_funder,https://ror.org/04y1zat75,archive; funder,https://ror.org/04y1zat75,Active organization classified as a funder in ROR; verify each call's external eligibility before applying.
hun-ren.hu,Hungary,Hungarian,2026-06-02,https://hun-ren.hu,Hungarian Research Network,HU,hu,ror_record_last_modified,2026-06-02,,2026-07-29T06:56:44+00:00,URLError,unknown,research_funder,https://ror.org/04w6pnc49,funder; other,https://ror.org/04w6pnc49,Active organization classified as a funder in ROR; verify each call's external eligibility before applying.
tudogyogyasz.hu,Hungary,Hungarian,2026-06-23,https://tudogyogyasz.hu,Hungarian Respiratory Society,HU,hu,ror_record_last_modified,2026-06-23,,2026-07-29T06:56:43+00:00,URLError,unknown,research_funder,https://ror.org/05n8mw656,funder; nonprofit,https://ror.org/05n8mw656,Active organization classified as a funder in ROR; verify each call's external eligibility before applying.
tetalap.hu,Hungary,Hungarian,2024-12-11,http://www.tetalap.hu/,Hungarian Science and Technology Foundation,HU,hu,ror_record_last_modified,2024-12-11,,2026-07-29T06:56:45+00:00,RemoteDisconnected,unknown,research_funder,https://ror.org/017aqg979,nonprofit; funder,https://ror.org/017aqg979,Active organization classified as a funder in ROR; verify each call's external eligibility before applying.
hypertension.hu,Hungary,Hungarian,2026-06-23,https://hypertension.hu,Hungarian Society of Hypertension,HU,hu,ror_record_last_modified,2026-06-23,,2026-07-29T06:56:44+00:00,URLError,unknown,research_funder,https://ror.org/00b4mms22,funder; nonprofit,https://ror.org/00b4mms22,Active organization classified as a funder in ROR; verify each call's external eligibility before applying.
haesf.org,Hungary,Hungarian,2026-06-23,https://www.haesf.org,Hungarian-American Enterprise Scholarship Fund,HU,hu,ror_record_last_modified,2026-06-23,,2026-07-29T06:56:44+00:00,URLError,unknown,research_funder,https://ror.org/00snxr958,funder; nonprofit,https://ror.org/00snxr958,Active organization classified as a funder in ROR; verify each call's external eligibility before applying.
uni-neumann.hu,Hungary,Hungarian,2025-10-28,https://nje.hu/,John von Neumann University,HU,hu,ror_record_last_modified,2025-10-28,,2026-07-29T06:56:44+00:00,URLError,unknown,research_funder,https://ror.org/03n9qzd79,education; funder,https://ror.org/03n9qzd79,Active organization classified as a funder in ROR; verify each call's external eligibility before applying.
uni-mate.hu,Hungary,Hungarian,2025-05-05,https://www.uni-mate.hu,Magyar Agrár- és Élettudományi Egyetem,HU,hu,ror_record_last_modified,2025-05-05,,2026-07-29T06:56:44+00:00,URLError,unknown,research_funder,https://ror.org/01394d192,education; funder,https://ror.org/01394d192,Active organization classified as a funder in ROR; verify each call's external eligibility before applying.
kormany.hu,Hungary,Hungarian,2026-07-20,https://kormany.hu/kormanyzat/nemzetgazdasagi-miniszterium,Ministry for National Economy,HU,hu,ror_record_last_modified,2026-07-20,,2026-07-29T06:56:30+00:00,URLError,unknown,research_funder,https://ror.org/015t59q63,funder; government,https://ror.org/015t59q63,Active organization classified as a funder in ROR; verify each call's external eligibility before applying.
naik.hu,Hungary,Hungarian,2024-12-11,http://www.naik.hu/en/,National Agricultural Research and Innovation Centre,HU,hu,ror_record_last_modified,2024-12-11,,2026-07-29T06:56:45+00:00,RemoteDisconnected,unknown,research_funder,https://ror.org/01w885875,facility; funder,https://ror.org/01w885875,Active organization classified as a funder in ROR; verify each call's external eligibility before applying.
nkfih.gov.hu,Hungary,Hungarian,2026-06-02,https://nkfih.gov.hu/palyazoknak,"National Research, Development and Innovation Office",HU,hu,ror_record_last_modified,2026-06-02,,2026-07-29T06:56:44+00:00,URLError,unknown,research_funder,https://ror.org/03g2am276,funder; government,https://ror.org/03g2am276,Active organization classified as a funder in ROR; verify each call's external eligibility before applying.
uni-obuda.hu,Hungary,Hungarian,2026-07-20,https://uni-obuda.hu,Obuda University,HU,hu,ror_record_last_modified,2026-07-20,,2026-07-29T06:55:39+00:00,URLError,unknown,research_funder,https://ror.org/00ax71d21,education; funder,https://ror.org/00ax71d21,Active organization classified as a funder in ROR; verify each call's external eligibility before applying.
padsbudapest.hu,Hungary,Hungarian,2024-12-11,http://www.padsbudapest.hu/pads/,Pallas Athéné Domus Animae Alapítvány,HU,hu,ror_record_last_modified,2024-12-11,,2026-07-29T06:56:45+00:00,RemoteDisconnected,unknown,research_funder,https://ror.org/01ct9s926,nonprofit; funder,https://ror.org/01ct9s926,Active organization classified as a funder in ROR; verify each call's external eligibility before applying.
ppke.hu,Hungary,Hungarian,2024-12-11,https://ppke.hu,Pázmány Péter Catholic University,HU,hu,ror_record_last_modified,2024-12-11,,2026-07-29T06:56:45+00:00,URLError,unknown,research_funder,https://ror.org/05v9kya57,education; funder,https://ror.org/05v9kya57,Active organization classified as a funder in ROR; verify each call's external eligibility before applying.
gedeonrichter.com,Hungary,Hungarian,2026-07-20,https://www.gedeonrichter.com/hu-hu/fenntarthatosag/t%C3%A1rsadalmi-szerepv%C3%A1llal%C3%A1s/alapitvanyok/rg-talentum-alapitvany,Richter Gedeon Talentum Alapítvány,HU,hu,ror_record_last_modified,2026-07-20,,2026-07-29T06:56:43+00:00,URLError,unknown,research_funder,https://ror.org/02h92vp24,funder; nonprofit,https://ror.org/02h92vp24,Active organization classified as a funder in ROR; verify each call's external eligibility before applying.
semmelweis.hu,Hungary,Hungarian,2024-12-11,http://semmelweis.hu/english/the-university/,Semmelweis University,HU,hu,ror_record_last_modified,2024-12-11,,2026-07-29T06:56:45+00:00,RemoteDisconnected,unknown,research_funder,https://ror.org/01g9ty582,education; funder,https://ror.org/01g9ty582,Active organization classified as a funder in ROR; verify each call's external eligibility before applying.
omaa.hu,Hungary,Hungarian,2026-07-20,http://www.omaa.hu,Stiftung Aktion Österreich-Ungarn,HU,hu,ror_record_last_modified,2026-07-20,,2026-07-29T06:56:19+00:00,TimeoutError,unknown,research_funder,https://ror.org/04vqvwv40,funder; nonprofit,https://ror.org/04vqvwv40,Active organization classified as a funder in ROR; verify each call's external eligibility before applying.
sze.hu,Hungary,Hungarian,2024-12-11,https://uni.sze.hu,Széchenyi István University,HU,hu,ror_record_last_modified,2024-12-11,,2026-07-29T06:56:45+00:00,URLError,unknown,research_funder,https://ror.org/04091f946,education; funder,https://ror.org/04091f946,Active organization classified as a funder in ROR; verify each call's external eligibility before applying.
tka.hu,Hungary,Hungarian,2024-12-11,http://www.tka.hu/english,Tempus Public Foundation,HU,hu,ror_record_last_modified,2024-12-11,,2026-07-29T06:56:44+00:00,RemoteDisconnected,unknown,research_funder,https://ror.org/053mvwx19,nonprofit; funder,https://ror.org/053mvwx19,Active organization classified as a funder in ROR; verify each call's external eligibility before applying.
unideb.hu,Hungary,Hungarian,2026-07-20,https://unideb.hu,University of Debrecen,HU,hu,ror_record_last_modified,2026-07-20,,2026-07-29T06:55:23+00:00,URLError,unknown,research_funder,https://ror.org/02xf66n48,education; funder,https://ror.org/02xf66n48,Active organization classified as a funder in ROR; verify each call's external eligibility before applying.
uni-miskolc.hu,Hungary,Hungarian,2026-07-20,http://www.uni-miskolc.hu/,University of Miskolc,HU,hu,ror_record_last_modified,2026-07-20,,2026-07-29T06:55:55+00:00,TimeoutError,unknown,research_funder,https://ror.org/038g7dk46,education; funder,https://ror.org/038g7dk46,Active organization classified as a funder in ROR; verify each call's external eligibility before applying.
pte.hu,Hungary,Hungarian,2025-05-05,https://pte.hu,University of Pecs,HU,hu,ror_record_last_modified,2025-05-05,,2026-07-29T06:56:44+00:00,URLError,unknown,research_funder,https://ror.org/037b5pv06,education; funder,https://ror.org/037b5pv06,Active organization classified as a funder in ROR; verify each call's external eligibility before applying.
uni-sopron.hu,Hungary,Hungarian,2024-12-11,http://international.uni-sopron.hu/home,University of Sopron,HU,hu,ror_record_last_modified,2024-12-11,,2026-07-29T06:56:44+00:00,RemoteDisconnected,unknown,research_funder,https://ror.org/05nj7my03,education; funder,https://ror.org/05nj7my03,Active organization classified as a funder in ROR; verify each call's external eligibility before applying.
u-szeged.hu,Hungary,Hungarian,2026-07-20,http://www.u-szeged.hu/,University of Szeged,HU,hu,ror_record_last_modified,2026-07-20,,2026-07-29T06:56:11+00:00,TimeoutError,unknown,research_funder,https://ror.org/01pnej532,education; funder,https://ror.org/01pnej532,Active organization classified as a funder in ROR; verify each call's external eligibility before applying.
univet.hu,Hungary,Hungarian,2026-07-20,http://www.univet.hu/en,University of Veterinary Medicine,HU,hu,ror_record_last_modified,2026-07-20,,2026-07-29T06:54:59+00:00,TimeoutError,unknown,research_funder,https://ror.org/03vayv672,education; funder,https://ror.org/03vayv672,Active organization classified as a funder in ROR; verify each call's external eligibility before applying.
lbhi.is,Iceland,Icelandic,2024-12-11,https://lbhi.is,Agricultural University of Iceland,IS,is,ror_record_last_modified,2024-12-11,,2026-07-29T06:56:44+00:00,URLError,unknown,research_funder,https://ror.org/035s3f323,education; funder,https://ror.org/035s3f323,Active organization classified as a funder in ROR; verify each call's external eligibility before applying.
ljosmaedrafelag.is,Iceland,Icelandic,2026-06-23,https://www.ljosmaedrafelag.is,Icelandic Association of Midwives,IS,is,ror_record_last_modified,2026-06-23,,2026-07-29T06:55:55+00:00,URLError,unknown,research_funder,https://ror.org/041rntn95,funder; nonprofit,https://ror.org/041rntn95,Active organization classified as a funder in ROR; verify each call's external eligibility before applying.
krabb.is,Iceland,Icelandic,2026-07-20,https://www.krabb.is/,Icelandic Cancer Society,IS,is,ror_record_last_modified,2026-07-20,,2026-07-29T06:55:23+00:00,URLError,unknown,research_funder,https://ror.org/052m6j024,funder; other,https://ror.org/052m6j024,Active organization classified as a funder in ROR; verify each call's external eligibility before applying.
hjarta.is,Iceland,Icelandic,2025-10-28,https://hjarta.is,Icelandic Heart Association,IS,is,ror_record_last_modified,2025-10-28,,2026-07-29T06:56:43+00:00,URLError,unknown,research_funder,https://ror.org/051snsd81,funder; nonprofit,https://ror.org/051snsd81,Active organization classified as a funder in ROR; verify each call's external eligibility before applying.
iceida.is,Iceland,Icelandic,2024-12-11,http://www.iceida.is/english,Icelandic International Development Agency,IS,is,ror_record_last_modified,2024-12-11,,2026-07-29T06:56:44+00:00,RemoteDisconnected,unknown,research_funder,https://ror.org/037m1gz55,other; funder,https://ror.org/037m1gz55,Active organization classified as a funder in ROR; verify each call's external eligibility before applying.
ferdamalastofa.is,Iceland,Icelandic,2026-06-23,https://www.ferdamalastofa.is,Icelandic Tourist Board,IS,is,ror_record_last_modified,2026-06-23,,2026-07-29T06:56:33+00:00,URLError,unknown,research_funder,https://ror.org/02p47sy89,funder; government,https://ror.org/02p47sy89,Active organization classified as a funder in ROR; verify each call's external eligibility before applying.
hi.is,Iceland,Icelandic,2026-07-20,https://earthice.hi.is,Institute of Earth Sciences,IS,is,ror_record_last_modified,2026-07-20,,2026-07-29T06:55:39+00:00,URLError,unknown,research_funder,https://ror.org/01g6qcm52,education; funder,https://ror.org/01g6qcm52,Active organization classified as a funder in ROR; verify each call's external eligibility before applying.
iasc.info,Iceland,Icelandic,2026-06-23,https://iasc.info,International Arctic Science Committee,IS,is,ror_record_last_modified,2026-06-23,,2026-07-29T06:56:19+00:00,URLError,unknown,research_funder,https://ror.org/05e1dzg38,funder; nonprofit,https://ror.org/05e1dzg38,Active organization classified as a funder in ROR; verify each call's external eligibility before applying.
landsvirkjun.com,Iceland,Icelandic,2024-12-11,http://www.landsvirkjun.com/,Landsvirkjun (Iceland),IS,is,ror_record_last_modified,2024-12-11,,2026-07-29T06:56:44+00:00,RemoteDisconnected,unknown,research_funder,https://ror.org/03xn5qt57,company; funder,https://ror.org/03xn5qt57,Active organization classified as a funder in ROR; verify each call's external eligibility before applying.
mfa.is,Iceland,Icelandic,2024-12-11,https://www.mfa.is/,Ministry for Foreign Affairs of Iceland,IS,is,ror_record_last_modified,2024-12-11,,2026-07-29T06:56:44+00:00,URLError,unknown,research_funder,https://ror.org/03672y868,government; funder,https://ror.org/03672y868,Active organization classified as a funder in ROR; verify each call's external eligibility before applying.
landspitali.is,Iceland,Icelandic,2024-12-11,https://landspitali.is,National University Hospital of Iceland,IS,is,ror_record_last_modified,2024-12-11,,2026-07-29T06:56:44+00:00,URLError,unknown,research_funder,https://ror.org/011k7k191,funder; healthcare,https://ror.org/011k7k191,Active organization classified as a funder in ROR; verify each call's external eligibility before applying.
ncu.nu,Iceland,Icelandic,2026-07-20,http://www.ncu.nu/,Nordic Cancer Union,IS,is,ror_record_last_modified,2026-07-20,,2026-07-29T06:54:59+00:00,TimeoutError,unknown,research_funder,https://ror.org/0308j5838,funder; other,https://ror.org/0308j5838,Active organization classified as a funder in ROR; verify each call's external eligibility before applying.
or.is,Iceland,Icelandic,2024-12-11,https://www.or.is/,Reykjavík Energy (Iceland),IS,is,ror_record_last_modified,2024-12-11,,2026-07-29T06:56:44+00:00,URLError,unknown,research_funder,https://ror.org/0575pmh72,company; funder,https://ror.org/0575pmh72,Active organization classified as a funder in ROR; verify each call's external eligibility before applying.
ru.is,Iceland,Icelandic,2024-12-11,https://www.ru.is,Reykjavík University,IS,is,ror_record_last_modified,2024-12-11,,2026-07-29T06:56:44+00:00,URLError,unknown,research_funder,https://ror.org/05d2kyx68,education; funder,https://ror.org/05d2kyx68,Active organization classified as a funder in ROR; verify each call's external eligibility before applying.
rannis.is,Iceland,Icelandic,2026-06-02,http://en.rannis.is/,The Icelandic Centre for Research,IS,is,ror_record_last_modified,2026-06-02,,2026-07-29T06:56:43+00:00,ConnectionResetError,unknown,research_funder,https://ror.org/03srneg48,funder; government,https://ror.org/03srneg48,Active organization classified as a funder in ROR; verify each call's external eligibility before applying.
lfi.is,Iceland,Icelandic,2026-06-23,https://www.lfi.is,The Pharmaceutical Society of Iceland,IS,is,ror_record_last_modified,2026-06-23,,2026-07-29T06:56:11+00:00,URLError,unknown,research_funder,https://ror.org/01jh74e11,funder; nonprofit,https://ror.org/01jh74e11,Active organization classified as a funder in ROR; verify each call's external eligibility before applying.
unak.is,Iceland,Icelandic,2024-12-11,https://www.unak.is,University of Akureyri,IS,is,ror_record_last_modified,2024-12-11,,2026-07-29T06:56:43+00:00,URLError,unknown,research_funder,https://ror.org/01gnd8r41,education; funder,https://ror.org/01gnd8r41,Active organization classified as a funder in ROR; verify each call's external eligibility before applying.
ossur.is,Iceland,Icelandic,2024-12-11,https://www.ossur.is/,Össur (Iceland),IS,is,ror_record_last_modified,2024-12-11,,2026-07-29T06:56:44+00:00,URLError,unknown,research_funder,https://ror.org/026meq292,company; funder,https://ror.org/026meq292,Active organization classified as a funder in ROR; verify each call's external eligibility before applying.
adaptcentre.ie,Ireland,English|Irish,2026-07-20,https://www.adaptcentre.ie,ADAPT - Centre for Digital Content Technology,IE,en|ga,ror_record_last_modified,2026-07-20,,2026-07-29T06:56:44+00:00,URLError,unknown,research_funder,https://ror.org/04jxnn214,facility; funder,https://ror.org/04jxnn214,Active organization classified as a funder in ROR; verify each call's external eligibility before applying.
aerogen.com,Ireland,English|Irish,2026-07-20,https://aerogen.com,Aerogen (Ireland),IE,en|ga,ror_record_last_modified,2026-07-20,,2026-07-29T06:56:44+00:00,URLError,unknown,research_funder,https://ror.org/019g1wb57,company; funder,https://ror.org/019g1wb57,Active organization classified as a funder in ROR; verify each call's external eligibility before applying.
alimentaryhealth.ie,Ireland,English|Irish,2026-06-23,https://www.alimentaryhealth.ie/,Alimentary Health (Ireland),IE,en|ga,ror_record_last_modified,2026-06-23,,2026-07-29T06:56:45+00:00,URLError,unknown,research_funder,https://ror.org/05a5s1z53,company; funder,https://ror.org/05a5s1z53,Active organization classified as a funder in ROR; verify each call's external eligibility before applying.
atu.ie,Ireland,English|Irish,2026-07-20,https://www.atu.ie,Atlantic Technological University,IE,en|ga,ror_record_last_modified,2026-07-20,,2026-07-29T06:56:44+00:00,URLError,unknown,research_funder,https://ror.org/0458dap48,education; funder,https://ror.org/0458dap48,Active organization classified as a funder in ROR; verify each call's external eligibility before applying.
breakthroughcancerresearch.ie,Ireland,English|Irish,2026-06-23,https://breakthroughcancerresearch.ie,Breakthrough Cancer Research,IE,en|ga,ror_record_last_modified,2026-06-23,,2026-07-29T06:56:45+00:00,URLError,unknown,research_funder,https://ror.org/036ntj052,funder; nonprofit,https://ror.org/036ntj052,Active organization classified as a funder in ROR; verify each call's external eligibility before applying.
breastcancerireland.com,Ireland,English|Irish,2026-07-20,https://www.breastcancerireland.com,Breast Cancer Ireland,IE,en|ga,ror_record_last_modified,2026-07-20,,2026-07-29T06:56:44+00:00,URLError,unknown,research_funder,https://ror.org/034kj0g46,funder; nonprofit,https://ror.org/034kj0g46,Active organization classified as a funder in ROR; verify each call's external eligibility before applying.
crc.ie,Ireland,English|Irish,2026-01-29,https://www.crc.ie,Central Remedial Clinic,IE,en|ga,ror_record_last_modified,2026-01-29,,2026-07-29T06:56:45+00:00,URLError,unknown,research_funder,https://ror.org/04255rd16,funder; nonprofit,https://ror.org/04255rd16,Active organization classified as a funder in ROR; verify each call's external eligibility before applying.
cystinosis.ie,Ireland,English|Irish,2026-06-02,http://www.cystinosis.ie/,Cystinosis Ireland,IE,en|ga,ror_record_last_modified,2026-06-02,,2026-07-29T06:56:45+00:00,RemoteDisconnected,unknown,research_funder,https://ror.org/05varta73,funder; nonprofit,https://ror.org/05varta73,Active organization classified as a funder in ROR; verify each call's external eligibility before applying.
dptc.ie,Ireland,English|Irish,2026-06-23,https://dptc.ie,Dairy Processing Technology Centre,IE,en|ga,ror_record_last_modified,2026-06-23,,2026-07-29T06:56:45+00:00,URLError,unknown,research_funder,https://ror.org/05hfhrb03,facility; funder,https://ror.org/05hfhrb03,Active organization classified as a funder in ROR; verify each call's external eligibility before applying.
dairyresearchireland.ie,Ireland,English|Irish,2026-06-23,https://dairyresearchireland.ie,Dairy Research Ireland,IE,en|ga,ror_record_last_modified,2026-06-23,,2026-07-29T06:56:45+00:00,URLError,unknown,research_funder,https://ror.org/004c7yx65,funder; nonprofit,https://ror.org/004c7yx65,Active organization classified as a funder in ROR; verify each call's external eligibility before applying.
gov.ie,Ireland,English|Irish,2026-06-02,https://www.gov.ie/en/organisation/department-of-the-environment-climate-and-communications/,"Department of the Environment, Climate and Communications",IE,en|ga,ror_record_last_modified,2026-06-02,,2026-07-29T06:56:45+00:00,URLError,unknown,research_funder,https://ror.org/01tn4vp83,funder; government,https://ror.org/01tn4vp83,Active organization classified as a funder in ROR; verify each call's external eligibility before applying.
dkit.ie,Ireland,English|Irish,2026-07-20,https://www.dkit.ie/,Dundalk Institute of Technology,IE,en|ga,ror_record_last_modified,2026-07-20,,2026-07-29T06:56:44+00:00,URLError,unknown,research_funder,https://ror.org/01800zd49,education; funder,https://ror.org/01800zd49,Active organization classified as a funder in ROR; verify each call's external eligibility before applying.
esri.ie,Ireland,English|Irish,2026-06-02,https://www.esri.ie,Economic and Social Research Institute,IE,en|ga,ror_record_last_modified,2026-06-02,,2026-07-29T06:56:45+00:00,URLError,unknown,research_funder,https://ror.org/04q0a4f84,funder; nonprofit,https://ror.org/04q0a4f84,Active organization classified as a funder in ROR; verify each call's external eligibility before applying.
guf.ie,Ireland,English|Irish,2026-06-23,https://guf.ie,Galway University Foundation,IE,en|ga,ror_record_last_modified,2026-06-23,,2026-07-29T06:56:45+00:00,URLError,unknown,research_funder,https://ror.org/04cs6ae58,funder; nonprofit,https://ror.org/04cs6ae58,Active organization classified as a funder in ROR; verify each call's external eligibility before applying.
hrb.ie,Ireland,English|Irish,2026-06-02,https://www.hrb.ie,Health Research Board,IE,en|ga,ror_record_last_modified,2026-06-02,,2026-07-29T06:56:45+00:00,URLError,unknown,research_funder,https://ror.org/003hb2249,funder; government,https://ror.org/003hb2249,Active organization classified as a funder in ROR; verify each call's external eligibility before applying.
hrci.ie,Ireland,English|Irish,2026-06-23,https://hrci.ie,Health Research Charities Ireland,IE,en|ga,ror_record_last_modified,2026-06-23,,2026-07-29T06:56:45+00:00,URLError,unknown,research_funder,https://ror.org/00grmdk53,funder; nonprofit,https://ror.org/00grmdk53,Active organization classified as a funder in ROR; verify each call's external eligibility before applying.
fisheriesireland.ie,Ireland,English|Irish,2026-01-29,https://www.fisheriesireland.ie,Inland Fisheries Ireland,IE,en|ga,ror_record_last_modified,2026-01-29,,2026-07-29T06:56:45+00:00,URLError,unknown,research_funder,https://ror.org/022rydv31,funder; government,https://ror.org/022rydv31,Active organization classified as a funder in ROR; verify each call's external eligibility before applying.
insight-centre.org,Ireland,English|Irish,2026-06-23,https://www.insight-centre.org,Insight SFI Research Centre for Data Analytics,IE,en|ga,ror_record_last_modified,2026-06-23,,2026-07-29T06:56:44+00:00,URLError,unknown,research_funder,https://ror.org/03c01dw55,facility; funder,https://ror.org/03c01dw55,Active organization classified as a funder in ROR; verify each call's external eligibility before applying.
icuf.ie,Ireland,English|Irish,2026-06-23,https://www.icuf.ie,Ireland Canada University Foundation,IE,en|ga,ror_record_last_modified,2026-06-23,,2026-07-29T06:56:44+00:00,URLError,unknown,research_funder,https://ror.org/0175wcg41,funder; nonprofit,https://ror.org/0175wcg41,Active organization classified as a funder in ROR; verify each call's external eligibility before applying.
icgp.ie,Ireland,English|Irish,2026-06-23,https://www.irishcollegeofgps.ie,Irish College of General Practitioners,IE,en|ga,ror_record_last_modified,2026-06-23,,2026-07-29T06:56:45+00:00,URLError,unknown,research_funder,https://ror.org/009k2vc47,education; funder; nonprofit,https://ror.org/009k2vc47,Active organization classified as a funder in ROR; verify each call's external eligibility before applying.
icomp.ie,Ireland,English|Irish,2026-07-20,https://icomp.ie,Irish Composites Centre,IE,en|ga,ror_record_last_modified,2026-07-20,,2026-07-29T06:56:44+00:00,URLError,unknown,research_funder,https://ror.org/00cvmet73,facility; funder,https://ror.org/00cvmet73,Active organization classified as a funder in ROR; verify each call's external eligibility before applying.
irishendocrinesociety.com,Ireland,English|Irish,2026-06-23,https://irishendocrinesociety.com,Irish Endocrine Society,IE,en|ga,ror_record_last_modified,2026-06-23,,2026-07-29T06:56:44+00:00,URLError,unknown,research_funder,https://ror.org/01tvt4378,funder; nonprofit,https://ror.org/01tvt4378,Active organization classified as a funder in ROR; verify each call's external eligibility before applying.
mpssociety.ie,Ireland,English|Irish,2026-07-20,https://www.mpssociety.ie/wordpress/,Irish MPS Society,IE,en|ga,ror_record_last_modified,2026-07-20,,2026-07-29T06:56:43+00:00,URLError,unknown,research_funder,https://ror.org/008n1aw76,funder; nonprofit,https://ror.org/008n1aw76,Active organization classified as a funder in ROR; verify each call's external eligibility before applying.
imnda.ie,Ireland,English|Irish,2026-07-20,https://www.imnda.ie,Irish Motor Neurone Disease Association,IE,en|ga,ror_record_last_modified,2026-07-20,,2026-07-29T06:56:44+00:00,URLError,unknown,research_funder,https://ror.org/051d0gx62,funder; nonprofit,https://ror.org/051d0gx62,Active organization classified as a funder in ROR; verify each call's external eligibility before applying.
irishnephrology.ie,Ireland,English|Irish,2026-06-23,https://irishnephrology.ie,Irish Nephrology Society,IE,en|ga,ror_record_last_modified,2026-06-23,,2026-07-29T06:56:44+00:00,URLError,unknown,research_funder,https://ror.org/03ze1j267,funder; nonprofit,https://ror.org/03ze1j267,Active organization classified as a funder in ROR; verify each call's external eligibility before applying.
ul.ie,Ireland,English|Irish,2026-07-20,https://www.mic.ul.ie,Mary Immaculate College,IE,en|ga,ror_record_last_modified,2026-07-20,,2026-07-29T06:55:39+00:00,URLError,unknown,research_funder,https://ror.org/009q3yg92,education; funder,https://ror.org/009q3yg92,Active organization classified as a funder in ROR; verify each call's external eligibility before applying.
medtronic.ie,Ireland,English|Irish,2026-06-02,http://www.medtronic.ie/,Medtronic (Ireland),IE,en|ga,ror_record_last_modified,2026-06-02,,2026-07-29T06:56:45+00:00,RemoteDisconnected,unknown,research_funder,https://ror.org/04dyhjr58,company; funder,https://ror.org/04dyhjr58,Active organization classified as a funder in ROR; verify each call's external eligibility before applying.
ncri.ie,Ireland,English|Irish,2026-07-20,https://www.ncri.ie/,National Cancer Registry,IE,en|ga,ror_record_last_modified,2026-07-20,,2026-07-29T06:56:43+00:00,URLError,unknown,research_funder,https://ror.org/02g8v2v69,funder; other,https://ror.org/02g8v2v69,Active organization classified as a funder in ROR; verify each call's external eligibility before applying.
ndc.ie,Ireland,English|Irish,2026-07-20,https://ndc.ie,National Dairy Council,IE,en|ga,ror_record_last_modified,2026-07-20,,2026-07-29T06:56:33+00:00,URLError,unknown,research_funder,https://ror.org/03559jp51,funder; nonprofit,https://ror.org/03559jp51,Active organization classified as a funder in ROR; verify each call's external eligibility before applying.
perrigo.com,Ireland,English|Irish,2026-06-02,http://www.perrigo.com/,Perrigo (Ireland),IE,en|ga,ror_record_last_modified,2026-06-02,,2026-07-29T06:56:45+00:00,RemoteDisconnected,unknown,research_funder,https://ror.org/03qt57y19,company; funder,https://ror.org/03qt57y19,Active organization classified as a funder in ROR; verify each call's external eligibility before applying.
marei.ie,Ireland,English|Irish,2026-07-20,https://www.marei.ie,"SFI Research Centre for Energy, Climate and Marine",IE,en|ga,ror_record_last_modified,2026-07-20,,2026-07-29T06:56:43+00:00,URLError,unknown,research_funder,https://ror.org/03jjxf446,facility; funder,https://ror.org/03jjxf446,Active organization classified as a funder in ROR; verify each call's external eligibility before applying.
safefood.net,Ireland,English|Irish,2026-07-20,https://www.safefood.net,Safefood,IE,en|ga,ror_record_last_modified,2026-07-20,,2026-07-29T06:56:19+00:00,URLError,unknown,research_funder,https://ror.org/00bc7s991,funder; other,https://ror.org/00bc7s991,Active organization classified as a funder in ROR; verify each call's external eligibility before applying.
musicologyireland.com,Ireland,English|Irish,2026-06-23,https://musicologyireland.com,Society for Musicology in Ireland,IE,en|ga,ror_record_last_modified,2026-06-23,,2026-07-29T06:56:44+00:00,URLError,unknown,research_funder,https://ror.org/044re9s79,funder; nonprofit,https://ror.org/044re9s79,Active organization classified as a funder in ROR; verify each call's external eligibility before applying.
sportireland.ie,Ireland,English|Irish,2026-06-23,https://www.sportireland.ie/institute,Sport Ireland Institute,IE,en|ga,ror_record_last_modified,2026-06-23,,2026-07-29T06:56:44+00:00,URLError,unknown,research_funder,https://ror.org/00s240q09,funder; government,https://ror.org/00s240q09,Active organization classified as a funder in ROR; verify each call's external eligibility before applying.
slcrf.ie,Ireland,English|Irish,2026-06-23,https://slcrf.ie,St. Luke's Institute of Cancer Research,IE,en|ga,ror_record_last_modified,2026-06-23,,2026-07-29T06:56:44+00:00,URLError,unknown,research_funder,https://ror.org/003thk847,facility; funder; nonprofit,https://ror.org/003thk847,Active organization classified as a funder in ROR; verify each call's external eligibility before applying.
sspc.ie,Ireland,English|Irish,2026-06-23,https://sspc.ie,Synthesis and Solid State Pharmaceutical Centre,IE,en|ga,ror_record_last_modified,2026-06-23,,2026-07-29T06:56:44+00:00,URLError,unknown,research_funder,https://ror.org/036q2ga39,facility; funder,https://ror.org/036q2ga39,Active organization classified as a funder in ROR; verify each call's external eligibility before applying.
researchireland.ie,Ireland,English|Irish,2026-06-23,https://www.researchireland.ie,Taighde Éireann - Research Ireland,IE,en|ga,ror_record_last_modified,2026-06-23,,2026-07-29T06:56:44+00:00,URLError,unknown,research_funder,https://ror.org/010t7sr36,funder; government,https://ror.org/010t7sr36,Active organization classified as a funder in ROR; verify each call's external eligibility before applying.
irelandfunds.org,Ireland,English|Irish,2026-06-23,https://irelandfunds.org,The Ireland Funds,IE,en|ga,ror_record_last_modified,2026-06-23,,2026-07-29T06:56:44+00:00,URLError,unknown,research_funder,https://ror.org/04yj30s90,funder; nonprofit,https://ror.org/04yj30s90,Active organization classified as a funder in ROR; verify each call's external eligibility before applying.
tusla.ie,Ireland,English|Irish,2026-07-20,http://www.tusla.ie/,Tusla - Child and Family Agency,IE,en|ga,ror_record_last_modified,2026-07-20,,2026-07-29T06:56:11+00:00,TimeoutError,unknown,research_funder,https://ror.org/04hpnke04,funder; other,https://ror.org/04hpnke04,Active organization classified as a funder in ROR; verify each call's external eligibility before applying.
tyndall.ie,Ireland,English|Irish,2026-07-20,https://www.tyndall.ie,Tyndall National Institute,IE,en|ga,ror_record_last_modified,2026-07-20,,2026-07-29T06:55:55+00:00,URLError,unknown,research_funder,https://ror.org/007ecwd34,facility; funder,https://ror.org/007ecwd34,Active organization classified as a funder in ROR; verify each call's external eligibility before applying.
ucdfoundation.ie,Ireland,English|Irish,2025-11-24,https://www.ucdfoundation.ie,UCD Foundation,IE,en|ga,ror_record_last_modified,2025-11-24,,2026-07-29T06:56:45+00:00,URLError,unknown,research_funder,https://ror.org/02yc19841,funder; nonprofit,https://ror.org/02yc19841,Active organization classified as a funder in ROR; verify each call's external eligibility before applying.
ucd.ie,Ireland,English|Irish,2026-04-14,https://www.ucd.ie,University College Dublin,IE,en|ga,ror_record_last_modified,2026-04-14,,2026-07-29T06:56:45+00:00,URLError,unknown,research_funder,https://ror.org/05m7pjf47,education; funder,https://ror.org/05m7pjf47,Active organization classified as a funder in ROR; verify each call's external eligibility before applying.
worldrugby.org,Ireland,English|Irish,2026-07-20,https://www.world.rugby/,World Rugby,IE,en|ga,ror_record_last_modified,2026-07-20,,2026-07-29T06:55:23+00:00,URLError,unknown,research_funder,https://ror.org/03d6pk735,funder; other,https://ror.org/03d6pk735,Active organization classified as a funder in ROR; verify each call's external eligibility before applying.
x-bolt.com,Ireland,English|Irish,2026-07-20,https://www.x-bolt.com,X-Bolt Orthopaedics (Ireland),IE,en|ga,ror_record_last_modified,2026-07-20,,2026-07-29T06:55:07+00:00,URLError,unknown,research_funder,https://ror.org/05x9bev86,company; funder,https://ror.org/05x9bev86,Active organization classified as a funder in ROR; verify each call's external eligibility before applying.
entaingroup.com,Isle of Man,English|Manx,2026-07-20,https://www.entaingroup.com,Entain (Isle of Man),IM,en|gv,ror_record_last_modified,2026-07-20,,2026-07-29T06:55:07+00:00,URLError,unknown,research_funder,https://ror.org/05f22ae95,company; funder,https://ror.org/05f22ae95,Active organization classified as a funder in ROR; verify each call's external eligibility before applying.
danielstrust.org,Isle of Man,English|Manx,2026-06-23,https://www.danielstrust.org,The George Daniels' Educational Trust,IM,en|gv,ror_record_last_modified,2026-06-23,,2026-07-29T06:55:23+00:00,URLError,unknown,research_funder,https://ror.org/03he10h62,funder; nonprofit,https://ror.org/03he10h62,Active organization classified as a funder in ROR; verify each call's external eligibility before applying.
openodv.org,Italy,Italian,2026-07-20,https://openodv.org,Associazione Oncologia Pediatrica e Neuroblastoma,IT,it,ror_record_last_modified,2026-07-20,,2026-07-29T06:56:44+00:00,URLError,unknown,research_funder,https://ror.org/00q82b288,funder; nonprofit,https://ror.org/00q82b288,Active organization classified as a funder in ROR; verify each call's external eligibility before applying.
ospedalebambinogesu.it,Italy,Italian,2026-07-20,https://www.ospedalebambinogesu.it,Bambino Gesù Children's Hospital,IT,it,ror_record_last_modified,2026-07-20,,2026-07-29T06:56:44+00:00,URLError,unknown,research_funder,https://ror.org/02sy42d13,funder; healthcare,https://ror.org/02sy42d13,Active organization classified as a funder in ROR; verify each call's external eligibility before applying.
unifi.it,Italy,Italian,2026-07-20,http://www.csgi.unifi.it/,Consorzio Interuniversitario per lo Sviluppo dei Sistemi a Grande Interfase,IT,it,ror_record_last_modified,2026-07-20,,2026-07-29T06:56:20+00:00,TimeoutError,unknown,research_funder,https://ror.org/010wgh593,facility; funder,https://ror.org/010wgh593,Active organization classified as a funder in ROR; verify each call's external eligibility before applying.
lincotek.com,Italy,Italian,2026-07-20,https://www.lincotek.com,Eurocoating (Italy),IT,it,ror_record_last_modified,2026-07-20,,2026-07-29T06:56:44+00:00,URLError,unknown,research_funder,https://ror.org/04gzpf287,company; funder,https://ror.org/04gzpf287,Active organization classified as a funder in ROR; verify each call's external eligibility before applying.
fondazionematarelli.it,Italy,Italian,2026-07-20,https://fondazionematarelli.it,Fondazione 'Alberto e Antonietta Matarelli',IT,it,ror_record_last_modified,2026-07-20,,2026-07-29T06:56:45+00:00,URLError,unknown,research_funder,https://ror.org/00fpzb467,funder; nonprofit,https://ror.org/00fpzb467,Active organization classified as a funder in ROR; verify each call's external eligibility before applying.
fondazionearpa.it,Italy,Italian,2026-07-20,https://fondazionearpa.it,Fondazione Arpa,IT,it,ror_record_last_modified,2026-07-20,,2026-07-29T06:56:45+00:00,URLError,unknown,research_funder,https://ror.org/03k61wx71,funder; nonprofit,https://ror.org/03k61wx71,Active organization classified as a funder in ROR; verify each call's external eligibility before applying.
fondazionebipielle.it,Italy,Italian,2026-07-20,https://www.fondazionebipielle.it,Fondazione Banca Popolare di Lodi,IT,it,ror_record_last_modified,2026-07-20,,2026-07-29T06:56:45+00:00,URLError,unknown,research_funder,https://ror.org/04zbg6z98,funder; nonprofit,https://ror.org/04zbg6z98,Active organization classified as a funder in ROR; verify each call's external eligibility before applying.
fondazionecarlomolo.it,Italy,Italian,2026-07-20,https://www.fondazionecarlomolo.it,Fondazione Carlo Molo,IT,it,ror_record_last_modified,2026-07-20,,2026-07-29T06:56:45+00:00,URLError,unknown,research_funder,https://ror.org/04jv4kh91,funder; nonprofit,https://ror.org/04jv4kh91,Active organization classified as a funder in ROR; verify each call's external eligibility before applying.
stiftungsparkasse.it,Italy,Italian,2026-07-20,https://stiftungsparkasse.it,Fondazione Cassa di Risparmio di Bolzano,IT,it,ror_record_last_modified,2026-07-20,,2026-07-29T06:56:43+00:00,URLError,unknown,research_funder,https://ror.org/00t3rz591,funder; nonprofit,https://ror.org/00t3rz591,Active organization classified as a funder in ROR; verify each call's external eligibility before applying.
fondazionecrcarpi.it,Italy,Italian,2026-07-20,https://www.fondazionecrcarpi.it,Fondazione Cassa di Risparmio di Carpi,IT,it,ror_record_last_modified,2026-07-20,,2026-07-29T06:56:45+00:00,URLError,unknown,research_funder,https://ror.org/02g1vcw86,funder; nonprofit,https://ror.org/02g1vcw86,Active organization classified as a funder in ROR; verify each call's external eligibility before applying.
fondazionecarigo.it,Italy,Italian,2026-07-20,https://www.fondazionecarigo.it,Fondazione Cassa di Risparmio di Gorizia,IT,it,ror_record_last_modified,2026-07-20,,2026-07-29T06:56:45+00:00,URLError,unknown,research_funder,https://ror.org/059v8gv63,funder; nonprofit,https://ror.org/059v8gv63,Active organization classified as a funder in ROR; verify each call's external eligibility before applying.
fondazionecrpesaro.it,Italy,Italian,2026-07-20,https://www.fondazionecrpesaro.it,Fondazione Cassa di Risparmio di Pesaro,IT,it,ror_record_last_modified,2026-07-20,,2026-07-29T06:56:45+00:00,URLError,unknown,research_funder,https://ror.org/05rg4va06,funder; nonprofit,https://ror.org/05rg4va06,Active organization classified as a funder in ROR; verify each call's external eligibility before applying.
fondazionenovarese.it,Italy,Italian,2026-07-20,https://www.fondazionenovarese.it,Fondazione Comunità Novarese Onlus,IT,it,ror_record_last_modified,2026-07-20,,2026-07-29T06:56:45+00:00,URLError,unknown,research_funder,https://ror.org/01f6j1c20,funder; nonprofit,https://ror.org/01f6j1c20,Active organization classified as a funder in ROR; verify each call's external eligibility before applying.
fondazionecutino.it,Italy,Italian,2026-07-20,https://fondazionecutino.it,Fondazione Franco e Piera Cutino,IT,it,ror_record_last_modified,2026-07-20,,2026-07-29T06:56:45+00:00,URLError,unknown,research_funder,https://ror.org/005ayp657,funder; nonprofit,https://ror.org/005ayp657,Active organization classified as a funder in ROR; verify each call's external eligibility before applying.
thehumansafetynet.org,Italy,Italian,2026-07-20,https://www.thehumansafetynet.org,Fondazione Generali,IT,it,ror_record_last_modified,2026-07-20,,2026-07-29T06:56:43+00:00,URLError,unknown,research_funder,https://ror.org/0466ceh06,funder; nonprofit,https://ror.org/0466ceh06,Active organization classified as a funder in ROR; verify each call's external eligibility before applying.
frdb.org,Italy,Italian,2026-07-20,https://www.frdb.org,Fondazione Ing. Rodolfo Debenedetti,IT,it,ror_record_last_modified,2026-07-20,,2026-07-29T06:56:45+00:00,URLError,unknown,research_funder,https://ror.org/05szk7e82,funder; nonprofit,https://ror.org/05szk7e82,Active organization classified as a funder in ROR; verify each call's external eligibility before applying.
fondazionejustitalia.org,Italy,Italian,2026-07-20,https://www.just.it/valori/fondazione-just-italia/,Fondazione Just Italia,IT,it,ror_record_last_modified,2026-07-20,,2026-07-29T06:56:45+00:00,URLError,unknown,research_funder,https://ror.org/01sprpt02,funder; nonprofit,https://ror.org/01sprpt02,Active organization classified as a funder in ROR; verify each call's external eligibility before applying.
fondazionevalsecchi.org,Italy,Italian,2026-07-20,https://www.fondazionevalsecchi.org,Fondazione Nadia Valsecchi,IT,it,ror_record_last_modified,2026-07-20,,2026-07-29T06:56:45+00:00,URLError,unknown,research_funder,https://ror.org/02d3q0y05,funder; nonprofit,https://ror.org/02d3q0y05,Active organization classified as a funder in ROR; verify each call's external eligibility before applying.
irccs-stellamaris.it,Italy,Italian,2026-07-20,http://www.irccs-stellamaris.it/,Fondazione Stella Maris,IT,it,ror_record_last_modified,2026-07-20,,2026-07-29T06:56:45+00:00,ConnectionResetError,unknown,research_funder,https://ror.org/02w8ez808,funder; healthcare,https://ror.org/02w8ez808,Active organization classified as a funder in ROR; verify each call's external eligibility before applying.
giellepi.com,Italy,Italian,2026-07-20,https://www.giellepi.com,Giellepi SpA (Italy),IT,it,ror_record_last_modified,2026-07-20,,2026-07-29T06:56:45+00:00,URLError,unknown,research_funder,https://ror.org/03whtkx33,company; funder,https://ror.org/03whtkx33,Active organization classified as a funder in ROR; verify each call's external eligibility before applying.
grupposandonato.it,Italy,Italian,2026-07-20,https://www.grupposandonato.it/strutture/policlinico-san-donato,IRCCS Policlinico San Donato,IT,it,ror_record_last_modified,2026-07-20,,2026-07-29T06:56:45+00:00,URLError,unknown,research_funder,https://ror.org/01220jp31,funder; healthcare,https://ror.org/01220jp31,Active organization classified as a funder in ROR; verify each call's external eligibility before applying.
salute.gov.it,Italy,Italian,2026-07-20,http://www.salute.gov.it/portale/temi/p2_6.jsp?lingua=italiano&id=794&area=Ricerca%20sanitaria&menu=ssn,Istituti di Ricovero e Cura a Carattere Scientifico,IT,it,ror_record_last_modified,2026-07-20,,2026-07-29T06:56:44+00:00,ConnectionResetError,unknown,research_funder,https://ror.org/04tfzc498,funder; healthcare,https://ror.org/04tfzc498,Active organization classified as a funder in ROR; verify each call's external eligibility before applying.
infn.it,Italy,Italian,2026-07-20,https://home.infn.it,Istituto Nazionale di Fisica Nucleare,IT,it,ror_record_last_modified,2026-07-20,,2026-07-29T06:56:45+00:00,URLError,unknown,research_funder,https://ror.org/005ta0471,funder; government,https://ror.org/005ta0471,Active organization classified as a funder in ROR; verify each call's external eligibility before applying.
isprambiente.gov.it,Italy,Italian,2026-07-20,http://www.isprambiente.gov.it/en,Istituto Superiore per la Protezione e la Ricerca Ambientale,IT,it,ror_record_last_modified,2026-07-20,,2026-07-29T06:56:45+00:00,RemoteDisconnected,unknown,research_funder,https://ror.org/022zv0672,funder; government,https://ror.org/022zv0672,Active organization classified as a funder in ROR; verify each call's external eligibility before applying.
iusspavia.it,Italy,Italian,2026-07-20,https://www.iusspavia.it,Istituto Universitario di Studi Superiori di Pavia,IT,it,ror_record_last_modified,2026-07-20,,2026-07-29T06:56:44+00:00,URLError,unknown,research_funder,https://ror.org/0290wsh42,education; funder,https://ror.org/0290wsh42,Active organization classified as a funder in ROR; verify each call's external eligibility before applying.
menarinisiliconbiosystems.com,Italy,Italian,2026-07-20,https://www.menarinisiliconbiosystems.com,Menarini Silicon Biosystems (Italy),IT,it,ror_record_last_modified,2026-07-20,,2026-07-29T06:56:44+00:00,URLError,unknown,research_funder,https://ror.org/02q5qyt72,company; funder,https://ror.org/02q5qyt72,Active organization classified as a funder in ROR; verify each call's external eligibility before applying.
newron.com,Italy,Italian,2026-07-20,http://www.newron.com/en,Newron Pharmaceuticals (Italy),IT,it,ror_record_last_modified,2026-07-20,,2026-07-29T06:56:44+00:00,RemoteDisconnected,unknown,research_funder,https://ror.org/05pwxq352,company; funder,https://ror.org/05pwxq352,Active organization classified as a funder in ROR; verify each call's external eligibility before applying.
novamont.com,Italy,Italian,2026-07-20,http://www.novamont.com/eng/,Novamont (Italy),IT,it,ror_record_last_modified,2026-07-20,,2026-07-29T06:56:44+00:00,RemoteDisconnected,unknown,research_funder,https://ror.org/05sxxz166,company; funder,https://ror.org/05sxxz166,Active organization classified as a funder in ROR; verify each call's external eligibility before applying.
novartis.it,Italy,Italian,2026-07-20,https://www.novartis.it/,Novartis (Italy),IT,it,ror_record_last_modified,2026-07-20,,2026-07-29T06:56:44+00:00,URLError,unknown,research_funder,https://ror.org/04rcxhq50,company; funder,https://ror.org/04rcxhq50,Active organization classified as a funder in ROR; verify each call's external eligibility before applying.
sicilia.it,Italy,Italian,2026-07-20,http://pti.regione.sicilia.it/portal/page/portal/PIR_PORTALE,Regione Siciliana,IT,it,ror_record_last_modified,2026-07-20,,2026-07-29T06:56:44+00:00,RemoteDisconnected,unknown,research_funder,https://ror.org/025079t78,funder; government,https://ror.org/025079t78,Active organization classified as a funder in ROR; verify each call's external eligibility before applying.
veneto.it,Italy,Italian,2026-07-20,https://www.regione.veneto.it/web/guest,Regione del Veneto,IT,it,ror_record_last_modified,2026-07-20,,2026-07-29T06:55:23+00:00,URLError,unknown,research_funder,https://ror.org/03mm67z69,funder; government,https://ror.org/03mm67z69,Active organization classified as a funder in ROR; verify each call's external eligibility before applying.
sanofi.it,Italy,Italian,2026-07-20,http://www.sanofi.it/l/it/it/index.jsp,Sanofi (Italy),IT,it,ror_record_last_modified,2026-07-20,,2026-07-29T06:56:44+00:00,RemoteDisconnected,unknown,research_funder,https://ror.org/02mnmm768,company; funder,https://ror.org/02mnmm768,Active organization classified as a funder in ROR; verify each call's external eligibility before applying.
siaarti.it,Italy,Italian,2026-07-20,https://www.siaarti.it/,"Società Italiana di Anestesia, Analgesia, Rianimazione e Terapia Intensiva",IT,it,ror_record_last_modified,2026-07-20,,2026-07-29T06:56:44+00:00,URLError,unknown,research_funder,https://ror.org/05azty156,funder; nonprofit,https://ror.org/05azty156,Active organization classified as a funder in ROR; verify each call's external eligibility before applying.
siesonline.it,Italy,Italian,2026-07-20,https://www.siesonline.it,Società Italiana di Ematologia Sperimentale,IT,it,ror_record_last_modified,2026-07-20,,2026-07-29T06:56:44+00:00,URLError,unknown,research_funder,https://ror.org/011zy0392,funder; nonprofit,https://ror.org/011zy0392,Active organization classified as a funder in ROR; verify each call's external eligibility before applying.
sigeitalia.it,Italy,Italian,2026-07-20,https://www.sigeitalia.it,Società Italiana di Gastroenterologia ed Endoscopia Digestiva,IT,it,ror_record_last_modified,2026-07-20,,2026-07-29T06:56:44+00:00,URLError,unknown,research_funder,https://ror.org/00ch45m97,funder; nonprofit,https://ror.org/00ch45m97,Active organization classified as a funder in ROR; verify each call's external eligibility before applying.
simi.it,Italy,Italian,2026-07-20,https://www.simi.it,Società Italiana di Medicina Interna,IT,it,ror_record_last_modified,2026-07-20,,2026-07-29T06:56:44+00:00,URLError,unknown,research_funder,https://ror.org/0017x6m71,funder; nonprofit,https://ror.org/0017x6m71,Active organization classified as a funder in ROR; verify each call's external eligibility before applying.
sip.it,Italy,Italian,2026-07-20,https://sip.it,Società Italiana di Pediatria,IT,it,ror_record_last_modified,2026-07-20,,2026-07-29T06:56:44+00:00,URLError,unknown,research_funder,https://ror.org/051yb9g06,funder; nonprofit,https://ror.org/051yb9g06,Active organization classified as a funder in ROR; verify each call's external eligibility before applying.
sedesoi.com,Italy,Italian,2026-07-20,https://www.sedesoi.com,Società Oftalmologica Italiana,IT,it,ror_record_last_modified,2026-07-20,,2026-07-29T06:56:44+00:00,URLError,unknown,research_funder,https://ror.org/011rc4z28,funder; nonprofit,https://ror.org/011rc4z28,Active organization classified as a funder in ROR; verify each call's external eligibility before applying.
solvay.it,Italy,Italian,2026-07-20,http://www.solvay.it/it/index.html,Solvay (Italy),IT,it,ror_record_last_modified,2026-07-20,,2026-07-29T06:56:43+00:00,RemoteDisconnected,unknown,research_funder,https://ror.org/00xqcpg12,company; funder,https://ror.org/00xqcpg12,Active organization classified as a funder in ROR; verify each call's external eligibility before applying.
unicreditfoundation.org,Italy,Italian,2026-07-20,https://www.unicreditfoundation.org,UniCredit Foundation,IT,it,ror_record_last_modified,2026-07-20,,2026-07-29T06:56:35+00:00,URLError,unknown,research_funder,https://ror.org/00fmj0a96,funder; nonprofit,https://ror.org/00fmj0a96,Active organization classified as a funder in ROR; verify each call's external eligibility before applying.
unipd.it,Italy,Italian,2026-07-20,https://www.unipd.it,University of Padua,IT,it,ror_record_last_modified,2026-07-20,,2026-07-29T06:56:11+00:00,URLError,unknown,research_funder,https://ror.org/00240q980,education; funder,https://ror.org/00240q980,Active organization classified as a funder in ROR; verify each call's external eligibility before applying.
unipv.eu,Italy,Italian,2026-07-20,http://www.unipv.eu/site/en/home.html,University of Pavia,IT,it,ror_record_last_modified,2026-07-20,,2026-07-29T06:55:55+00:00,TimeoutError,unknown,research_funder,https://ror.org/00s6t1f81,education; funder,https://ror.org/00s6t1f81,Active organization classified as a funder in ROR; verify each call's external eligibility before applying.
unito.it,Italy,Italian,2026-07-20,https://www.unito.it,University of Turin,IT,it,ror_record_last_modified,2026-07-20,,2026-07-29T06:55:39+00:00,URLError,unknown,research_funder,https://ror.org/048tbm396,education; funder,https://ror.org/048tbm396,Active organization classified as a funder in ROR; verify each call's external eligibility before applying.
zambonpharma.com,Italy,Italian,2026-07-20,https://www.zambonpharma.com/it/it,Zambon (Italy),IT,it,ror_record_last_modified,2026-07-20,,2026-07-29T06:55:07+00:00,URLError,unknown,research_funder,https://ror.org/04zzq8d03,company; funder,https://ror.org/04zzq8d03,Active organization classified as a funder in ROR; verify each call's external eligibility before applying.
durrell.org,Jersey,English|French,2025-11-24,https://www.durrell.org/,Durrell Wildlife Conservation Trust,JE,en|fr,ror_record_last_modified,2025-11-24,,2026-07-29T06:55:07+00:00,URLError,unknown,research_funder,https://ror.org/04t35nt16,funder; nonprofit,https://ror.org/04t35nt16,Active organization classified as a funder in ROR; verify each call's external eligibility before applying.
novocure.com,Jersey,English|French,2024-12-11,http://www.novocure.com/,Novocure (Jersey),JE,en|fr,ror_record_last_modified,2024-12-11,,2026-07-29T06:55:39+00:00,TimeoutError,unknown,research_funder,https://ror.org/018ec2p66,company; funder,https://ror.org/018ec2p66,Active organization classified as a funder in ROR; verify each call's external eligibility before applying.
seerave.org,Jersey,English|French,2024-12-11,https://seerave.org,Seerave Foundation,JE,en|fr,ror_record_last_modified,2024-12-11,,2026-07-29T06:55:23+00:00,URLError,unknown,research_funder,https://ror.org/01p3x3413,nonprofit; funder,https://ror.org/01p3x3413,Active organization classified as a funder in ROR; verify each call's external eligibility before applying.
kaznpu.kz,Kazakhstan,Kazakh|Russian,2026-07-20,http://www.kaznpu.kz/,Abai Kazakh National Pedagogical University,KZ,kk|ru,ror_record_last_modified,2026-07-20,,2026-07-29T06:55:07+00:00,TimeoutError,unknown,research_funder,https://ror.org/02bvvhn54,education; funder,https://ror.org/02bvvhn54,Active organization classified as a funder in ROR; verify each call's external eligibility before applying.
farabi.university,Kazakhstan,Kazakh|Russian,2025-03-26,https://farabi.university,Al-Farabi Kazakh National University,KZ,kk|ru,ror_record_last_modified,2025-03-26,,2026-07-29T06:56:11+00:00,URLError,unknown,research_funder,https://ror.org/03q0vrn42,education; funder,https://ror.org/03q0vrn42,Active organization classified as a funder in ROR; verify each call's external eligibility before applying.
economy.kz,Kazakhstan,Kazakh|Russian,2024-12-11,http://economy.kz/en/,Economic Research Institute,KZ,kk|ru,ror_record_last_modified,2024-12-11,,2026-07-29T06:56:35+00:00,TimeoutError,unknown,research_funder,https://ror.org/05qkfsj27,facility; funder,https://ror.org/05qkfsj27,Active organization classified as a funder in ROR; verify each call's external eligibility before applying.
eni.com,Kazakhstan,Kazakh|Russian,2024-12-11,http://www.eni.com/en_IT/home.html,Eni (Kazakhstan),KZ,kk|ru,ror_record_last_modified,2024-12-11,,2026-07-29T06:56:21+00:00,TimeoutError,unknown,research_funder,https://ror.org/05xp7y466,company; funder,https://ror.org/05xp7y466,Active organization classified as a funder in ROR; verify each call's external eligibility before applying.
istc.int,Kazakhstan,Kazakh|Russian,2026-02-24,https://www.istc.int,International Science and Technology Center,KZ,kk|ru,ror_record_last_modified,2026-02-24,,2026-07-29T06:55:39+00:00,URLError,unknown,research_funder,https://ror.org/03fn1w943,funder; nonprofit,https://ror.org/03fn1w943,Active organization classified as a funder in ROR; verify each call's external eligibility before applying.
gov.kz,Kazakhstan,Kazakh|Russian,2025-11-24,https://www.gov.kz/memleket/entities/moa,Ministry of Agriculture of the Republic of Kazakhstan,KZ,kk|ru,ror_record_last_modified,2025-11-24,,2026-07-29T06:55:55+00:00,URLError,unknown,research_funder,https://ror.org/03577hm03,funder; government,https://ror.org/03577hm03,Active organization classified as a funder in ROR; verify each call's external eligibility before applying.
biocenter.kz,Kazakhstan,Kazakh|Russian,2024-12-11,https://biocenter.kz,National Center for Biotechnology,KZ,kk|ru,ror_record_last_modified,2024-12-11,,2026-07-29T06:56:43+00:00,URLError,unknown,research_funder,https://ror.org/00xhcc696,facility; funder,https://ror.org/00xhcc696,Active organization classified as a funder in ROR; verify each call's external eligibility before applying.
edu.kz,Kazakhstan,Kazakh|Russian,2026-05-05,https://nu.edu.kz/,Nazarbayev University,KZ,kk|ru,ror_record_last_modified,2026-05-05,,2026-07-29T06:55:23+00:00,URLError,unknown,research_funder,https://ror.org/052bx8q98,education; funder,https://ror.org/052bx8q98,Active organization classified as a funder in ROR; verify each call's external eligibility before applying.
sunnyhillfoundation.org,Kosovo,Albanian|Serbian,2026-06-23,https://sunnyhillfoundation.org,Sunny Hill Foundation,XK,sq|sr,ror_record_last_modified,2026-06-23,,2026-07-29T06:55:07+00:00,URLError,unknown,research_funder,https://ror.org/01kf3m979,funder; nonprofit,https://ror.org/01kf3m979,Active organization classified as a funder in ROR; verify each call's external eligibility before applying.
lbtu.lv,Latvia,Latvian,2024-12-11,https://www.lbtu.lv,Latvia University of Life Sciences and Technologies,LV,lv,ror_record_last_modified,2024-12-11,,2026-07-29T06:56:43+00:00,URLError,unknown,research_funder,https://ror.org/03f077y84,education; funder,https://ror.org/03f077y84,Active organization classified as a funder in ROR; verify each call's external eligibility before applying.
lza.lv,Latvia,Latvian,2024-12-11,http://www.lza.lv/,Latvian Academy of Sciences,LV,lv,ror_record_last_modified,2024-12-11,,2026-07-29T06:56:43+00:00,RemoteDisconnected,unknown,research_funder,https://ror.org/02vxngq63,government; funder,https://ror.org/02vxngq63,Active organization classified as a funder in ROR; verify each call's external eligibility before applying.
gov.lv,Latvia,Latvian,2024-12-11,http://www.lzp.gov.lv/index.php?mylang=english,Latvian Council of Science,LV,lv,ror_record_last_modified,2024-12-11,,2026-07-29T06:56:44+00:00,RemoteDisconnected,unknown,research_funder,https://ror.org/02ar66p97,government; funder,https://ror.org/02ar66p97,Active organization classified as a funder in ROR; verify each call's external eligibility before applying.
osi.lv,Latvia,Latvian,2026-07-20,http://www.osi.lv/,Latvijas Organiskās Sintēzes Institūts,LV,lv,ror_record_last_modified,2026-07-20,,2026-07-29T06:55:07+00:00,TimeoutError,unknown,research_funder,https://ror.org/01a92vw29,facility; funder,https://ror.org/01a92vw29,Active organization classified as a funder in ROR; verify each call's external eligibility before applying.
latts.lv,Latvia,Latvian,2026-06-23,https://latts.lv,"Latvijas Tirgotāju Savienība, SIA (Latvia)",LV,lv,ror_record_last_modified,2026-06-23,,2026-07-29T06:55:39+00:00,URLError,unknown,research_funder,https://ror.org/05x6fwk90,company; funder,https://ror.org/05x6fwk90,Active organization classified as a funder in ROR; verify each call's external eligibility before applying.
liepaja.lv,Latvia,Latvian,2026-06-23,https://www.liepaja.lv,Liepaja City Council,LV,lv,ror_record_last_modified,2026-06-23,,2026-07-29T06:55:23+00:00,URLError,unknown,research_funder,https://ror.org/05pw8hv78,funder; government,https://ror.org/05pw8hv78,Active organization classified as a funder in ROR; verify each call's external eligibility before applying.
rsu.lv,Latvia,Latvian,2024-12-11,https://www.rsu.lv,Riga Stradiņš University,LV,lv,ror_record_last_modified,2024-12-11,,2026-07-29T06:56:43+00:00,URLError,unknown,research_funder,https://ror.org/03nadks56,education; funder,https://ror.org/03nadks56,Active organization classified as a funder in ROR; verify each call's external eligibility before applying.
rtu.lv,Latvia,Latvian,2024-12-11,https://www.rtu.lv,Riga Technical University,LV,lv,ror_record_last_modified,2024-12-11,,2026-07-29T06:56:35+00:00,URLError,unknown,research_funder,https://ror.org/00twb6c09,education; funder,https://ror.org/00twb6c09,Active organization classified as a funder in ROR; verify each call's external eligibility before applying.
lu.lv,Latvia,Latvian,2025-01-22,https://www.lu.lv,University of Latvia,LV,lv,ror_record_last_modified,2025-01-22,,2026-07-29T06:56:11+00:00,URLError,unknown,research_funder,https://ror.org/05g3mes96,education; funder,https://ror.org/05g3mes96,Active organization classified as a funder in ROR; verify each call's external eligibility before applying.
fonds.lv,Latvia,Latvian,2026-06-23,https://www.fonds.lv,University of Latvia Foundation,LV,lv,ror_record_last_modified,2026-06-23,,2026-07-29T06:55:55+00:00,URLError,unknown,research_funder,https://ror.org/00tgafc17,funder; nonprofit,https://ror.org/00tgafc17,Active organization classified as a funder in ROR; verify each call's external eligibility before applying.
va.lv,Latvia,Latvian,2024-12-11,http://www.va.lv/en,Vidzeme University of Applied Sciences,LV,lv,ror_record_last_modified,2024-12-11,,2026-07-29T06:56:21+00:00,TimeoutError,unknown,research_funder,https://ror.org/03jp1kx71,education; funder,https://ror.org/03jp1kx71,Active organization classified as a funder in ROR; verify each call's external eligibility before applying.
afjochnickfoundation.com,Liechtenstein,German,2024-12-11,https://afjochnickfoundation.com,AF Jochnick Foundation,LI,de,ror_record_last_modified,2024-12-11,,2026-07-29T06:56:22+00:00,URLError,unknown,research_funder,https://ror.org/00na1g793,nonprofit; funder,https://ror.org/00na1g793,Active organization classified as a funder in ROR; verify each call's external eligibility before applying.
beneficentia.li,Liechtenstein,German,2026-07-20,https://www.beneficentia.li,Beneficentia Stiftung,LI,de,ror_record_last_modified,2026-07-20,,2026-07-29T06:55:07+00:00,URLError,unknown,research_funder,https://ror.org/058bc7h45,funder; nonprofit,https://ror.org/058bc7h45,Active organization classified as a funder in ROR; verify each call's external eligibility before applying.
fcg.li,Liechtenstein,German,2026-06-23,https://www.fcg.li,Fondation Claude et Giuliana,LI,de,ror_record_last_modified,2026-06-23,,2026-07-29T06:55:41+00:00,URLError,unknown,research_funder,https://ror.org/04hw3a076,funder; nonprofit,https://ror.org/04hw3a076,Active organization classified as a funder in ROR; verify each call's external eligibility before applying.
nuovo-soldati.ch,Liechtenstein,German,2026-06-23,https://nuovo-soldati.ch,Fondation pour la Recherche Nuovo-Soldati,LI,de,ror_record_last_modified,2026-06-23,,2026-07-29T06:55:25+00:00,URLError,unknown,research_funder,https://ror.org/00b6dr373,funder; nonprofit,https://ror.org/00b6dr373,Active organization classified as a funder in ROR; verify each call's external eligibility before applying.
lotex.li,Liechtenstein,German,2024-12-11,http://www.lotex.li/,Lotex Foundation,LI,de,ror_record_last_modified,2024-12-11,,2026-07-29T06:56:11+00:00,TimeoutError,unknown,research_funder,https://ror.org/05jhy3d94,other; funder,https://ror.org/05jhy3d94,Active organization classified as a funder in ROR; verify each call's external eligibility before applying.
regierung.li,Liechtenstein,German,2024-12-11,http://www.regierung.li/,"Ministry for Foreign Affairs, Education and Culture",LI,de,ror_record_last_modified,2024-12-11,,2026-07-29T06:55:55+00:00,TimeoutError,unknown,research_funder,https://ror.org/05j2t3d29,government; funder,https://ror.org/05j2t3d29,Active organization classified as a funder in ROR; verify each call's external eligibility before applying.
mita.lt,Lithuania,Lithuanian,2024-12-11,http://www.mita.lt/en,"Agency for Science, Innovation and Technology",LT,lt,ror_record_last_modified,2024-12-11,,2026-07-29T06:56:11+00:00,TimeoutError,unknown,research_funder,https://ror.org/00reard48,government; funder,https://ror.org/00reard48,Active organization classified as a funder in ROR; verify each call's external eligibility before applying.
ktu.edu,Lithuania,Lithuanian,2024-12-11,http://ktu.edu/en,Kaunas University of Technology,LT,lt,ror_record_last_modified,2024-12-11,,2026-07-29T06:56:43+00:00,RemoteDisconnected,unknown,research_funder,https://ror.org/01me6gb93,education; funder,https://ror.org/01me6gb93,Active organization classified as a funder in ROR; verify each call's external eligibility before applying.
ku.lt,Lithuania,Lithuanian,2024-12-11,https://www.ku.lt,Klaipėda University,LT,lt,ror_record_last_modified,2024-12-11,,2026-07-29T06:56:43+00:00,URLError,unknown,research_funder,https://ror.org/027sdcz20,education; funder,https://ror.org/027sdcz20,Active organization classified as a funder in ROR; verify each call's external eligibility before applying.
lma.lt,Lithuania,Lithuanian,2025-10-28,https://www.lma.lt/,Lithuanian Academy of Sciences,LT,lt,ror_record_last_modified,2025-10-28,,2026-07-29T06:55:25+00:00,URLError,unknown,research_funder,https://ror.org/035gfy236,funder; other,https://ror.org/035gfy236,Active organization classified as a funder in ROR; verify each call's external eligibility before applying.
lsu.lt,Lithuania,Lithuanian,2024-12-11,https://www.lsu.lt,Lithuanian Sports University,LT,lt,ror_record_last_modified,2024-12-11,,2026-07-29T06:56:25+00:00,URLError,unknown,research_funder,https://ror.org/00hxk7s55,education; funder,https://ror.org/00hxk7s55,Active organization classified as a funder in ROR; verify each call's external eligibility before applying.
lsmu.lt,Lithuania,Lithuanian,2024-12-11,https://lsmu.lt,Lithuanian University of Health Sciences,LT,lt,ror_record_last_modified,2024-12-11,,2026-07-29T06:56:35+00:00,URLError,unknown,research_funder,https://ror.org/0069bkg23,education; funder,https://ror.org/0069bkg23,Active organization classified as a funder in ROR; verify each call's external eligibility before applying.
lrv.lt,Lithuania,Lithuanian,2024-12-11,http://zum.lrv.lt/en,Ministry of Agriculture of the Republic of Lithuania,LT,lt,ror_record_last_modified,2024-12-11,,2026-07-29T06:56:43+00:00,ConnectionResetError,unknown,research_funder,https://ror.org/02fsejp38,government; funder,https://ror.org/02fsejp38,Active organization classified as a funder in ROR; verify each call's external eligibility before applying.
vsf.lt,Lithuania,Lithuanian,2024-12-11,https://www.vsf.lt/,State Studies Foundation,LT,lt,ror_record_last_modified,2024-12-11,,2026-07-29T06:55:55+00:00,URLError,unknown,research_funder,https://ror.org/02wdjff78,other; funder,https://ror.org/02wdjff78,Active organization classified as a funder in ROR; verify each call's external eligibility before applying.
vu.lt,Lithuania,Lithuanian,2024-12-11,https://vu.lt,Vilnius University,LT,lt,ror_record_last_modified,2024-12-11,,2026-07-29T06:55:41+00:00,URLError,unknown,research_funder,https://ror.org/03nadee84,education; funder,https://ror.org/03nadee84,Active organization classified as a funder in ROR; verify each call's external eligibility before applying.
vdu.lt,Lithuania,Lithuanian,2026-07-20,https://www.vdu.lt,Vytautas Magnus University,LT,lt,ror_record_last_modified,2026-07-20,,2026-07-29T06:55:07+00:00,URLError,unknown,research_funder,https://ror.org/04y7eh037,education; funder,https://ror.org/04y7eh037,Active organization classified as a funder in ROR; verify each call's external eligibility before applying.
vaincrelecancer.lu,Luxembourg,Luxembourgish|French|German,2024-12-11,http://www.vaincrelecancer.lu/,Action LIONS Vaincre le Cancer,LU,lb|fr|de,ror_record_last_modified,2024-12-11,,2026-07-29T06:56:44+00:00,RemoteDisconnected,unknown,research_funder,https://ror.org/02cmtcb39,other; funder,https://ror.org/02cmtcb39,Active organization classified as a funder in ROR; verify each call's external eligibility before applying.
loschfondation.lu,Luxembourg,Luxembourgish|French|German,2024-12-11,https://www.loschfondation.lu,André Losch Fondation,LU,lb|fr|de,ror_record_last_modified,2024-12-11,,2026-07-29T06:56:44+00:00,URLError,unknown,research_funder,https://ror.org/0164cy529,nonprofit; funder,https://ror.org/0164cy529,Active organization classified as a funder in ROR; verify each call's external eligibility before applying.
arcelormittal.com,Luxembourg,Luxembourgish|French|German,2024-12-11,http://luxembourg.arcelormittal.com/,ArcelorMittal (Luxembourg),LU,lb|fr|de,ror_record_last_modified,2024-12-11,,2026-07-29T06:56:44+00:00,RemoteDisconnected,unknown,research_funder,https://ror.org/02bez8p50,company; funder,https://ror.org/02bez8p50,Active organization classified as a funder in ROR; verify each call's external eligibility before applying.
kriibskrankkanner.lu,Luxembourg,Luxembourgish|French|German,2026-06-23,https://kriibskrankkanner.lu,Een Häerz fir kriibskrank Kanner asbl,LU,lb|fr|de,ror_record_last_modified,2026-06-23,,2026-07-29T06:55:42+00:00,URLError,unknown,research_funder,https://ror.org/04vn83f14,funder; nonprofit,https://ror.org/04vn83f14,Active organization classified as a funder in ROR; verify each call's external eligibility before applying.
e6.com,Luxembourg,Luxembourgish|French|German,2024-12-11,http://www.e6.com/wps/wcm/connect/E6_Content_EN/Home,Element Six (Luxembourg),LU,lb|fr|de,ror_record_last_modified,2024-12-11,,2026-07-29T06:56:44+00:00,RemoteDisconnected,unknown,research_funder,https://ror.org/03p5mga34,company; funder,https://ror.org/03p5mga34,Active organization classified as a funder in ROR; verify each call's external eligibility before applying.
eeef.lu,Luxembourg,Luxembourgish|French|German,2026-06-23,https://www.eeef.lu,European Energy Efficiency Fund,LU,lb|fr|de,ror_record_last_modified,2026-06-23,,2026-07-29T06:56:11+00:00,URLError,unknown,research_funder,https://ror.org/05emg1w27,funder,https://ror.org/05emg1w27,Active organization classified as a funder in ROR; verify each call's external eligibility before applying.
eib.org,Luxembourg,Luxembourgish|French|German,2024-12-11,http://www.eib.org/,European Investment Bank,LU,lb|fr|de,ror_record_last_modified,2024-12-11,,2026-07-29T06:56:44+00:00,RemoteDisconnected,unknown,research_funder,https://ror.org/03zxry661,nonprofit; funder,https://ror.org/03zxry661,Active organization classified as a funder in ROR; verify each call's external eligibility before applying.
espen.org,Luxembourg,Luxembourgish|French|German,2024-12-11,http://www.espen.org/,European Society for Clinical Nutrition and Metabolism,LU,lb|fr|de,ror_record_last_modified,2024-12-11,,2026-07-29T06:56:44+00:00,RemoteDisconnected,unknown,research_funder,https://ror.org/02y984316,nonprofit; funder,https://ror.org/02y984316,Active organization classified as a funder in ROR; verify each call's external eligibility before applying.
cancer.lu,Luxembourg,Luxembourgish|French|German,2026-06-23,https://www.cancer.lu,Fondation Cancer,LU,lb|fr|de,ror_record_last_modified,2026-06-23,,2026-07-29T06:56:27+00:00,URLError,unknown,research_funder,https://ror.org/009yhf078,funder; nonprofit,https://ror.org/009yhf078,Active organization classified as a funder in ROR; verify each call's external eligibility before applying.
fondationrecherchecancer.lu,Luxembourg,Luxembourgish|French|German,2026-06-23,https://www.fondationrecherchecancer.lu,Fondation Recherche Cancer et Sang,LU,lb|fr|de,ror_record_last_modified,2026-06-23,,2026-07-29T06:55:55+00:00,URLError,unknown,research_funder,https://ror.org/04y9qgr69,funder; nonprofit,https://ror.org/04y9qgr69,Active organization classified as a funder in ROR; verify each call's external eligibility before applying.
fdlux.lu,Luxembourg,Luxembourgish|French|German,2026-07-20,https://www.fdlux.lu/en/foundations/fondation-du-pelican-de-mie-et-pierre-hippert-faber,Fondation du Pélican de Mie et Pierre Hippert-Faber,LU,lb|fr|de,ror_record_last_modified,2026-07-20,,2026-07-29T06:55:29+00:00,URLError,unknown,research_funder,https://ror.org/05m27mc84,funder; nonprofit,https://ror.org/05m27mc84,Active organization classified as a funder in ROR; verify each call's external eligibility before applying.
public.lu,Luxembourg,Luxembourgish|French|German,2024-12-11,https://portail-qualite.public.lu,"Institut Luxembourgeois de la Normalisation, de l'Accréditation, de la Sécurité et qualité des produits et services",LU,lb|fr|de,ror_record_last_modified,2024-12-11,,2026-07-29T06:56:44+00:00,URLError,unknown,research_funder,https://ror.org/040y22644,government; funder,https://ror.org/040y22644,Active organization classified as a funder in ROR; verify each call's external eligibility before applying.
list.lu,Luxembourg,Luxembourgish|French|German,2026-03-31,https://www.list.lu,Luxembourg Institute of Science and Technology,LU,lb|fr|de,ror_record_last_modified,2026-03-31,,2026-07-29T06:56:35+00:00,URLError,unknown,research_funder,https://ror.org/01t178j62,funder; nonprofit,https://ror.org/01t178j62,Active organization classified as a funder in ROR; verify each call's external eligibility before applying.
liser.lu,Luxembourg,Luxembourgish|French|German,2026-07-20,https://www.liser.lu,Luxembourg Institute of Socio-Economic Research,LU,lb|fr|de,ror_record_last_modified,2026-07-20,,2026-07-29T06:55:07+00:00,URLError,unknown,research_funder,https://ror.org/040jf9322,funder; nonprofit,https://ror.org/040jf9322,Active organization classified as a funder in ROR; verify each call's external eligibility before applying.
fnr.lu,Luxembourg,Luxembourgish|French|German,2025-10-28,https://www.fnr.lu,National Research Fund Luxembourg,LU,lb|fr|de,ror_record_last_modified,2025-10-28,,2026-07-29T06:56:43+00:00,URLError,unknown,research_funder,https://ror.org/039z13y21,funder; nonprofit,https://ror.org/039z13y21,Active organization classified as a funder in ROR; verify each call's external eligibility before applying.
rsl.lu,Luxembourg,Luxembourgish|French|German,2024-12-11,http://www.rsl.lu/,Recherches Scientifiques Luxembourg,LU,lb|fr|de,ror_record_last_modified,2024-12-11,,2026-07-29T06:56:44+00:00,RemoteDisconnected,unknown,research_funder,https://ror.org/0333e3w09,facility; funder,https://ror.org/0333e3w09,Active organization classified as a funder in ROR; verify each call's external eligibility before applying.
uni.lu,Luxembourg,Luxembourgish|French|German,2025-10-28,https://www.uni.lu,University of Luxembourg,LU,lb|fr|de,ror_record_last_modified,2025-10-28,,2026-07-29T06:56:43+00:00,URLError,unknown,research_funder,https://ror.org/036x5ad56,education; funder,https://ror.org/036x5ad56,Active organization classified as a funder in ROR; verify each call's external eligibility before applying.
oeuvre.lu,Luxembourg,Luxembourgish|French|German,2025-06-24,https://www.oeuvre.lu,Œuvre Nationale de Secours Grande-Duchesse Charlotte,LU,lb|fr|de,ror_record_last_modified,2025-06-24,,2026-07-29T06:56:43+00:00,URLError,unknown,research_funder,https://ror.org/04gpsrx13,funder,https://ror.org/04gpsrx13,Active organization classified as a funder in ROR; verify each call's external eligibility before applying.
imli.org,Malta,Maltese|English,2026-06-23,https://imli.org,IMO International Maritime Law Institute,MT,mt|en,ror_record_last_modified,2026-06-23,,2026-07-29T06:55:45+00:00,URLError,unknown,research_funder,https://ror.org/04k9q2b98,education; funder,https://ror.org/04k9q2b98,Active organization classified as a funder in ROR; verify each call's external eligibility before applying.
mcst.gov.mt,Malta,Maltese|English,2026-07-20,http://www.mcst.gov.mt/,Malta Council for Science and Technology,MT,mt|en,ror_record_last_modified,2026-07-20,,2026-07-29T06:55:07+00:00,TimeoutError,unknown,research_funder,https://ror.org/05qk3dq04,funder; government,https://ror.org/05qk3dq04,Active organization classified as a funder in ROR; verify each call's external eligibility before applying.
thealfredmizzifoundation.com,Malta,Maltese|English,2026-06-23,https://thealfredmizzifoundation.com,The Alfred Mizzi Foundation,MT,mt|en,ror_record_last_modified,2026-06-23,,2026-07-29T06:55:31+00:00,URLError,unknown,research_funder,https://ror.org/03kvj3647,funder; nonprofit,https://ror.org/03kvj3647,Active organization classified as a funder in ROR; verify each call's external eligibility before applying.
um.edu.mt,Malta,Maltese|English,2025-09-22,https://www.um.edu.mt,University of Malta,MT,mt|en,ror_record_last_modified,2025-09-22,,2026-07-29T06:55:57+00:00,URLError,unknown,research_funder,https://ror.org/03a62bv60,education; funder,https://ror.org/03a62bv60,Active organization classified as a funder in ROR; verify each call's external eligibility before applying.
asm.md,Moldova,Romanian,2025-06-24,http://www.asm.md/,Academy of Sciences of Moldova,MD,ro,ror_record_last_modified,2025-06-24,,2026-07-29T06:55:31+00:00,TimeoutError,unknown,research_funder,https://ror.org/01w01n720,funder; government,https://ror.org/01w01n720,Active organization classified as a funder in ROR; verify each call's external eligibility before applying.
ancd.gov.md,Moldova,Romanian,2024-12-11,https://ancd.gov.md,Agenția Națională pentru Cercetare și Dezvoltare,MD,ro,ror_record_last_modified,2024-12-11,,2026-07-29T06:55:57+00:00,URLError,unknown,research_funder,https://ror.org/04kp6rb84,government; funder,https://ror.org/04kp6rb84,Active organization classified as a funder in ROR; verify each call's external eligibility before applying.
led.md,Moldova,Romanian,2026-06-23,https://led.md,Liechtenstein Development Service (LED),MD,ro,ror_record_last_modified,2026-06-23,,2026-07-29T06:55:07+00:00,URLError,unknown,research_funder,https://ror.org/00pp57x97,funder; nonprofit,https://ror.org/00pp57x97,Active organization classified as a funder in ROR; verify each call's external eligibility before applying.
mecc.gov.md,Moldova,Romanian,2024-12-11,https://mecc.gov.md/en,"Ministry of Education, Culture and Research",MD,ro,ror_record_last_modified,2024-12-11,,2026-07-29T06:55:47+00:00,URLError,unknown,research_funder,https://ror.org/03twcgp39,government; funder,https://ror.org/03twcgp39,Active organization classified as a funder in ROR; verify each call's external eligibility before applying.
fondation-psse-grace.mc,Monaco,French,2026-07-20,https://www.fondation-psse-grace.mc,Fondation Princesse Grace de Monaco,MC,fr,ror_record_last_modified,2026-07-20,,2026-07-29T06:55:07+00:00,URLError,unknown,research_funder,https://ror.org/003srgt63,funder; nonprofit,https://ror.org/003srgt63,Active organization classified as a funder in ROR; verify each call's external eligibility before applying.
fpa2.org,Monaco,French,2024-12-11,http://www.fpa2.org/,Prince Albert II of Monaco Foundation,MC,fr,ror_record_last_modified,2024-12-11,,2026-07-29T06:55:47+00:00,TimeoutError,unknown,research_funder,https://ror.org/01t9r8c86,nonprofit; funder,https://ror.org/01t9r8c86,Active organization classified as a funder in ROR; verify each call's external eligibility before applying.
centrescientifique.mc,Monaco,French,2025-10-28,https://centrescientifique.mc,Scientific Centre of Monaco,MC,fr,ror_record_last_modified,2025-10-28,,2026-07-29T06:55:31+00:00,URLError,unknown,research_funder,https://ror.org/04kptf457,facility; funder,https://ror.org/04kptf457,Active organization classified as a funder in ROR; verify each call's external eligibility before applying.
fondzainovacije.me,Montenegro,Montenegrin,2026-07-20,https://fondzainovacije.me/,fondzainovacije.me,ME,cnr,directory_release_date,,,2026-07-29T06:55:07+00:00,URLError,unknown,innovation fund,,,curated supplemental seed,"Curated European funding, challenge, programme, or government portal."
fitr.mk,North Macedonia,Macedonian|Albanian,2026-07-20,https://fitr.mk/,fitr.mk,MK,mk|sq,directory_release_date,,,2026-07-29T06:55:07+00:00,URLError,unknown,innovation fund,,,curated supplemental seed,"Curated European funding, challenge, programme, or government portal."
ajhs.no,Norway,Norwegian Bokmål|Norwegian Nynorsk|Northern Sami,2026-06-23,https://ajhs.no,Anders Jahres Humanitære Stiftelse,NO,nb|nn|se,ror_record_last_modified,2026-06-23,,2026-07-29T06:56:45+00:00,URLError,unknown,research_funder,https://ror.org/057k9a938,funder; nonprofit,https://ror.org/057k9a938,Active organization classified as a funder in ROR; verify each call's external eligibility before applying.
antarcticfund.org,Norway,Norwegian Bokmål|Norwegian Nynorsk|Northern Sami,2026-06-23,https://www.antarcticfund.org,Antarctic Wildlife Research Fund,NO,nb|nn|se,ror_record_last_modified,2026-06-23,,2026-07-29T06:56:45+00:00,URLError,unknown,research_funder,https://ror.org/051cb9t71,funder; nonprofit,https://ror.org/051cb9t71,Active organization classified as a funder in ROR; verify each call's external eligibility before applying.
barnekreftforeningen.no,Norway,Norwegian Bokmål|Norwegian Nynorsk|Northern Sami,2026-06-23,https://www.barnekreftforeningen.no,Barnekreftforeningen,NO,nb|nn|se,ror_record_last_modified,2026-06-23,,2026-07-29T06:56:45+00:00,URLError,unknown,research_funder,https://ror.org/05ag13b38,funder; nonprofit,https://ror.org/05ag13b38,Active organization classified as a funder in ROR; verify each call's external eligibility before applying.
bergenbio.com,Norway,Norwegian Bokmål|Norwegian Nynorsk|Northern Sami,2026-07-20,http://www.bergenbio.com/,BerGenBio (Norway),NO,nb|nn|se,ror_record_last_modified,2026-07-20,,2026-07-29T06:56:44+00:00,RemoteDisconnected,unknown,research_funder,https://ror.org/05tacv029,company; funder,https://ror.org/05tacv029,Active organization classified as a funder in ROR; verify each call's external eligibility before applying.
capacare.org,Norway,Norwegian Bokmål|Norwegian Nynorsk|Northern Sami,2026-07-20,https://www.capacare.org,Capacare NGO,NO,nb|nn|se,ror_record_last_modified,2026-07-20,,2026-07-29T06:56:44+00:00,URLError,unknown,research_funder,https://ror.org/04g8agp51,funder; nonprofit,https://ror.org/04g8agp51,Active organization classified as a funder in ROR; verify each call's external eligibility before applying.
enersense.com,Norway,Norwegian Bokmål|Norwegian Nynorsk|Northern Sami,2026-06-23,https://enersense.com,Enersense AS (Norway),NO,nb|nn|se,ror_record_last_modified,2026-06-23,,2026-07-29T06:56:45+00:00,URLError,unknown,research_funder,https://ror.org/014xm1396,company; funder,https://ror.org/014xm1396,Active organization classified as a funder in ROR; verify each call's external eligibility before applying.
fysiofondet.no,Norway,Norwegian Bokmål|Norwegian Nynorsk|Northern Sami,2026-07-20,https://fysiofondet.no,Fond til etter- og videreutdanning av fysioterapeuter,NO,nb|nn|se,ror_record_last_modified,2026-07-20,,2026-07-29T06:56:44+00:00,URLError,unknown,research_funder,https://ror.org/0145qvm35,funder,https://ror.org/0145qvm35,Active organization classified as a funder in ROR; verify each call's external eligibility before applying.
fondazioneiom.it,Norway,Norwegian Bokmål|Norwegian Nynorsk|Northern Sami,2026-06-23,https://www.fondazioneiom.it,Fondazione Istituto Oncologico del Mediterraneo,NO,nb|nn|se,ror_record_last_modified,2026-06-23,,2026-07-29T06:56:45+00:00,URLError,unknown,research_funder,https://ror.org/00v7rks23,funder; nonprofit,https://ror.org/00v7rks23,Active organization classified as a funder in ROR; verify each call's external eligibility before applying.
helse-fonna.no,Norway,Norwegian Bokmål|Norwegian Nynorsk|Northern Sami,2026-07-20,https://www.helse-fonna.no,Fonna Hospital Trust,NO,nb|nn|se,ror_record_last_modified,2026-07-20,,2026-07-29T06:56:44+00:00,URLError,unknown,research_funder,https://ror.org/05n8j1468,funder; healthcare,https://ror.org/05n8j1468,Active organization classified as a funder in ROR; verify each call's external eligibility before applying.
gcrieber-fondene.no,Norway,Norwegian Bokmål|Norwegian Nynorsk|Northern Sami,2026-07-20,https://www.gcrieber-fondene.no,GC Rieber Fondene,NO,nb|nn|se,ror_record_last_modified,2026-07-20,,2026-07-29T06:56:44+00:00,URLError,unknown,research_funder,https://ror.org/01hczre62,funder; nonprofit,https://ror.org/01hczre62,Active organization classified as a funder in ROR; verify each call's external eligibility before applying.
gjensidigestiftelsen.no,Norway,Norwegian Bokmål|Norwegian Nynorsk|Northern Sami,2026-06-23,https://www.gjensidigestiftelsen.no,Gjensidigestiftelsen,NO,nb|nn|se,ror_record_last_modified,2026-06-23,,2026-07-29T06:56:45+00:00,URLError,unknown,research_funder,https://ror.org/0169tw760,funder; nonprofit,https://ror.org/0169tw760,Active organization classified as a funder in ROR; verify each call's external eligibility before applying.
grida.no,Norway,Norwegian Bokmål|Norwegian Nynorsk|Northern Sami,2026-07-20,https://www.grida.no,Grid-Arendal,NO,nb|nn|se,ror_record_last_modified,2026-07-20,,2026-07-29T06:56:44+00:00,URLError,unknown,research_funder,https://ror.org/02grxeb87,funder; nonprofit,https://ror.org/02grxeb87,Active organization classified as a funder in ROR; verify each call's external eligibility before applying.
hnt.no,Norway,Norwegian Bokmål|Norwegian Nynorsk|Northern Sami,2026-06-23,https://www.hnt.no,Helse Nord-Trøndelag HF,NO,nb|nn|se,ror_record_last_modified,2026-06-23,,2026-07-29T06:56:45+00:00,URLError,unknown,research_funder,https://ror.org/0319bc948,funder; healthcare,https://ror.org/0319bc948,Active organization classified as a funder in ROR; verify each call's external eligibility before applying.
kristiania.no,Norway,Norwegian Bokmål|Norwegian Nynorsk|Northern Sami,2026-07-20,https://www.kristiania.no,Høyskolen Kristiania,NO,nb|nn|se,ror_record_last_modified,2026-07-20,,2026-07-29T06:56:44+00:00,URLError,unknown,research_funder,https://ror.org/03gss5916,education; funder,https://ror.org/03gss5916,Active organization classified as a funder in ROR; verify each call's external eligibility before applying.
kettilbruun.org,Norway,Norwegian Bokmål|Norwegian Nynorsk|Northern Sami,2026-06-23,https://www.kettilbruun.org,Kettil Bruun Society for Social and Epidemiological Research on Alcohol,NO,nb|nn|se,ror_record_last_modified,2026-06-23,,2026-07-29T06:56:45+00:00,URLError,unknown,research_funder,https://ror.org/02373tm11,funder; nonprofit,https://ror.org/02373tm11,Active organization classified as a funder in ROR; verify each call's external eligibility before applying.
modum-bad.no,Norway,Norwegian Bokmål|Norwegian Nynorsk|Northern Sami,2026-07-20,https://www.modum-bad.no,Modum Bad – Gordon Johnsens stiftelse,NO,nb|nn|se,ror_record_last_modified,2026-07-20,,2026-07-29T06:56:44+00:00,URLError,unknown,research_funder,https://ror.org/026nfkh32,funder; other,https://ror.org/026nfkh32,Active organization classified as a funder in ROR; verify each call's external eligibility before applying.
mrfylke.no,Norway,Norwegian Bokmål|Norwegian Nynorsk|Northern Sami,2026-07-20,https://mrfylke.no/,Møre og Romsdal Fylkeskommune,NO,nb|nn|se,ror_record_last_modified,2026-07-20,,2026-07-29T06:56:44+00:00,URLError,unknown,research_funder,https://ror.org/057zq5186,funder; government,https://ror.org/057zq5186,Active organization classified as a funder in ROR; verify each call's external eligibility before applying.
nordicinnovation.org,Norway,Norwegian Bokmål|Norwegian Nynorsk|Northern Sami,2026-07-20,http://www.nordicinnovation.org/,Nordic Innovation,NO,nb|nn|se,ror_record_last_modified,2026-07-20,,2026-07-29T06:56:43+00:00,RemoteDisconnected,unknown,research_funder,https://ror.org/04f6j3x86,funder; other,https://ror.org/04f6j3x86,Active organization classified as a funder in ROR; verify each call's external eligibility before applying.
norsk-tipping.no,Norway,Norwegian Bokmål|Norwegian Nynorsk|Northern Sami,2026-06-23,https://www.norsk-tipping.no,Norsk Tipping (Norway),NO,nb|nn|se,ror_record_last_modified,2026-06-23,,2026-07-29T06:56:45+00:00,URLError,unknown,research_funder,https://ror.org/02n15q260,company; funder,https://ror.org/02n15q260,Active organization classified as a funder in ROR; verify each call's external eligibility before applying.
dnva.no,Norway,Norwegian Bokmål|Norwegian Nynorsk|Northern Sami,2026-07-20,https://www.dnva.no,Norwegian Academy of Science and Letters,NO,nb|nn|se,ror_record_last_modified,2026-07-20,,2026-07-29T06:56:44+00:00,URLError,unknown,research_funder,https://ror.org/00g8k7g33,education; funder,https://ror.org/00g8k7g33,Active organization classified as a funder in ROR; verify each call's external eligibility before applying.
landbruksdirektoratet.no,Norway,Norwegian Bokmål|Norwegian Nynorsk|Northern Sami,2026-07-20,https://www.landbruksdirektoratet.no/en/,Norwegian Agriculture Agency,NO,nb|nn|se,ror_record_last_modified,2026-07-20,,2026-07-29T06:56:44+00:00,URLError,unknown,research_funder,https://ror.org/03ht51987,funder; other,https://ror.org/03ht51987,Active organization classified as a funder in ROR; verify each call's external eligibility before applying.
ffi.no,Norway,Norwegian Bokmål|Norwegian Nynorsk|Northern Sami,2026-07-20,https://www.ffi.no,Norwegian Defence Research Establishment,NO,nb|nn|se,ror_record_last_modified,2026-07-20,,2026-07-29T06:56:44+00:00,URLError,unknown,research_funder,https://ror.org/0098gnz32,facility; funder,https://ror.org/0098gnz32,Active organization classified as a funder in ROR; verify each call's external eligibility before applying.
bufdir.no,Norway,Norwegian Bokmål|Norwegian Nynorsk|Northern Sami,2026-07-20,https://www.bufdir.no,"Norwegian Directorate for Children, Youth and Family Affairs",NO,nb|nn|se,ror_record_last_modified,2026-07-20,,2026-07-29T06:56:44+00:00,URLError,unknown,research_funder,https://ror.org/04yqs7e37,funder; government,https://ror.org/04yqs7e37,Active organization classified as a funder in ROR; verify each call's external eligibility before applying.
torreoyneklinikken.no,Norway,Norwegian Bokmål|Norwegian Nynorsk|Northern Sami,2026-07-20,https://torreoyneklinikken.no,Norwegian Dry Eye Clinic,NO,nb|nn|se,ror_record_last_modified,2026-07-20,,2026-07-29T06:55:47+00:00,URLError,unknown,research_funder,https://ror.org/01dfan342,funder; healthcare,https://ror.org/01dfan342,Active organization classified as a funder in ROR; verify each call's external eligibility before applying.
nupi.no,Norway,Norwegian Bokmål|Norwegian Nynorsk|Northern Sami,2026-07-20,http://www.nupi.no/en/,Norwegian Institute of International Affairs,NO,nb|nn|se,ror_record_last_modified,2026-07-20,,2026-07-29T06:56:43+00:00,RemoteDisconnected,unknown,research_funder,https://ror.org/01pznaa94,funder; government,https://ror.org/01pznaa94,Active organization classified as a funder in ROR; verify each call's external eligibility before applying.
sodir.no,Norway,Norwegian Bokmål|Norwegian Nynorsk|Northern Sami,2026-06-23,https://www.sodir.no,Norwegian Offshore Directorate,NO,nb|nn|se,ror_record_last_modified,2026-06-23,,2026-07-29T06:56:45+00:00,URLError,unknown,research_funder,https://ror.org/046m5jm48,funder; government,https://ror.org/046m5jm48,Active organization classified as a funder in ROR; verify each call's external eligibility before applying.
politihogskolen.no,Norway,Norwegian Bokmål|Norwegian Nynorsk|Northern Sami,2026-07-20,https://www.politihogskolen.no,Norwegian Police University College,NO,nb|nn|se,ror_record_last_modified,2026-07-20,,2026-07-29T06:56:27+00:00,URLError,unknown,research_funder,https://ror.org/05486d596,education; funder,https://ror.org/05486d596,Active organization classified as a funder in ROR; verify each call's external eligibility before applying.
nhh.no,Norway,Norwegian Bokmål|Norwegian Nynorsk|Northern Sami,2026-07-20,https://www.nhh.no,Norwegian School of Economics,NO,nb|nn|se,ror_record_last_modified,2026-07-20,,2026-07-29T06:56:44+00:00,URLError,unknown,research_funder,https://ror.org/04v53s997,education; funder,https://ror.org/04v53s997,Active organization classified as a funder in ROR; verify each call's external eligibility before applying.
oddberg.no,Norway,Norwegian Bokmål|Norwegian Nynorsk|Northern Sami,2026-07-20,https://www.oddberg.no/medisinsk-forskning/,Odd Berg Medical Research Foundation,NO,nb|nn|se,ror_record_last_modified,2026-07-20,,2026-07-29T06:56:43+00:00,URLError,unknown,research_funder,https://ror.org/026kc5t78,funder; nonprofit,https://ror.org/026kc5t78,Active organization classified as a funder in ROR; verify each call's external eligibility before applying.
olavthonstiftelsen.no,Norway,Norwegian Bokmål|Norwegian Nynorsk|Northern Sami,2026-06-23,https://olavthonstiftelsen.no,Olav Thon Stiftelsen,NO,nb|nn|se,ror_record_last_modified,2026-06-23,,2026-07-29T06:56:45+00:00,URLError,unknown,research_funder,https://ror.org/014am8n90,funder; nonprofit,https://ror.org/014am8n90,Active organization classified as a funder in ROR; verify each call's external eligibility before applying.
oslo-universitetssykehus.no,Norway,Norwegian Bokmål|Norwegian Nynorsk|Northern Sami,2026-07-20,http://www.oslo-universitetssykehus.no/om-oss/english,Oslo University Hospital,NO,nb|nn|se,ror_record_last_modified,2026-07-20,,2026-07-29T06:56:35+00:00,TimeoutError,unknown,research_funder,https://ror.org/00j9c2840,funder; healthcare,https://ror.org/00j9c2840,Active organization classified as a funder in ROR; verify each call's external eligibility before applying.
porelab.no,Norway,Norwegian Bokmål|Norwegian Nynorsk|Northern Sami,2026-06-23,https://porelab.no,PoreLab,NO,nb|nn|se,ror_record_last_modified,2026-06-23,,2026-07-29T06:56:45+00:00,URLError,unknown,research_funder,https://ror.org/00n8a1j31,facility; funder,https://ror.org/00n8a1j31,Active organization classified as a funder in ROR; verify each call's external eligibility before applying.
forsvaret.no,Norway,Norwegian Bokmål|Norwegian Nynorsk|Northern Sami,2026-07-20,https://www.forsvaret.no/en/research/research-at-the-nduc/royal-norwegian-naval-academy,Royal Norwegian Naval Academy,NO,nb|nn|se,ror_record_last_modified,2026-07-20,,2026-07-29T06:56:44+00:00,URLError,unknown,research_funder,https://ror.org/040he7428,education; funder,https://ror.org/040he7428,Active organization classified as a funder in ROR; verify each call's external eligibility before applying.
ruralis.no,Norway,Norwegian Bokmål|Norwegian Nynorsk|Northern Sami,2026-07-20,https://ruralis.no,Ruralis - Institute for Rural and Regional Research,NO,nb|nn|se,ror_record_last_modified,2026-07-20,,2026-07-29T06:56:11+00:00,URLError,unknown,research_funder,https://ror.org/0169gd037,funder; other,https://ror.org/0169gd037,Active organization classified as a funder in ROR; verify each call's external eligibility before applying.
medietilsynet.no,Norway,Norwegian Bokmål|Norwegian Nynorsk|Northern Sami,2026-07-20,https://www.medietilsynet.no/om-medietilsynet/fagutvalg-og-klagenemnder/fagutvalget-for-medieforskning/,Rådet for Anvendt Medieforskning,NO,nb|nn|se,ror_record_last_modified,2026-07-20,,2026-07-29T06:56:44+00:00,URLError,unknown,research_funder,https://ror.org/044674v36,funder; government,https://ror.org/044674v36,Active organization classified as a funder in ROR; verify each call's external eligibility before applying.
skretting.com,Norway,Norwegian Bokmål|Norwegian Nynorsk|Northern Sami,2026-06-23,https://www.skretting.com/innovation/skretting-arc-where-science-meets-industry/,Skretting Aquaculture Research Centre (Norway),NO,nb|nn|se,ror_record_last_modified,2026-06-23,,2026-07-29T06:56:45+00:00,URLError,unknown,research_funder,https://ror.org/03x1abg28,company; funder,https://ror.org/03x1abg28,Active organization classified as a funder in ROR; verify each call's external eligibility before applying.
soft-ox.com,Norway,Norwegian Bokmål|Norwegian Nynorsk|Northern Sami,2026-07-20,https://soft-ox.com,SoftOx Solutions (Norway),NO,nb|nn|se,ror_record_last_modified,2026-07-20,,2026-07-29T06:56:01+00:00,URLError,unknown,research_funder,https://ror.org/038qmyt60,company; funder,https://ror.org/038qmyt60,Active organization classified as a funder in ROR; verify each call's external eligibility before applying.
sophiesminde.no,Norway,Norwegian Bokmål|Norwegian Nynorsk|Northern Sami,2026-06-23,https://sophiesminde.no,Sophies Minde Ortopedi,NO,nb|nn|se,ror_record_last_modified,2026-06-23,,2026-07-29T06:56:45+00:00,URLError,unknown,research_funder,https://ror.org/03se19269,funder; healthcare,https://ror.org/03se19269,Active organization classified as a funder in ROR; verify each call's external eligibility before applying.
fulbright.no,Norway,Norwegian Bokmål|Norwegian Nynorsk|Northern Sami,2026-06-23,https://fulbright.no,U.S.-Norway Fulbright Foundation for Educational Exchange,NO,nb|nn|se,ror_record_last_modified,2026-06-23,,2026-07-29T06:56:45+00:00,URLError,unknown,research_funder,https://ror.org/04zbwa870,funder; nonprofit,https://ror.org/04zbwa870,Active organization classified as a funder in ROR; verify each call's external eligibility before applying.
uit.no,Norway,Norwegian Bokmål|Norwegian Nynorsk|Northern Sami,2026-06-02,https://uit.no,UiT The Arctic University of Norway,NO,nb|nn|se,ror_record_last_modified,2026-06-02,,2026-07-29T06:56:45+00:00,URLError,unknown,research_funder,https://ror.org/00wge5k78,education; funder,https://ror.org/00wge5k78,Active organization classified as a funder in ROR; verify each call's external eligibility before applying.
uib.no,Norway,Norwegian Bokmål|Norwegian Nynorsk|Northern Sami,2026-06-02,http://www.uib.no/,University of Bergen,NO,nb|nn|se,ror_record_last_modified,2026-06-02,,2026-07-29T06:56:45+00:00,RemoteDisconnected,unknown,research_funder,https://ror.org/03zga2b32,education; funder,https://ror.org/03zga2b32,Active organization classified as a funder in ROR; verify each call's external eligibility before applying.
uio.no,Norway,Norwegian Bokmål|Norwegian Nynorsk|Northern Sami,2026-07-20,http://www.uio.no/english/,University of Oslo,NO,nb|nn|se,ror_record_last_modified,2026-07-20,,2026-07-29T06:55:31+00:00,TimeoutError,unknown,research_funder,https://ror.org/01xtthb56,education; funder,https://ror.org/01xtthb56,Active organization classified as a funder in ROR; verify each call's external eligibility before applying.
vid.no,Norway,Norwegian Bokmål|Norwegian Nynorsk|Northern Sami,2026-06-02,https://www.vid.no,VID Specialized University,NO,nb|nn|se,ror_record_last_modified,2026-06-02,,2026-07-29T06:56:45+00:00,URLError,unknown,research_funder,https://ror.org/0191b3351,education; funder,https://ror.org/0191b3351,Active organization classified as a funder in ROR; verify each call's external eligibility before applying.
varenergi.no,Norway,Norwegian Bokmål|Norwegian Nynorsk|Northern Sami,2026-07-20,https://varenergi.no,Vår Energi (Norway),NO,nb|nn|se,ror_record_last_modified,2026-07-20,,2026-07-29T06:55:07+00:00,URLError,unknown,research_funder,https://ror.org/044n1t272,company; funder,https://ror.org/044n1t272,Active organization classified as a funder in ROR; verify each call's external eligibility before applying.
amu.edu.pl,Poland,Polish,2026-07-20,https://amu.edu.pl,Adam Mickiewicz University in Poznań,PL,pl,ror_record_last_modified,2026-07-20,,2026-07-29T06:56:44+00:00,URLError,unknown,research_funder,https://ror.org/04g6bbq64,education; funder,https://ror.org/04g6bbq64,Active organization classified as a funder in ROR; verify each call's external eligibility before applying.
abm.gov.pl,Poland,Polish,2025-11-24,https://abm.gov.pl,Agencja Badań Medycznych,PL,pl,ror_record_last_modified,2025-11-24,,2026-07-29T06:56:45+00:00,URLError,unknown,research_funder,https://ror.org/026nedj88,funder; government,https://ror.org/026nedj88,Active organization classified as a funder in ROR; verify each call's external eligibility before applying.
ateneum.edu.pl,Poland,Polish,2026-02-24,https://ateneum.edu.pl,Akademia Ateneum w Gdańsku,PL,pl,ror_record_last_modified,2026-02-24,,2026-07-29T06:56:45+00:00,URLError,unknown,research_funder,https://ror.org/014anrn41,education; funder,https://ror.org/014anrn41,Active organization classified as a funder in ROR; verify each call's external eligibility before applying.
akademiabialska.pl,Poland,Polish,2025-10-28,https://akademiabialska.pl,Akademia Bialska im. Jana Pawła II,PL,pl,ror_record_last_modified,2025-10-28,,2026-07-29T06:56:45+00:00,URLError,unknown,research_funder,https://ror.org/00vtya531,education; funder,https://ror.org/00vtya531,Active organization classified as a funder in ROR; verify each call's external eligibility before applying.
poznan.pl,Poland,Polish,2026-07-20,https://awf.poznan.pl,Akademia Wychowania Fizycznego im. Eugeniusza Piaseckiego w Poznaniu,PL,pl,ror_record_last_modified,2026-07-20,,2026-07-29T06:56:43+00:00,URLError,unknown,research_funder,https://ror.org/04s8tv284,education; funder,https://ror.org/04s8tv284,Active organization classified as a funder in ROR; verify each call's external eligibility before applying.
uksw.edu.pl,Poland,Polish,2026-02-24,https://uksw.edu.pl,Cardinal Stefan Wyszynski University in Warsaw,PL,pl,ror_record_last_modified,2026-02-24,,2026-07-29T06:56:45+00:00,URLError,unknown,research_funder,https://ror.org/05sdyjv16,education; funder,https://ror.org/05sdyjv16,Active organization classified as a funder in ROR; verify each call's external eligibility before applying.
ciop.pl,Poland,Polish,2026-07-20,https://www.ciop.pl/,Central Institute for Labour Protection,PL,pl,ror_record_last_modified,2026-07-20,,2026-07-29T06:56:44+00:00,URLError,unknown,research_funder,https://ror.org/03x0yya69,facility; funder,https://ror.org/03x0yya69,Active organization classified as a funder in ROR; verify each call's external eligibility before applying.
pcz.pl,Poland,Polish,2026-06-23,https://pcz.pl,Częstochowa University of Technology,PL,pl,ror_record_last_modified,2026-06-23,,2026-07-29T06:56:44+00:00,URLError,unknown,research_funder,https://ror.org/046awyn59,education; funder,https://ror.org/046awyn59,Active organization classified as a funder in ROR; verify each call's external eligibility before applying.
fumed.pl,Poland,Polish,2026-06-23,https://fumed.pl,Foundation for Medical University of Łódź,PL,pl,ror_record_last_modified,2026-06-23,,2026-07-29T06:56:45+00:00,URLError,unknown,research_funder,https://ror.org/025bzs855,funder; nonprofit,https://ror.org/025bzs855,Active organization classified as a funder in ROR; verify each call's external eligibility before applying.
fnp.org.pl,Poland,Polish,2025-11-24,https://fnp.org.pl,Foundation for Polish Science,PL,pl,ror_record_last_modified,2025-11-24,,2026-07-29T06:56:45+00:00,URLError,unknown,research_funder,https://ror.org/048zd9m77,funder; nonprofit,https://ror.org/048zd9m77,Active organization classified as a funder in ROR; verify each call's external eligibility before applying.
olsztyn.pl,Poland,Polish,2026-03-12,https://pan.olsztyn.pl,"InLife Institute of Animal Reproduction and Food Research, Polish Academy of Sciences",PL,pl,ror_record_last_modified,2026-03-12,,2026-07-29T06:56:45+00:00,URLError,unknown,research_funder,https://ror.org/04cnktn59,facility; funder,https://ror.org/04cnktn59,Active organization classified as a funder in ROR; verify each call's external eligibility before applying.
ichb.pl,Poland,Polish,2026-03-31,https://portal.ichb.pl,"Institute of Bioorganic Chemistry, Polish Academy of Sciences",PL,pl,ror_record_last_modified,2026-03-31,,2026-07-29T06:56:45+00:00,URLError,unknown,research_funder,https://ror.org/04ejdtr48,facility; funder,https://ror.org/04ejdtr48,Active organization classified as a funder in ROR; verify each call's external eligibility before applying.
krakow.pl,Poland,Polish,2026-07-20,http://www.isez.pan.krakow.pl/en/index.html,Institute of Systematics and Evolution of Animals,PL,pl,ror_record_last_modified,2026-07-20,,2026-07-29T06:56:44+00:00,ConnectionResetError,unknown,research_funder,https://ror.org/05rdy5005,facility; funder,https://ror.org/05rdy5005,Active organization classified as a funder in ROR; verify each call's external eligibility before applying.
icm.edu.pl,Poland,Polish,2026-06-23,https://icm.edu.pl,"Interdisciplinary Centre for Mathematical and Computational Modelling, University of Warsaw",PL,pl,ror_record_last_modified,2026-06-23,,2026-07-29T06:56:44+00:00,URLError,unknown,research_funder,https://ror.org/02t4tdj67,facility; funder,https://ror.org/02t4tdj67,Active organization classified as a funder in ROR; verify each call's external eligibility before applying.
uj.edu.pl,Poland,Polish,2026-07-20,https://www.uj.edu.pl,Jagiellonian University,PL,pl,ror_record_last_modified,2026-07-20,,2026-07-29T06:56:03+00:00,URLError,unknown,research_funder,https://ror.org/03bqmcz70,education; funder,https://ror.org/03bqmcz70,Active organization classified as a funder in ROR; verify each call's external eligibility before applying.
awf.edu.pl,Poland,Polish,2026-07-20,https://www.awf.edu.pl,Józef Piłsudski University of Physical Education in Warsaw,PL,pl,ror_record_last_modified,2026-07-20,,2026-07-29T06:56:44+00:00,URLError,unknown,research_funder,https://ror.org/043k6re07,education; funder,https://ror.org/043k6re07,Active organization classified as a funder in ROR; verify each call's external eligibility before applying.
umcs.pl,Poland,Polish,2025-05-05,https://www.umcs.pl,Maria Curie-Skłodowska University,PL,pl,ror_record_last_modified,2025-05-05,,2026-07-29T06:56:45+00:00,URLError,unknown,research_funder,https://ror.org/015h0qg34,education; funder,https://ror.org/015h0qg34,Active organization classified as a funder in ROR; verify each call's external eligibility before applying.
umb.edu.pl,Poland,Polish,2026-06-23,https://www.umb.edu.pl,Medical University of Białystok,PL,pl,ror_record_last_modified,2026-06-23,,2026-07-29T06:56:44+00:00,URLError,unknown,research_funder,https://ror.org/00y4ya841,education; funder,https://ror.org/00y4ya841,Active organization classified as a funder in ROR; verify each call's external eligibility before applying.
sum.edu.pl,Poland,Polish,2026-06-23,https://sum.edu.pl,Medical University of Silesia,PL,pl,ror_record_last_modified,2026-06-23,,2026-07-29T06:56:44+00:00,URLError,unknown,research_funder,https://ror.org/005k7hp45,education; funder,https://ror.org/005k7hp45,Active organization classified as a funder in ROR; verify each call's external eligibility before applying.
wat.edu.pl,Poland,Polish,2026-07-20,https://www.wojsko-polskie.pl/wat,Military University of Technology in Warsaw,PL,pl,ror_record_last_modified,2026-07-20,,2026-07-29T06:55:31+00:00,URLError,unknown,research_funder,https://ror.org/05fct5h31,education; funder,https://ror.org/05fct5h31,Active organization classified as a funder in ROR; verify each call's external eligibility before applying.
gdynia.pl,Poland,Polish,2026-07-20,https://mir.gdynia.pl,National Marine Fisheries Research Institute,PL,pl,ror_record_last_modified,2026-07-20,,2026-07-29T06:56:44+00:00,URLError,unknown,research_funder,https://ror.org/03x3g5758,facility; funder,https://ror.org/03x3g5758,Active organization classified as a funder in ROR; verify each call's external eligibility before applying.
ncn.gov.pl,Poland,Polish,2026-03-31,https://www.ncn.gov.pl,National Science Centre,PL,pl,ror_record_last_modified,2026-03-31,,2026-07-29T06:56:45+00:00,URLError,unknown,research_funder,https://ror.org/03ha2q922,funder; government,https://ror.org/03ha2q922,Active organization classified as a funder in ROR; verify each call's external eligibility before applying.
plgrid.pl,Poland,Polish,2026-02-24,https://www.plgrid.pl,PLGrid Infrastructure,PL,pl,ror_record_last_modified,2026-02-24,,2026-07-29T06:56:45+00:00,URLError,unknown,research_funder,https://ror.org/01m3qaz74,funder; other,https://ror.org/01m3qaz74,Active organization classified as a funder in ROR; verify each call's external eligibility before applying.
pan.pl,Poland,Polish,2026-07-20,http://www.english.pan.pl/,Polish Academy of Sciences,PL,pl,ror_record_last_modified,2026-07-20,,2026-07-29T06:56:43+00:00,RemoteDisconnected,unknown,research_funder,https://ror.org/01dr6c206,funder; government,https://ror.org/01dr6c206,Active organization classified as a funder in ROR; verify each call's external eligibility before applying.
ptkardio.pl,Poland,Polish,2026-06-23,https://ptkardio.pl,Polish Cardiac Society,PL,pl,ror_record_last_modified,2026-06-23,,2026-07-29T06:56:44+00:00,URLError,unknown,research_funder,https://ror.org/003s8yx41,funder; nonprofit,https://ror.org/003s8yx41,Active organization classified as a funder in ROR; verify each call's external eligibility before applying.
uw.edu.pl,Poland,Polish,2026-06-23,https://pcma.uw.edu.pl,"Polish Centre of Mediterranean Archaeology, University of Warsaw",PL,pl,ror_record_last_modified,2026-06-23,,2026-07-29T06:56:44+00:00,URLError,unknown,research_funder,https://ror.org/01wf60r45,facility; funder,https://ror.org/01wf60r45,Active organization classified as a funder in ROR; verify each call's external eligibility before applying.
ptbun.org.pl,Poland,Polish,2026-06-23,https://ptbun.org.pl/index-en/,Polish Neuroscience Society,PL,pl,ror_record_last_modified,2026-06-23,,2026-07-29T06:56:44+00:00,URLError,unknown,research_funder,https://ror.org/030fprh51,funder; nonprofit,https://ror.org/030fprh51,Active organization classified as a funder in ROR; verify each call's external eligibility before applying.
med.pl,Poland,Polish,2026-06-23,https://ptmr.med.pl,Polish Society for Emergency Medicine,PL,pl,ror_record_last_modified,2026-06-23,,2026-07-29T06:56:44+00:00,URLError,unknown,research_funder,https://ror.org/03bh5jk84,funder; nonprofit,https://ror.org/03bh5jk84,Active organization classified as a funder in ROR; verify each call's external eligibility before applying.
pafw.pl,Poland,Polish,2026-07-20,https://pafw.pl,Polish-American Freedom Foundation,PL,pl,ror_record_last_modified,2026-07-20,,2026-07-29T06:56:43+00:00,URLError,unknown,research_funder,https://ror.org/014x6jj08,funder; nonprofit,https://ror.org/014x6jj08,Active organization classified as a funder in ROR; verify each call's external eligibility before applying.
polpharma.pl,Poland,Polish,2026-06-23,https://polpharma.pl/scientific-foundation/,Polpharma Scientific Foundation,PL,pl,ror_record_last_modified,2026-06-23,,2026-07-29T06:56:44+00:00,URLError,unknown,research_funder,https://ror.org/01978ee63,funder; nonprofit,https://ror.org/01978ee63,Active organization classified as a funder in ROR; verify each call's external eligibility before applying.
polsl.pl,Poland,Polish,2025-05-05,https://www.polsl.pl,Silesian University of Technology,PL,pl,ror_record_last_modified,2025-05-05,,2026-07-29T06:56:45+00:00,URLError,unknown,research_funder,https://ror.org/02dyjk442,education; funder,https://ror.org/02dyjk442,Active organization classified as a funder in ROR; verify each call's external eligibility before applying.
com.pl,Poland,Polish,2026-07-20,https://www.infish.com.pl,Stanisław Sakowicz Inland Fisheries Institute,PL,pl,ror_record_last_modified,2026-07-20,,2026-07-29T06:56:44+00:00,URLError,unknown,research_funder,https://ror.org/04a4x4g72,facility; funder,https://ror.org/04a4x4g72,Active organization classified as a funder in ROR; verify each call's external eligibility before applying.
ug.edu.pl,Poland,Polish,2026-07-20,https://ug.edu.pl,University of Gdańsk,PL,pl,ror_record_last_modified,2026-07-20,,2026-07-29T06:56:11+00:00,URLError,unknown,research_funder,https://ror.org/011dv8m48,education; funder,https://ror.org/011dv8m48,Active organization classified as a funder in ROR; verify each call's external eligibility before applying.
puls.edu.pl,Poland,Polish,2026-07-20,http://en.puls.edu.pl/,University of Life Sciences in Poznań,PL,pl,ror_record_last_modified,2026-07-20,,2026-07-29T06:56:35+00:00,TimeoutError,unknown,research_funder,https://ror.org/03tth1e03,education; funder,https://ror.org/03tth1e03,Active organization classified as a funder in ROR; verify each call's external eligibility before applying.
ur.edu.pl,Poland,Polish,2026-06-02,https://www.ur.edu.pl/en/home,University of Rzeszów,PL,pl,ror_record_last_modified,2026-06-02,,2026-07-29T06:56:45+00:00,URLError,unknown,research_funder,https://ror.org/03pfsnq21,education; funder,https://ror.org/03pfsnq21,Active organization classified as a funder in ROR; verify each call's external eligibility before applying.
fuw.edu.pl,Poland,Polish,2026-03-12,http://en.uw.edu.pl/,University of Warsaw,PL,pl,ror_record_last_modified,2026-03-12,,2026-07-29T06:56:45+00:00,RemoteDisconnected,unknown,research_funder,https://ror.org/039bjqg32,education; funder,https://ror.org/039bjqg32,Active organization classified as a funder in ROR; verify each call's external eligibility before applying.
uwr.edu.pl,Poland,Polish,2025-02-26,https://uwr.edu.pl,University of Wrocław,PL,pl,ror_record_last_modified,2025-02-26,,2026-07-29T06:56:45+00:00,URLError,unknown,research_funder,https://ror.org/00yae6e25,education; funder,https://ror.org/00yae6e25,Active organization classified as a funder in ROR; verify each call's external eligibility before applying.
lodz.pl,Poland,Polish,2026-06-02,https://www.uni.lodz.pl,University of Łódź,PL,pl,ror_record_last_modified,2026-06-02,,2026-07-29T06:56:45+00:00,URLError,unknown,research_funder,https://ror.org/05cq64r17,education; funder,https://ror.org/05cq64r17,Active organization classified as a funder in ROR; verify each call's external eligibility before applying.
pw.edu.pl,Poland,Polish,2026-07-20,https://pw.edu.pl,Warsaw University of Technology,PL,pl,ror_record_last_modified,2026-07-20,,2026-07-29T06:56:27+00:00,URLError,unknown,research_funder,https://ror.org/00y0xnp53,education; funder,https://ror.org/00y0xnp53,Active organization classified as a funder in ROR; verify each call's external eligibility before applying.
zut.edu.pl,Poland,Polish,2026-02-24,https://www.zut.edu.pl,West Pomeranian University of Technology in Szczecin,PL,pl,ror_record_last_modified,2026-02-24,,2026-07-29T06:56:45+00:00,URLError,unknown,research_funder,https://ror.org/0596m7f19,education; funder,https://ror.org/0596m7f19,Active organization classified as a funder in ROR; verify each call's external eligibility before applying.
wroc.pl,Poland,Polish,2026-07-20,https://www.ue.wroc.pl,Wroclaw University of Economics and Business,PL,pl,ror_record_last_modified,2026-07-20,,2026-07-29T06:55:07+00:00,URLError,unknown,research_funder,https://ror.org/013sm1c65,education; funder,https://ror.org/013sm1c65,Active organization classified as a funder in ROR; verify each call's external eligibility before applying.
upwr.edu.pl,Poland,Polish,2026-07-20,https://upwr.edu.pl,Wrocław University of Environmental and Life Sciences,PL,pl,ror_record_last_modified,2026-07-20,,2026-07-29T06:55:47+00:00,URLError,unknown,research_funder,https://ror.org/05cs8k179,education; funder,https://ror.org/05cs8k179,Active organization classified as a funder in ROR; verify each call's external eligibility before applying.
wskm.edu.pl,Poland,Polish,2026-02-24,https://www.wskm.edu.pl,Wyższej Szkoły Kadr Menedżerskich w Koninie,PL,pl,ror_record_last_modified,2026-02-24,,2026-07-29T06:56:45+00:00,URLError,unknown,research_funder,https://ror.org/03wtjmk03,education; funder,https://ror.org/03wtjmk03,Active organization classified as a funder in ROR; verify each call's external eligibility before applying.
lukasiewicz.gov.pl,Poland,Polish,2026-07-20,https://lukasiewicz.gov.pl/en/,Łukasiewicz Research Network,PL,pl,ror_record_last_modified,2026-07-20,,2026-07-29T06:56:44+00:00,URLError,unknown,research_funder,https://ror.org/036f4sz05,facility; funder,https://ror.org/036f4sz05,Active organization classified as a funder in ROR; verify each call's external eligibility before applying.
ani.pt,Portugal,Portuguese,2026-07-20,https://ani.pt,Agencia de Inovacao,PT,pt,ror_record_last_modified,2026-07-20,,2026-07-29T06:56:44+00:00,URLError,unknown,research_funder,https://ror.org/01mvsby80,funder; other,https://ror.org/01mvsby80,Active organization classified as a funder in ROR; verify each call's external eligibility before applying.
viveraciencia.org,Portugal,Portuguese,2024-12-11,http://viveraciencia.org/index/index.php?lang=en,Associação Viver a Ciência,PT,pt,ror_record_last_modified,2024-12-11,,2026-07-29T06:56:45+00:00,RemoteDisconnected,unknown,research_funder,https://ror.org/00x1gs846,nonprofit; funder,https://ror.org/00x1gs846,Active organization classified as a funder in ROR; verify each call's external eligibility before applying.
instituto-camoes.pt,Portugal,Portuguese,2026-07-20,https://www.instituto-camoes.pt,Camões - Instituto da Cooperação e da Língua,PT,pt,ror_record_last_modified,2026-07-20,,2026-07-29T06:56:44+00:00,URLError,unknown,research_funder,https://ror.org/00phccp77,facility; funder,https://ror.org/00phccp77,Active organization classified as a funder in ROR; verify each call's external eligibility before applying.
crup.pt,Portugal,Portuguese,2026-07-20,https://www.crup.pt,Conselho de Reitores das Universidades Portuguesas,PT,pt,ror_record_last_modified,2026-07-20,,2026-07-29T06:56:44+00:00,URLError,unknown,research_funder,https://ror.org/0146fdq04,funder; other,https://ror.org/0146fdq04,Active organization classified as a funder in ROR; verify each call's external eligibility before applying.
ufp.pt,Portugal,Portuguese,2026-07-20,https://www.ufp.pt,Fernando Pessoa University,PT,pt,ror_record_last_modified,2026-07-20,,2026-07-29T06:56:35+00:00,URLError,unknown,research_funder,https://ror.org/04h8e7606,education; funder,https://ror.org/04h8e7606,Active organization classified as a funder in ROR; verify each call's external eligibility before applying.
meo.pt,Portugal,Portuguese,2026-07-20,https://fundacao.meo.pt,Fundação MEO,PT,pt,ror_record_last_modified,2026-07-20,,2026-07-29T06:56:44+00:00,URLError,unknown,research_funder,https://ror.org/00d29hd44,funder; nonprofit,https://ror.org/00d29hd44,Active organization classified as a funder in ROR; verify each call's external eligibility before applying.
fct.pt,Portugal,Portuguese,2026-07-20,https://www.fct.pt,Fundação para a Ciência e Tecnologia,PT,pt,ror_record_last_modified,2026-07-20,,2026-07-29T06:56:44+00:00,URLError,unknown,research_funder,https://ror.org/00snfqn58,funder; nonprofit,https://ror.org/00snfqn58,Active organization classified as a funder in ROR; verify each call's external eligibility before applying.
josedemello.pt,Portugal,Portuguese,2026-07-20,https://www.josedemello.pt,Grupo Jose de Mello (Portugal),PT,pt,ror_record_last_modified,2026-07-20,,2026-07-29T06:56:44+00:00,URLError,unknown,research_funder,https://ror.org/02h6ksg34,company; funder,https://ror.org/02h6ksg34,Active organization classified as a funder in ROR; verify each call's external eligibility before applying.
inesctec.pt,Portugal,Portuguese,2026-07-20,https://www.inesctec.pt,INESC TEC,PT,pt,ror_record_last_modified,2026-07-20,,2026-07-29T06:56:44+00:00,URLError,unknown,research_funder,https://ror.org/05fa8ka61,funder; nonprofit,https://ror.org/05fa8ka61,Active organization classified as a funder in ROR; verify each call's external eligibility before applying.
ulisboa.pt,Portugal,Portuguese,2026-07-20,https://ibb.tecnico.ulisboa.pt,Institute for Bioengineering and Biosciences,PT,pt,ror_record_last_modified,2026-07-20,,2026-07-29T06:56:11+00:00,URLError,unknown,research_funder,https://ror.org/003c0jq59,facility; funder,https://ror.org/003c0jq59,Active organization classified as a funder in ROR; verify each call's external eligibility before applying.
iniav.pt,Portugal,Portuguese,2025-04-28,https://www.iniav.pt,Instituto Nacional de Investigação Agrária e Veterinária,PT,pt,ror_record_last_modified,2025-04-28,,2026-07-29T06:56:45+00:00,URLError,unknown,research_funder,https://ror.org/01fqrjt38,facility; funder,https://ror.org/01fqrjt38,Active organization classified as a funder in ROR; verify each call's external eligibility before applying.
ipl.pt,Portugal,Portuguese,2025-06-24,https://www.ipl.pt,Instituto Politécnico de Lisboa,PT,pt,ror_record_last_modified,2025-06-24,,2026-07-29T06:56:45+00:00,URLError,unknown,research_funder,https://ror.org/04ea70f07,education; funder,https://ror.org/04ea70f07,Active organization classified as a funder in ROR; verify each call's external eligibility before applying.
universitas.pt,Portugal,Portuguese,2026-07-20,http://www.isec.universitas.pt/index.php/en/,Instituto Superior de Educação e Ciências,PT,pt,ror_record_last_modified,2026-07-20,,2026-07-29T06:56:03+00:00,TimeoutError,unknown,research_funder,https://ror.org/042vq9b25,education; funder,https://ror.org/042vq9b25,Active organization classified as a funder in ROR; verify each call's external eligibility before applying.
google.com,Portugal,Portuguese,2026-07-20,https://sites.google.com/site/inescmn/,Instituto de Engenharia de Sistemas e Computadores Microsistemas e Nanotecnologias,PT,pt,ror_record_last_modified,2026-07-20,,2026-07-29T06:56:44+00:00,URLError,unknown,research_funder,https://ror.org/022mzwp71,funder; nonprofit,https://ror.org/022mzwp71,Active organization classified as a funder in ROR; verify each call's external eligibility before applying.
unl.pt,Portugal,Portuguese,2026-07-20,https://ihc.fcsh.unl.pt,Instituto de História Contemporânea,PT,pt,ror_record_last_modified,2026-07-20,,2026-07-29T06:55:47+00:00,URLError,unknown,research_funder,https://ror.org/0104paa34,facility; funder,https://ror.org/0104paa34,Active organization classified as a funder in ROR; verify each call's external eligibility before applying.
it.pt,Portugal,Portuguese,2024-12-11,https://www.it.pt/,Instituto de Telecomunicações,PT,pt,ror_record_last_modified,2024-12-11,,2026-07-29T06:56:45+00:00,URLError,unknown,research_funder,https://ror.org/02ht4fk33,nonprofit; funder,https://ror.org/02ht4fk33,Active organization classified as a funder in ROR; verify each call's external eligibility before applying.
inl.int,Portugal,Portuguese,2026-07-20,https://www.inl.int,International Iberian Nanotechnology Laboratory,PT,pt,ror_record_last_modified,2026-07-20,,2026-07-29T06:56:44+00:00,URLError,unknown,research_funder,https://ror.org/04dv3aq25,facility; funder,https://ror.org/04dv3aq25,Active organization classified as a funder in ROR; verify each call's external eligibility before applying.
iscte-iul.pt,Portugal,Portuguese,2025-06-24,https://www.iscte-iul.pt,Iscte – Instituto Universitário de Lisboa,PT,pt,ror_record_last_modified,2025-06-24,,2026-07-29T06:56:45+00:00,URLError,unknown,research_funder,https://ror.org/014837179,education; funder,https://ror.org/014837179,Active organization classified as a funder in ROR; verify each call's external eligibility before applying.
requimte.pt,Portugal,Portuguese,2025-12-15,https://laqv.requimte.pt,LAQV Requimte,PT,pt,ror_record_last_modified,2025-12-15,,2026-07-29T06:56:44+00:00,URLError,unknown,research_funder,https://ror.org/047td8p12,facility; funder,https://ror.org/047td8p12,Active organization classified as a funder in ROR; verify each call's external eligibility before applying.
laeta.pt,Portugal,Portuguese,2026-07-20,https://laeta.pt,"Laboratório Associado de Energia, Transportes e Aeronáutica",PT,pt,ror_record_last_modified,2026-07-20,,2026-07-29T06:56:44+00:00,URLError,unknown,research_funder,https://ror.org/052rxf585,facility; funder,https://ror.org/052rxf585,Active organization classified as a funder in ROR; verify each call's external eligibility before applying.
mare-centre.pt,Portugal,Portuguese,2025-06-24,https://www.mare-centre.pt,MARE - Centro de Ciências do Mar e do Ambiente,PT,pt,ror_record_last_modified,2025-06-24,,2026-07-29T06:56:45+00:00,URLError,unknown,research_funder,https://ror.org/03cvzf910,facility; funder,https://ror.org/03cvzf910,Active organization classified as a funder in ROR; verify each call's external eligibility before applying.
mctes.pt,Portugal,Portuguese,2026-06-02,http://www.mctes.pt/,Ministry of Science Technology and Higher Education,PT,pt,ror_record_last_modified,2026-06-02,,2026-07-29T06:56:44+00:00,RemoteDisconnected,unknown,research_funder,https://ror.org/045b9pr88,funder; government,https://ror.org/045b9pr88,Active organization classified as a funder in ROR; verify each call's external eligibility before applying.
lnec.pt,Portugal,Portuguese,2025-04-28,https://lnec.pt,National Laboratory for Civil Engineering,PT,pt,ror_record_last_modified,2025-04-28,,2026-07-29T06:56:45+00:00,URLError,unknown,research_funder,https://ror.org/03bvw9g02,facility; funder,https://ror.org/03bvw9g02,Active organization classified as a funder in ROR; verify each call's external eligibility before applying.
ipb.pt,Portugal,Portuguese,2025-06-24,https://portal3.ipb.pt,Polytechnic Institute of Bragança,PT,pt,ror_record_last_modified,2025-06-24,,2026-07-29T06:56:45+00:00,URLError,unknown,research_funder,https://ror.org/00prsav78,education; funder,https://ror.org/00prsav78,Active organization classified as a funder in ROR; verify each call's external eligibility before applying.
ipp.pt,Portugal,Portuguese,2026-01-29,https://www.ipp.pt/,Polytechnic Institute of Porto,PT,pt,ror_record_last_modified,2026-01-29,,2026-07-29T06:56:44+00:00,URLError,unknown,research_funder,https://ror.org/04988re48,education; funder,https://ror.org/04988re48,Active organization classified as a funder in ROR; verify each call's external eligibility before applying.
ipv.pt,Portugal,Portuguese,2025-06-24,http://www.ipv.pt/guide/,Polytechnic Institute of Viseu,PT,pt,ror_record_last_modified,2025-06-24,,2026-07-29T06:56:45+00:00,RemoteDisconnected,unknown,research_funder,https://ror.org/0235kxk33,education; funder,https://ror.org/0235kxk33,Active organization classified as a funder in ROR; verify each call's external eligibility before applying.
qren.pt,Portugal,Portuguese,2024-12-11,http://www.pofc.qren.pt,Programa Operacional Temático Factores de Competitividade,PT,pt,ror_record_last_modified,2024-12-11,,2026-07-29T06:56:45+00:00,RemoteDisconnected,unknown,research_funder,https://ror.org/022rdnn95,other; funder,https://ror.org/022rdnn95,Active organization classified as a funder in ROR; verify each call's external eligibility before applying.
ul.pt,Portugal,Portuguese,2026-07-20,http://rnem.fc.ul.pt,Rede Nacional de Espectrometria de Massa,PT,pt,ror_record_last_modified,2026-07-20,,2026-07-29T06:56:27+00:00,TimeoutError,unknown,research_funder,https://ror.org/00fem8f23,funder; other,https://ror.org/00fem8f23,Active organization classified as a funder in ROR; verify each call's external eligibility before applying.
spc.pt,Portugal,Portuguese,2025-10-28,https://spc.pt,Sociedade Portuguesa de Cardiologia,PT,pt,ror_record_last_modified,2025-10-28,,2026-07-29T06:56:45+00:00,URLError,unknown,research_funder,https://ror.org/01ey0me92,funder; other,https://ror.org/01ey0me92,Active organization classified as a funder in ROR; verify each call's external eligibility before applying.
spnefro.pt,Portugal,Portuguese,2024-12-11,http://www.spnefro.pt/,Sociedade Portuguesa de Nefrologia,PT,pt,ror_record_last_modified,2024-12-11,,2026-07-29T06:56:45+00:00,RemoteDisconnected,unknown,research_funder,https://ror.org/03xvcy884,other; funder,https://ror.org/03xvcy884,Active organization classified as a funder in ROR; verify each call's external eligibility before applying.
ucibio.pt,Portugal,Portuguese,2024-12-11,https://ucibio.pt,Unidade em Ciências Biomoleculares Aplicadas,PT,pt,ror_record_last_modified,2024-12-11,,2026-07-29T06:56:45+00:00,URLError,unknown,research_funder,https://ror.org/04c3k8v21,facility; funder,https://ror.org/04c3k8v21,Active organization classified as a funder in ROR; verify each call's external eligibility before applying.
uninova.pt,Portugal,Portuguese,2024-12-11,https://www.uninova.pt,Uninova,PT,pt,ror_record_last_modified,2024-12-11,,2026-07-29T06:56:45+00:00,URLError,unknown,research_funder,https://ror.org/0373te416,funder; nonprofit,https://ror.org/0373te416,Active organization classified as a funder in ROR; verify each call's external eligibility before applying.
ucp.pt,Portugal,Portuguese,2026-07-20,https://www.ucp.pt,Universidade Católica Portuguesa,PT,pt,ror_record_last_modified,2026-07-20,,2026-07-29T06:56:43+00:00,URLError,unknown,research_funder,https://ror.org/03b9snr86,education; funder,https://ror.org/03b9snr86,Active organization classified as a funder in ROR; verify each call's external eligibility before applying.
ulusofona.pt,Portugal,Portuguese,2026-04-14,http://www.ulusofona.pt/,Universidade Lusófona,PT,pt,ror_record_last_modified,2026-04-14,,2026-07-29T06:56:44+00:00,RemoteDisconnected,unknown,research_funder,https://ror.org/05xxfer42,education; funder,https://ror.org/05xxfer42,Active organization classified as a funder in ROR; verify each call's external eligibility before applying.
upt.pt,Portugal,Portuguese,2026-07-20,https://www.upt.pt,Universidade Portucalense,PT,pt,ror_record_last_modified,2026-07-20,,2026-07-29T06:55:07+00:00,URLError,unknown,research_funder,https://ror.org/05wm6p530,education; funder,https://ror.org/05wm6p530,Active organization classified as a funder in ROR; verify each call's external eligibility before applying.
uma.pt,Portugal,Portuguese,2025-10-28,https://www.uma.pt/,Universidade da Madeira,PT,pt,ror_record_last_modified,2025-10-28,,2026-07-29T06:56:45+00:00,URLError,unknown,research_funder,https://ror.org/0442zbe52,education; funder,https://ror.org/0442zbe52,Active organization classified as a funder in ROR; verify each call's external eligibility before applying.
up.pt,Portugal,Portuguese,2026-07-20,https://www.up.pt,Universidade do Porto,PT,pt,ror_record_last_modified,2026-07-20,,2026-07-29T06:55:31+00:00,URLError,unknown,research_funder,https://ror.org/043pwc612,education; funder,https://ror.org/043pwc612,Active organization classified as a funder in ROR; verify each call's external eligibility before applying.
uac.pt,Portugal,Portuguese,2025-10-28,https://www.uac.pt,Universidade dos Açores,PT,pt,ror_record_last_modified,2025-10-28,,2026-07-29T06:56:45+00:00,URLError,unknown,research_funder,https://ror.org/04276xd64,education; funder,https://ror.org/04276xd64,Active organization classified as a funder in ROR; verify each call's external eligibility before applying.
ualg.pt,Portugal,Portuguese,2026-07-20,https://www.ualg.pt,University of Algarve,PT,pt,ror_record_last_modified,2026-07-20,,2026-07-29T06:56:43+00:00,URLError,unknown,research_funder,https://ror.org/014g34x36,education; funder,https://ror.org/014g34x36,Active organization classified as a funder in ROR; verify each call's external eligibility before applying.
ua.pt,Portugal,Portuguese,2025-12-15,https://www.ua.pt,University of Aveiro,PT,pt,ror_record_last_modified,2025-12-15,,2026-07-29T06:56:44+00:00,URLError,unknown,research_funder,https://ror.org/00nt41z93,education; funder,https://ror.org/00nt41z93,Active organization classified as a funder in ROR; verify each call's external eligibility before applying.
ubi.pt,Portugal,Portuguese,2025-10-28,https://www.ubi.pt/,University of Beira Interior,PT,pt,ror_record_last_modified,2025-10-28,,2026-07-29T06:56:45+00:00,URLError,unknown,research_funder,https://ror.org/03nf36p02,education; funder,https://ror.org/03nf36p02,Active organization classified as a funder in ROR; verify each call's external eligibility before applying.
uc.pt,Portugal,Portuguese,2026-07-20,https://www.uc.pt,University of Coimbra,PT,pt,ror_record_last_modified,2026-07-20,,2026-07-29T06:56:43+00:00,URLError,unknown,research_funder,https://ror.org/04z8k9a98,education; funder,https://ror.org/04z8k9a98,Active organization classified as a funder in ROR; verify each call's external eligibility before applying.
uminho.pt,Portugal,Portuguese,2025-10-28,https://www.uminho.pt,University of Minho,PT,pt,ror_record_last_modified,2025-10-28,,2026-07-29T06:56:45+00:00,URLError,unknown,research_funder,https://ror.org/037wpkx04,education; funder,https://ror.org/037wpkx04,Active organization classified as a funder in ROR; verify each call's external eligibility before applying.
utad.pt,Portugal,Portuguese,2025-10-28,https://www.utad.pt,University of Trás-os-Montes and Alto Douro,PT,pt,ror_record_last_modified,2025-10-28,,2026-07-29T06:56:44+00:00,URLError,unknown,research_funder,https://ror.org/03qc8vh97,education; funder,https://ror.org/03qc8vh97,Active organization classified as a funder in ROR; verify each call's external eligibility before applying.
ugal.ro,Romania,Romanian,2024-12-11,https://www.ugal.ro,"""Dunarea de Jos"" University of Galati",RO,ro,ror_record_last_modified,2024-12-11,,2026-07-29T06:56:44+00:00,URLError,unknown,research_funder,https://ror.org/052sta926,education; funder,https://ror.org/052sta926,Active organization classified as a funder in ROR; verify each call's external eligibility before applying.
aosr.ro,Romania,Romanian,2026-02-24,http://www.aosr.ro,Academia Oamenilor de Știință din România,RO,ro,ror_record_last_modified,2026-02-24,,2026-07-29T06:56:43+00:00,RemoteDisconnected,unknown,research_funder,https://ror.org/04ybnj478,facility; funder,https://ror.org/04ybnj478,Active organization classified as a funder in ROR; verify each call's external eligibility before applying.
uaic.ro,Romania,Romanian,2026-07-20,https://www.uaic.ro,Alexandru Ioan Cuza University,RO,ro,ror_record_last_modified,2026-07-20,,2026-07-29T06:55:31+00:00,URLError,unknown,research_funder,https://ror.org/022kvet57,education; funder,https://ror.org/022kvet57,Active organization classified as a funder in ROR; verify each call's external eligibility before applying.
ubbcluj.ro,Romania,Romanian,2024-12-11,https://www.ubbcluj.ro,Babeș-Bolyai University,RO,ro,ror_record_last_modified,2024-12-11,,2026-07-29T06:56:44+00:00,URLError,unknown,research_funder,https://ror.org/02rmd1t30,education; funder,https://ror.org/02rmd1t30,Active organization classified as a funder in ROR; verify each call's external eligibility before applying.
bolyai.org,Romania,Romanian,2024-12-11,http://www.bolyai.org/,Bolyai Foundation,RO,ro,ror_record_last_modified,2024-12-11,,2026-07-29T06:56:45+00:00,RemoteDisconnected,unknown,research_funder,https://ror.org/0098ca762,other; funder,https://ror.org/0098ca762,Active organization classified as a funder in ROR; verify each call's external eligibility before applying.
umfcd.ro,Romania,Romanian,2026-07-20,https://umfcd.ro,Carol Davila University of Medicine and Pharmacy,RO,ro,ror_record_last_modified,2026-07-20,,2026-07-29T06:55:14+00:00,200,yes,research_funder,https://ror.org/04fm87419,education; funder,https://ror.org/04fm87419,Active organization classified as a funder in ROR; verify each call's external eligibility before applying.
ucdc.ro,Romania,Romanian,2025-11-24,https://www.ucdc.ro/,Dimitrie Cantemir Christian University,RO,ro,ror_record_last_modified,2025-11-24,,2026-07-29T06:56:44+00:00,URLError,unknown,research_funder,https://ror.org/03378gm70,education; funder,https://ror.org/03378gm70,Active organization classified as a funder in ROR; verify each call's external eligibility before applying.
fundatia-adept.org,Romania,Romanian,2026-06-23,https://fundatia-adept.org,Fundatia ADEPT,RO,ro,ror_record_last_modified,2026-06-23,,2026-07-29T06:56:35+00:00,URLError,unknown,research_funder,https://ror.org/02ha22c83,funder; nonprofit,https://ror.org/02ha22c83,Active organization classified as a funder in ROR; verify each call's external eligibility before applying.
tuiasi.ro,Romania,Romanian,2024-12-11,https://www.tuiasi.ro,Gheorghe Asachi Technical University of Iași,RO,ro,ror_record_last_modified,2024-12-11,,2026-07-29T06:56:44+00:00,URLError,unknown,research_funder,https://ror.org/014zxnz40,education; funder,https://ror.org/014zxnz40,Active organization classified as a funder in ROR; verify each call's external eligibility before applying.
umfiasi.ro,Romania,Romanian,2024-12-11,https://www.umfiasi.ro,Grigore T. Popa University of Medicine and Pharmacy,RO,ro,ror_record_last_modified,2024-12-11,,2026-07-29T06:56:44+00:00,URLError,unknown,research_funder,https://ror.org/03hd30t45,education; funder,https://ror.org/03hd30t45,Active organization classified as a funder in ROR; verify each call's external eligibility before applying.
nipne.ro,Romania,Romanian,2025-08-26,https://www.nipne.ro,Horia Hulubei National Institute for R and D in Physics and Nuclear Engineering,RO,ro,ror_record_last_modified,2025-08-26,,2026-07-29T06:56:44+00:00,URLError,unknown,research_funder,https://ror.org/00d3pnh21,facility; funder,https://ror.org/00d3pnh21,Active organization classified as a funder in ROR; verify each call's external eligibility before applying.
ifa-mg.ro,Romania,Romanian,2025-10-28,https://ifa-mg.ro,Institutul de Fizică Atomică,RO,ro,ror_record_last_modified,2025-10-28,,2026-07-29T06:56:44+00:00,URLError,unknown,research_funder,https://ror.org/044tecp05,funder; government,https://ror.org/044tecp05,Active organization classified as a funder in ROR; verify each call's external eligibility before applying.
umfcluj.ro,Romania,Romanian,2024-12-11,https://umfcluj.ro,Iuliu Hațieganu University of Medicine and Pharmacy,RO,ro,ror_record_last_modified,2024-12-11,,2026-07-29T06:56:44+00:00,URLError,unknown,research_funder,https://ror.org/051h0cw83,education; funder,https://ror.org/051h0cw83,Active organization classified as a funder in ROR; verify each call's external eligibility before applying.
ulbsibiu.ro,Romania,Romanian,2024-12-11,https://www.ulbsibiu.ro,Lucian Blaga University of Sibiu,RO,ro,ror_record_last_modified,2024-12-11,,2026-07-29T06:56:44+00:00,URLError,unknown,research_funder,https://ror.org/026gdz537,education; funder,https://ror.org/026gdz537,Active organization classified as a funder in ROR; verify each call's external eligibility before applying.
research.gov.ro,Romania,Romanian,2024-12-11,http://www.research.gov.ro/,Ministerul Cercetării și Inovării,RO,ro,ror_record_last_modified,2024-12-11,,2026-07-29T06:56:45+00:00,RemoteDisconnected,unknown,research_funder,https://ror.org/03padf885,government; funder,https://ror.org/03padf885,Active organization classified as a funder in ROR; verify each call's external eligibility before applying.
mmuncii.ro,Romania,Romanian,2024-12-11,http://www.mmuncii.ro/j33/index.php/ro/,"Ministerul Muncii, Familiei, Protecţiei Sociale şi Persoanelor Vârstnice",RO,ro,ror_record_last_modified,2024-12-11,,2026-07-29T06:56:45+00:00,RemoteDisconnected,unknown,research_funder,https://ror.org/02h77vn79,government; funder,https://ror.org/02h77vn79,Active organization classified as a funder in ROR; verify each call's external eligibility before applying.
madr.ro,Romania,Romanian,2026-07-20,https://www.madr.ro,Ministry of Agriculture and Rural Development,RO,ro,ror_record_last_modified,2026-07-20,,2026-07-29T06:56:11+00:00,URLError,unknown,research_funder,https://ror.org/02q8v3y32,funder; government,https://ror.org/02q8v3y32,Active organization classified as a funder in ROR; verify each call's external eligibility before applying.
edu.ro,Romania,Romanian,2024-12-11,http://www.edu.ro/,Ministry of Education,RO,ro,ror_record_last_modified,2024-12-11,,2026-07-29T06:56:45+00:00,RemoteDisconnected,unknown,research_funder,https://ror.org/00dh5gw98,funder; government,https://ror.org/00dh5gw98,Active organization classified as a funder in ROR; verify each call's external eligibility before applying.
mae.ro,Romania,Romanian,2026-07-20,https://www.mae.ro/en/,Ministry of Foreign Affairs,RO,ro,ror_record_last_modified,2026-07-20,,2026-07-29T06:56:03+00:00,URLError,unknown,research_funder,https://ror.org/01pqjya71,funder; government,https://ror.org/01pqjya71,Active organization classified as a funder in ROR; verify each call's external eligibility before applying.
cndi.ro,Romania,Romanian,2024-12-11,http://www.cndi.ro,National Council for Development and Innovation,RO,ro,ror_record_last_modified,2024-12-11,,2026-07-29T06:56:45+00:00,RemoteDisconnected,unknown,research_funder,https://ror.org/03r9jms12,funder; government,https://ror.org/03r9jms12,Active organization classified as a funder in ROR; verify each call's external eligibility before applying.
cncs-nrc.ro,Romania,Romanian,2024-12-11,http://www.cncs-nrc.ro//,National Research Council,RO,ro,ror_record_last_modified,2024-12-11,,2026-07-29T06:56:45+00:00,RemoteDisconnected,unknown,research_funder,https://ror.org/035rrps97,government; funder,https://ror.org/035rrps97,Active organization classified as a funder in ROR; verify each call's external eligibility before applying.
snspa.ro,Romania,Romanian,2026-07-20,https://snspa.ro,National School of Political Science and Public Administration,RO,ro,ror_record_last_modified,2026-07-20,,2026-07-29T06:55:47+00:00,URLError,unknown,research_funder,https://ror.org/05750v978,education; funder,https://ror.org/05750v978,Active organization classified as a funder in ROR; verify each call's external eligibility before applying.
upt.ro,Romania,Romanian,2024-12-11,https://www.upt.ro,Polytechnic University of Timişoara,RO,ro,ror_record_last_modified,2024-12-11,,2026-07-29T06:56:44+00:00,URLError,unknown,research_funder,https://ror.org/02v91gy68,education; funder,https://ror.org/02v91gy68,Active organization classified as a funder in ROR; verify each call's external eligibility before applying.
academiaromana.ro,Romania,Romanian,2026-02-24,http://www.academiaromana.ro/def2002eng.htm,Romanian Academy,RO,ro,ror_record_last_modified,2026-02-24,,2026-07-29T06:56:43+00:00,RemoteDisconnected,unknown,research_funder,https://ror.org/0561n6946,archive; funder,https://ror.org/0561n6946,Active organization classified as a funder in ROR; verify each call's external eligibility before applying.
rosa.ro,Romania,Romanian,2024-12-11,http://www2.rosa.ro/index.php/en/,Romanian Space Agency,RO,ro,ror_record_last_modified,2024-12-11,,2026-07-29T06:56:45+00:00,RemoteDisconnected,unknown,research_funder,https://ror.org/05r48bj28,government; funder,https://ror.org/05r48bj28,Active organization classified as a funder in ROR; verify each call's external eligibility before applying.
sapientia.ro,Romania,Romanian,2024-12-11,http://www.sapientia.ro/en,Sapientia Hungarian University of Transylvania,RO,ro,ror_record_last_modified,2024-12-11,,2026-07-29T06:56:45+00:00,RemoteDisconnected,unknown,research_funder,https://ror.org/04ahh4d11,education; funder,https://ror.org/04ahh4d11,Active organization classified as a funder in ROR; verify each call's external eligibility before applying.
studium.ro,Romania,Romanian,2026-06-23,https://studium.ro,Studium – Prospero Alapítvány,RO,ro,ror_record_last_modified,2026-06-23,,2026-07-29T06:56:27+00:00,URLError,unknown,research_funder,https://ror.org/05nq56b58,funder; nonprofit,https://ror.org/05nq56b58,Active organization classified as a funder in ROR; verify each call's external eligibility before applying.
utcluj.ro,Romania,Romanian,2024-12-11,http://www.utcluj.ro,Technical University of Cluj-Napoca,RO,ro,ror_record_last_modified,2024-12-11,,2026-07-29T06:56:44+00:00,RemoteDisconnected,unknown,research_funder,https://ror.org/03r8nwp71,education; funder,https://ror.org/03r8nwp71,Active organization classified as a funder in ROR; verify each call's external eligibility before applying.
unitbv.ro,Romania,Romanian,2024-12-11,http://www.unitbv.ro,Transylvania University of Brașov,RO,ro,ror_record_last_modified,2024-12-11,,2026-07-29T06:56:44+00:00,ConnectionResetError,unknown,research_funder,https://ror.org/01cg9ws23,education; funder,https://ror.org/01cg9ws23,Active organization classified as a funder in ROR; verify each call's external eligibility before applying.
uefiscdi.gov.ro,Romania,Romanian,2024-12-11,http://uefiscdi.gov.ro/,Unitatea Executiva Pentru Finantarea Invatamantului Superior a Cercetarii Dezvoltarii si Inovarii,RO,ro,ror_record_last_modified,2024-12-11,,2026-07-29T06:56:44+00:00,RemoteDisconnected,unknown,research_funder,https://ror.org/01q7jq182,government; funder,https://ror.org/01q7jq182,Active organization classified as a funder in ROR; verify each call's external eligibility before applying.
upb.ro,Romania,Romanian,2024-12-11,https://upb.ro,Universitatea Națională de Știință și Tehnologie Politehnica București,RO,ro,ror_record_last_modified,2024-12-11,,2026-07-29T06:56:44+00:00,URLError,unknown,research_funder,https://ror.org/0558j5q12,education; funder,https://ror.org/0558j5q12,Active organization classified as a funder in ROR; verify each call's external eligibility before applying.
umfst.ro,Romania,Romanian,2025-05-05,https://umfst.ro,"Universitatea de Medicină, Farmacie, Științe și Tehnologie „George Emil Palade” din Târgu Mureș",RO,ro,ror_record_last_modified,2025-05-05,,2026-07-29T06:56:44+00:00,URLError,unknown,research_funder,https://ror.org/03gwbzf29,education; funder,https://ror.org/03gwbzf29,Active organization classified as a funder in ROR; verify each call's external eligibility before applying.
unibuc.ro,Romania,Romanian,2026-06-02,https://unibuc.ro,University of Bucharest,RO,ro,ror_record_last_modified,2026-06-02,,2026-07-29T06:56:43+00:00,URLError,unknown,research_funder,https://ror.org/02x2v6p15,education; funder,https://ror.org/02x2v6p15,Active organization classified as a funder in ROR; verify each call's external eligibility before applying.
umfcv.ro,Romania,Romanian,2024-12-11,http://www.umfcv.ro/,University of Medicine and Pharmacy of Craiova,RO,ro,ror_record_last_modified,2024-12-11,,2026-07-29T06:56:44+00:00,RemoteDisconnected,unknown,research_funder,https://ror.org/031d5vw30,education; funder,https://ror.org/031d5vw30,Active organization classified as a funder in ROR; verify each call's external eligibility before applying.
spb.ru,Russia,Russian,2024-12-11,http://vizr.spb.ru/en/,All-Russian Institute of Plant Protection,RU,ru,ror_record_last_modified,2024-12-11,,2026-07-29T06:56:45+00:00,RemoteDisconnected,unknown,research_funder,https://ror.org/01e69j385,facility; funder,https://ror.org/01e69j385,Active organization classified as a funder in ROR; verify each call's external eligibility before applying.
ambafrance.org,Russia,Russian,2026-06-23,https://ru.ambafrance.org,Ambassade de France à Moscou,RU,ru,ror_record_last_modified,2026-06-23,,2026-07-29T06:56:44+00:00,URLError,unknown,research_funder,https://ror.org/00n3at519,funder; government,https://ror.org/00n3at519,Active organization classified as a funder in ROR; verify each call's external eligibility before applying.
gov.ru,Russia,Russian,2026-07-20,https://ac.gov.ru,Analytical Center for the Government of the Russian Federation,RU,ru,ror_record_last_modified,2026-07-20,,2026-07-29T06:56:43+00:00,URLError,unknown,research_funder,https://ror.org/01zwzc219,funder; government,https://ror.org/01zwzc219,Active organization classified as a funder in ROR; verify each call's external eligibility before applying.
febras.ru,Russia,Russian,2025-03-17,http://old.febras.ru/institutes_.html,Far Eastern Branch of the Russian Academy of Sciences,RU,ru,ror_record_last_modified,2025-03-17,,2026-07-29T06:56:44+00:00,RemoteDisconnected,unknown,research_funder,https://ror.org/05t43vz03,facility; funder,https://ror.org/05t43vz03,Active organization classified as a funder in ROR; verify each call's external eligibility before applying.
fasie.ru,Russia,Russian,2025-05-05,http://www.fasie.ru/,Foundation for Assistance to Small Innovative Enterprises in Science and Technology,RU,ru,ror_record_last_modified,2025-05-05,,2026-07-29T06:56:44+00:00,RemoteDisconnected,unknown,research_funder,https://ror.org/04cx3ye04,funder; nonprofit,https://ror.org/04cx3ye04,Active organization classified as a funder in ROR; verify each call's external eligibility before applying.
tatarstan.ru,Russia,Russian,2026-07-20,https://prav.tatarstan.ru/eng/,Government of the Republic of Tatarstan,RU,ru,ror_record_last_modified,2026-07-20,,2026-07-29T06:55:47+00:00,URLError,unknown,research_funder,https://ror.org/03eeyjx56,funder; government,https://ror.org/03eeyjx56,Active organization classified as a funder in ROR; verify each call's external eligibility before applying.
intellect-foundation.ru,Russia,Russian,2026-07-20,https://intellect-foundation.ru,Intellect Not-for-Profit Foundation for the Advancement of Science and Education,RU,ru,ror_record_last_modified,2026-07-20,,2026-07-29T06:56:43+00:00,URLError,unknown,research_funder,https://ror.org/02fgkjk12,funder; nonprofit,https://ror.org/02fgkjk12,Active organization classified as a funder in ROR; verify each call's external eligibility before applying.
sf-kras.ru,Russia,Russian,2026-07-20,https://www.sf-kras.ru,Krasnoyarsk Region Science and Technology Support Fund,RU,ru,ror_record_last_modified,2026-07-20,,2026-07-29T06:56:11+00:00,URLError,unknown,research_funder,https://ror.org/01y5ez022,funder; government,https://ror.org/01y5ez022,Active organization classified as a funder in ROR; verify each call's external eligibility before applying.
kubsf.ru,Russia,Russian,2026-06-23,https://kubsf.ru,Kuban Science Foundation,RU,ru,ror_record_last_modified,2026-06-23,,2026-07-29T06:56:44+00:00,URLError,unknown,research_funder,https://ror.org/02avgf557,funder; nonprofit,https://ror.org/02avgf557,Active organization classified as a funder in ROR; verify each call's external eligibility before applying.
msu.ru,Russia,Russian,2026-02-24,http://www.msu.ru/en/,Lomonosov Moscow State University,RU,ru,ror_record_last_modified,2026-02-24,,2026-07-29T06:56:44+00:00,ConnectionResetError,unknown,research_funder,https://ror.org/010pmpe69,education; funder,https://ror.org/010pmpe69,Active organization classified as a funder in ROR; verify each call's external eligibility before applying.
mathcenter.ru,Russia,Russian,2026-06-23,https://mathcenter.ru,Moscow Center of Fundamental and Applied Mathematics,RU,ru,ror_record_last_modified,2026-06-23,,2026-07-29T06:56:44+00:00,URLError,unknown,research_funder,https://ror.org/000xg7d10,facility; funder,https://ror.org/000xg7d10,Active organization classified as a funder in ROR; verify each call's external eligibility before applying.
miigaik.ru,Russia,Russian,2025-11-24,https://miigaik.ru,Moscow State University of Geodesy and Cartography,RU,ru,ror_record_last_modified,2025-11-24,,2026-07-29T06:56:44+00:00,URLError,unknown,research_funder,https://ror.org/035jyty51,education; funder,https://ror.org/035jyty51,Active organization classified as a funder in ROR; verify each call's external eligibility before applying.
msupe.ru,Russia,Russian,2025-01-22,https://msupe.ru,Moscow State University of Psychology & Education,RU,ru,ror_record_last_modified,2025-01-22,,2026-07-29T06:56:44+00:00,URLError,unknown,research_funder,https://ror.org/04rnxkh71,education; funder,https://ror.org/04rnxkh71,Active organization classified as a funder in ROR; verify each call's external eligibility before applying.
unn.ru,Russia,Russian,2024-12-11,http://www.unn.ru/eng/,N. I. Lobachevsky State University of Nizhny Novgorod,RU,ru,ror_record_last_modified,2024-12-11,,2026-07-29T06:56:45+00:00,RemoteDisconnected,unknown,research_funder,https://ror.org/01bb1zm18,education; funder,https://ror.org/01bb1zm18,Active organization classified as a funder in ROR; verify each call's external eligibility before applying.
mephi.ru,Russia,Russian,2025-04-28,https://eng.mephi.ru/,National Research Nuclear University MEPhI,RU,ru,ror_record_last_modified,2025-04-28,,2026-07-29T06:56:44+00:00,URLError,unknown,research_funder,https://ror.org/04w8z7f34,education; funder,https://ror.org/04w8z7f34,Active organization classified as a funder in ROR; verify each call's external eligibility before applying.
tsu.ru,Russia,Russian,2024-12-11,http://www.tsu.ru/,National Research Tomsk State University,RU,ru,ror_record_last_modified,2024-12-11,,2026-07-29T06:56:45+00:00,RemoteDisconnected,unknown,research_funder,https://ror.org/02he2nc27,education; funder,https://ror.org/02he2nc27,Active organization classified as a funder in ROR; verify each call's external eligibility before applying.
hse.ru,Russia,Russian,2026-06-02,http://www.hse.ru/en/,National Research University Higher School of Economics,RU,ru,ror_record_last_modified,2026-06-02,,2026-07-29T06:56:44+00:00,RemoteDisconnected,unknown,research_funder,https://ror.org/055f7t516,education; funder,https://ror.org/055f7t516,Active organization classified as a funder in ROR; verify each call's external eligibility before applying.
rudn.ru,Russia,Russian,2026-03-31,https://www.rudn.ru,Peoples' Friendship University of Russia,RU,ru,ror_record_last_modified,2026-03-31,,2026-07-29T06:56:44+00:00,URLError,unknown,research_funder,https://ror.org/02dn9h927,education; funder,https://ror.org/02dn9h927,Active organization classified as a funder in ROR; verify each call's external eligibility before applying.
permkrai.ru,Russia,Russian,2026-07-20,https://www.permkrai.ru,Perm Krai Government,RU,ru,ror_record_last_modified,2026-07-20,,2026-07-29T06:56:35+00:00,URLError,unknown,research_funder,https://ror.org/05qrmty34,funder; government,https://ror.org/05qrmty34,Active organization classified as a funder in ROR; verify each call's external eligibility before applying.
rsmu.ru,Russia,Russian,2024-12-11,http://rsmu.ru/home_en.html,Pirogov Russian National Research Medical University,RU,ru,ror_record_last_modified,2024-12-11,,2026-07-29T06:56:45+00:00,RemoteDisconnected,unknown,research_funder,https://ror.org/018159086,education; funder,https://ror.org/018159086,Active organization classified as a funder in ROR; verify each call's external eligibility before applying.
xn--p1ag3a.xn--p1ai,Russia,Russian,2024-12-11,https://www.xn--p1ag3a.xn--p1ai,Plekhanov Russian University of Economics,RU,ru,ror_record_last_modified,2024-12-11,,2026-07-29T06:56:44+00:00,URLError,unknown,research_funder,https://ror.org/04pbtsc74,education; funder,https://ror.org/04pbtsc74,Active organization classified as a funder in ROR; verify each call's external eligibility before applying.
rosatom.ru,Russia,Russian,2026-06-02,http://www.rosatom.ru/en/,Rosatom (Russia),RU,ru,ror_record_last_modified,2026-06-02,,2026-07-29T06:56:44+00:00,RemoteDisconnected,unknown,research_funder,https://ror.org/0560q5470,company; funder,https://ror.org/0560q5470,Active organization classified as a funder in ROR; verify each call's external eligibility before applying.
ras.ru,Russia,Russian,2026-07-20,http://www.ras.ru/,Russian Academy of Sciences,RU,ru,ror_record_last_modified,2026-07-20,,2026-07-29T06:56:27+00:00,TimeoutError,unknown,research_funder,https://ror.org/05qrfxd25,funder; government,https://ror.org/05qrfxd25,Active organization classified as a funder in ROR; verify each call's external eligibility before applying.
rgo.ru,Russia,Russian,2026-06-23,https://rgo.ru,Russian Geographical Society,RU,ru,ror_record_last_modified,2026-06-23,,2026-07-29T06:56:43+00:00,URLError,unknown,research_funder,https://ror.org/0534yfa71,funder; nonprofit,https://ror.org/0534yfa71,Active organization classified as a funder in ROR; verify each call's external eligibility before applying.
rscf.ru,Russia,Russian,2024-12-11,http://rscf.ru/en,Russian Science Foundation,RU,ru,ror_record_last_modified,2024-12-11,,2026-07-29T06:56:45+00:00,RemoteDisconnected,unknown,research_funder,https://ror.org/03y2gwe85,nonprofit; funder,https://ror.org/03y2gwe85,Active organization classified as a funder in ROR; verify each call's external eligibility before applying.
science-support.ru,Russia,Russian,2024-12-11,http://www.science-support.ru/eng/index-eng.html,Russian Science Support Foundation,RU,ru,ror_record_last_modified,2024-12-11,,2026-07-29T06:56:45+00:00,RemoteDisconnected,unknown,research_funder,https://ror.org/005t0n560,nonprofit; funder,https://ror.org/005t0n560,Active organization classified as a funder in ROR; verify each call's external eligibility before applying.
rsreu.ru,Russia,Russian,2024-12-11,http://rsreu.ru/en/,Ryazan State Radio Engineering University,RU,ru,ror_record_last_modified,2024-12-11,,2026-07-29T06:56:45+00:00,RemoteDisconnected,unknown,research_funder,https://ror.org/04y34yk39,education; funder,https://ror.org/04y34yk39,Active organization classified as a funder in ROR; verify each call's external eligibility before applying.
sechenov.ru,Russia,Russian,2025-10-28,https://www.sechenov.ru/,Sechenov University,RU,ru,ror_record_last_modified,2025-10-28,,2026-07-29T06:56:44+00:00,URLError,unknown,research_funder,https://ror.org/02yqqv993,education; funder,https://ror.org/02yqqv993,Active organization classified as a funder in ROR; verify each call's external eligibility before applying.
sbras.ru,Russia,Russian,2024-12-11,http://www.sbras.ru/en,Siberian Branch of the Russian Academy of Sciences,RU,ru,ror_record_last_modified,2024-12-11,,2026-07-29T06:56:45+00:00,RemoteDisconnected,unknown,research_funder,https://ror.org/02frkq021,funder; government,https://ror.org/02frkq021,Active organization classified as a funder in ROR; verify each call's external eligibility before applying.
sfu-kras.ru,Russia,Russian,2024-12-11,http://www.sfu-kras.ru/en,Siberian Federal University,RU,ru,ror_record_last_modified,2024-12-11,,2026-07-29T06:56:45+00:00,RemoteDisconnected,unknown,research_funder,https://ror.org/05fw97k56,education; funder,https://ror.org/05fw97k56,Active organization classified as a funder in ROR; verify each call's external eligibility before applying.
siriusuniversity.ru,Russia,Russian,2026-07-20,https://siriusuniversity.ru,Sirius University of Science and Technology,RU,ru,ror_record_last_modified,2026-07-20,,2026-07-29T06:56:03+00:00,URLError,unknown,research_funder,https://ror.org/00n51jg89,education; funder,https://ror.org/00n51jg89,Active organization classified as a funder in ROR; verify each call's external eligibility before applying.
skoltech.ru,Russia,Russian,2024-12-11,http://www.skoltech.ru/en,Skolkovo Institute of Science and Technology,RU,ru,ror_record_last_modified,2024-12-11,,2026-07-29T06:56:45+00:00,ConnectionResetError,unknown,research_funder,https://ror.org/03f9nc143,education; funder,https://ror.org/03f9nc143,Active organization classified as a funder in ROR; verify each call's external eligibility before applying.
sfedu.ru,Russia,Russian,2024-12-11,http://sfedu.ru/international/,Southern Federal University,RU,ru,ror_record_last_modified,2024-12-11,,2026-07-29T06:56:45+00:00,RemoteDisconnected,unknown,research_funder,https://ror.org/01tv9ph92,education; funder,https://ror.org/01tv9ph92,Active organization classified as a funder in ROR; verify each call's external eligibility before applying.
spbu.ru,Russia,Russian,2024-12-11,http://spbu.ru/,St Petersburg University,RU,ru,ror_record_last_modified,2024-12-11,,2026-07-29T06:56:45+00:00,RemoteDisconnected,unknown,research_funder,https://ror.org/023znxa73,education; funder,https://ror.org/023znxa73,Active organization classified as a funder in ROR; verify each call's external eligibility before applying.
xn--80abucjiibhv9a.xn--p1ai,Russia,Russian,2025-10-28,http://xn--80abucjiibhv9a.xn--p1ai/,The Ministry of Education and Science of the Russian Federation,RU,ru,ror_record_last_modified,2025-10-28,,2026-07-29T06:56:44+00:00,RemoteDisconnected,unknown,research_funder,https://ror.org/00ghqgy32,funder; government,https://ror.org/00ghqgy32,Active organization classified as a funder in ROR; verify each call's external eligibility before applying.
tpu.ru,Russia,Russian,2024-12-11,https://tpu.ru,Tomsk Polytechnic University,RU,ru,ror_record_last_modified,2024-12-11,,2026-07-29T06:56:45+00:00,URLError,unknown,research_funder,https://ror.org/00a45v709,education; funder,https://ror.org/00a45v709,Active organization classified as a funder in ROR; verify each call's external eligibility before applying.
tula.ru,Russia,Russian,2025-10-28,https://tulsu.ru,Tula State University,RU,ru,ror_record_last_modified,2025-10-28,,2026-07-29T06:56:44+00:00,URLError,unknown,research_funder,https://ror.org/05shr3z13,education; funder,https://ror.org/05shr3z13,Active organization classified as a funder in ROR; verify each call's external eligibility before applying.
rusoil.net,Russia,Russian,2024-12-11,http://www.rusoil.net/default.aspx?lang=2,Ufa State Petroleum Technological University,RU,ru,ror_record_last_modified,2024-12-11,,2026-07-29T06:56:45+00:00,RemoteDisconnected,unknown,research_funder,https://ror.org/01ae6h598,education; funder,https://ror.org/01ae6h598,Active organization classified as a funder in ROR; verify each call's external eligibility before applying.
utmn.ru,Russia,Russian,2026-07-20,https://www.utmn.ru/,University of Tyumen,RU,ru,ror_record_last_modified,2026-07-20,,2026-07-29T06:55:31+00:00,URLError,unknown,research_funder,https://ror.org/05vehv290,education; funder,https://ror.org/05vehv290,Active organization classified as a funder in ROR; verify each call's external eligibility before applying.
uran.ru,Russia,Russian,2024-12-11,http://www.uran.ru/,Ural Branch of the Russian Academy of Sciences,RU,ru,ror_record_last_modified,2024-12-11,,2026-07-29T06:56:45+00:00,RemoteDisconnected,unknown,research_funder,https://ror.org/02s4h3z39,facility; funder,https://ror.org/02s4h3z39,Active organization classified as a funder in ROR; verify each call's external eligibility before applying.
urfu.ru,Russia,Russian,2024-12-11,http://urfu.ru,Ural Federal University,RU,ru,ror_record_last_modified,2024-12-11,,2026-07-29T06:56:45+00:00,ConnectionResetError,unknown,research_funder,https://ror.org/00hs7dr46,education; funder,https://ror.org/00hs7dr46,Active organization classified as a funder in ROR; verify each call's external eligibility before applying.
volgmed.ru,Russia,Russian,2026-07-20,https://www.volgmed.ru/ru/,Volgograd State Medical University,RU,ru,ror_record_last_modified,2026-07-20,,2026-07-29T06:55:15+00:00,URLError,unknown,research_funder,https://ror.org/04q6a0352,education; funder,https://ror.org/04q6a0352,Active organization classified as a funder in ROR; verify each call's external eligibility before applying.
vsu.ru,Russia,Russian,2024-12-11,http://www.vsu.ru/#gsc.tab=0,Voronezh State University,RU,ru,ror_record_last_modified,2024-12-11,,2026-07-29T06:56:45+00:00,RemoteDisconnected,unknown,research_funder,https://ror.org/0543j5e78,education; funder,https://ror.org/0543j5e78,Active organization classified as a funder in ROR; verify each call's external eligibility before applying.
ugrasu.ru,Russia,Russian,2024-12-11,https://www.ugrasu.ru/,Yugra State University,RU,ru,ror_record_last_modified,2024-12-11,,2026-07-29T06:56:45+00:00,URLError,unknown,research_funder,https://ror.org/006strx72,education; funder,https://ror.org/006strx72,Active organization classified as a funder in ROR; verify each call's external eligibility before applying.
aslem.sm,San Marino,Italian,2024-12-11,http://www.aslem.sm/,Associazione Sammarinese per la Lotta contro le Leucemie e Emopatie Maligne,SM,it,ror_record_last_modified,2024-12-11,,2026-07-29T06:55:15+00:00,TimeoutError,unknown,research_funder,https://ror.org/018ze1919,nonprofit; funder,https://ror.org/018ze1919,Active organization classified as a funder in ROR; verify each call's external eligibility before applying.
inovacionifond.rs,Serbia,Serbian,2026-06-23,https://www.inovacionifond.rs,Innovation Fund of the Republic of Serbia,RS,sr,ror_record_last_modified,2026-06-23,,2026-07-29T06:56:27+00:00,URLError,unknown,research_funder,https://ror.org/01serpn70,funder; government,https://ror.org/01serpn70,Active organization classified as a funder in ROR; verify each call's external eligibility before applying.
kcv.rs,Serbia,Serbian,2025-10-28,https://www.kcv.rs/,Klinički centar Vojvodine,RS,sr,ror_record_last_modified,2025-10-28,,2026-07-29T06:56:43+00:00,URLError,unknown,research_funder,https://ror.org/00fpn0e94,funder; healthcare,https://ror.org/00fpn0e94,Active organization classified as a funder in ROR; verify each call's external eligibility before applying.
mod.gov.rs,Serbia,Serbian,2026-07-20,https://www.mod.gov.rs/eng,Ministry of Defence Republic of Serbia,RS,sr,ror_record_last_modified,2026-07-20,,2026-07-29T06:56:03+00:00,URLError,unknown,research_funder,https://ror.org/04gjmhf60,funder; government,https://ror.org/04gjmhf60,Active organization classified as a funder in ROR; verify each call's external eligibility before applying.
srbija.gov.rs,Serbia,Serbian,2024-12-11,http://www.srbija.gov.rs/vesti/vest.php?id=21405,Ministry of Science and Environmental Protection,RS,sr,ror_record_last_modified,2024-12-11,,2026-07-29T06:56:44+00:00,RemoteDisconnected,unknown,research_funder,https://ror.org/03ka08s53,government; funder,https://ror.org/03ka08s53,Active organization classified as a funder in ROR; verify each call's external eligibility before applying.
nitra.gov.rs,Serbia,Serbian,2026-04-14,https://nitra.gov.rs,"Ministry of Science, Technological Development, and Innovation",RS,sr,ror_record_last_modified,2026-04-14,,2026-07-29T06:56:43+00:00,URLError,unknown,research_funder,https://ror.org/01znas443,funder; government,https://ror.org/01znas443,Active organization classified as a funder in ROR; verify each call's external eligibility before applying.
ns.ac.rs,Serbia,Serbian,2024-12-11,http://apv-nauka.ns.ac.rs/,Pokrajinski Sekretarijat za Nauku i Tehnološki Razvoj,RS,sr,ror_record_last_modified,2024-12-11,,2026-07-29T06:56:44+00:00,ConnectionResetError,unknown,research_funder,https://ror.org/0279n3m18,government; funder,https://ror.org/0279n3m18,Active organization classified as a funder in ROR; verify each call's external eligibility before applying.
vojvodina.gov.rs,Serbia,Serbian,2026-07-20,https://apv.visokoobrazovanje.vojvodina.gov.rs,"Provincial Secretariat for Higher Education and Scientific Research, Autonomous Province of Vojvodina",RS,sr,ror_record_last_modified,2026-07-20,,2026-07-29T06:55:15+00:00,URLError,unknown,research_funder,https://ror.org/0348qv851,funder; government,https://ror.org/0348qv851,Active organization classified as a funder in ROR; verify each call's external eligibility before applying.
fondzanauku.gov.rs,Serbia,Serbian,2024-12-11,https://fondzanauku.gov.rs,Science Fund of the Republic of Serbia,RS,sr,ror_record_last_modified,2024-12-11,,2026-07-29T06:56:44+00:00,URLError,unknown,research_funder,https://ror.org/02r531a15,government; funder,https://ror.org/02r531a15,Active organization classified as a funder in ROR; verify each call's external eligibility before applying.
sanu.ac.rs,Serbia,Serbian,2026-01-15,http://www.sanu.ac.rs/,Serbian Academy of Sciences and Arts,RS,sr,ror_record_last_modified,2026-01-15,,2026-07-29T06:56:43+00:00,ConnectionResetError,unknown,research_funder,https://ror.org/05m1y4204,funder; government,https://ror.org/05m1y4204,Active organization classified as a funder in ROR; verify each call's external eligibility before applying.
bg.ac.rs,Serbia,Serbian,2026-06-02,http://www.bg.ac.rs/en/,University of Belgrade,RS,sr,ror_record_last_modified,2026-06-02,,2026-07-29T06:56:35+00:00,TimeoutError,unknown,research_funder,https://ror.org/02qsmb048,education; funder,https://ror.org/02qsmb048,Active organization classified as a funder in ROR; verify each call's external eligibility before applying.
kg.ac.rs,Serbia,Serbian,2026-07-20,http://www.kg.ac.rs/eng/about.php,University of Kragujevac,RS,sr,ror_record_last_modified,2026-07-20,,2026-07-29T06:56:11+00:00,TimeoutError,unknown,research_funder,https://ror.org/04f7vj627,education; funder,https://ror.org/04f7vj627,Active organization classified as a funder in ROR; verify each call's external eligibility before applying.
ni.ac.rs,Serbia,Serbian,2026-07-20,http://www.ni.ac.rs/en/,University of Nis,RS,sr,ror_record_last_modified,2026-07-20,,2026-07-29T06:55:47+00:00,TimeoutError,unknown,research_funder,https://ror.org/00965bg92,education; funder,https://ror.org/00965bg92,Active organization classified as a funder in ROR; verify each call's external eligibility before applying.
uns.ac.rs,Serbia,Serbian,2026-07-20,https://www.uns.ac.rs,University of Novi Sad,RS,sr,ror_record_last_modified,2026-07-20,,2026-07-29T06:55:31+00:00,URLError,unknown,research_funder,https://ror.org/00xa57a59,education; funder,https://ror.org/00xa57a59,Active organization classified as a funder in ROR; verify each call's external eligibility before applying.
euba.sk,Slovakia,Slovak,2026-07-20,https://euba.sk,Bratislava University of Economics and Business,SK,sk,ror_record_last_modified,2026-07-20,,2026-07-29T06:56:27+00:00,URLError,unknown,research_funder,https://ror.org/0310h1546,education; funder,https://ror.org/0310h1546,Active organization classified as a funder in ROR; verify each call's external eligibility before applying.
uniba.sk,Slovakia,Slovak,2026-06-02,https://uniba.sk/,Comenius University Bratislava,SK,sk,ror_record_last_modified,2026-06-02,,2026-07-29T06:56:44+00:00,URLError,unknown,research_funder,https://ror.org/0587ef340,education; funder,https://ror.org/0587ef340,Active organization classified as a funder in ROR; verify each call's external eligibility before applying.
ukf.sk,Slovakia,Slovak,2026-07-20,https://www.ukf.sk,Constantine the Philosopher University in Nitra,SK,sk,ror_record_last_modified,2026-07-20,,2026-07-29T06:56:03+00:00,URLError,unknown,research_funder,https://ror.org/038dnay05,education; funder,https://ror.org/038dnay05,Active organization classified as a funder in ROR; verify each call's external eligibility before applying.
visegradfund.org,Slovakia,Slovak,2024-12-11,http://visegradfund.org/,International Visegrad Fund,SK,sk,ror_record_last_modified,2024-12-11,,2026-07-29T06:56:44+00:00,RemoteDisconnected,unknown,research_funder,https://ror.org/04e3ssz85,other; funder,https://ror.org/04e3ssz85,Active organization classified as a funder in ROR; verify each call's external eligibility before applying.
ujs.sk,Slovakia,Slovak,2025-02-26,https://www.ujs.sk,J. Selye University,SK,sk,ror_record_last_modified,2025-02-26,,2026-07-29T06:56:44+00:00,URLError,unknown,research_funder,https://ror.org/00zevd106,education; funder,https://ror.org/00zevd106,Active organization classified as a funder in ROR; verify each call's external eligibility before applying.
fulbright.sk,Slovakia,Slovak,2026-06-23,https://www.fulbright.sk,J. William Fulbright Commission for Educational Exchange in the Slovak Republic,SK,sk,ror_record_last_modified,2026-06-23,,2026-07-29T06:56:43+00:00,URLError,unknown,research_funder,https://ror.org/0173h8x23,funder; nonprofit,https://ror.org/0173h8x23,Active organization classified as a funder in ROR; verify each call's external eligibility before applying.
mpsr.sk,Slovakia,Slovak,2025-02-26,https://www.mpsr.sk,Ministry of Agriculture and Rural Development of the Slovak Republic,SK,sk,ror_record_last_modified,2025-02-26,,2026-07-29T06:56:44+00:00,URLError,unknown,research_funder,https://ror.org/02naczy15,funder; government,https://ror.org/02naczy15,Active organization classified as a funder in ROR; verify each call's external eligibility before applying.
mosr.sk,Slovakia,Slovak,2026-06-23,https://www.mosr.sk,Ministry of Defence of the Slovak Republic,SK,sk,ror_record_last_modified,2026-06-23,,2026-07-29T06:56:43+00:00,URLError,unknown,research_funder,https://ror.org/01dr22e26,funder; government,https://ror.org/01dr22e26,Active organization classified as a funder in ROR; verify each call's external eligibility before applying.
asfeu.sk,Slovakia,Slovak,2026-06-02,http://www.asfeu.sk/en,"Ministry of Education, Science, Research and Sport of the Slovak Republic",SK,sk,ror_record_last_modified,2026-06-02,,2026-07-29T06:56:44+00:00,RemoteDisconnected,unknown,research_funder,https://ror.org/044gwpv05,funder; government,https://ror.org/044gwpv05,Active organization classified as a funder in ROR; verify each call's external eligibility before applying.
saia.sk,Slovakia,Slovak,2024-12-11,http://www.saia.sk/en/,Slovak Academic Information Agency,SK,sk,ror_record_last_modified,2024-12-11,,2026-07-29T06:56:44+00:00,ConnectionResetError,unknown,research_funder,https://ror.org/044n2fv18,nonprofit; funder,https://ror.org/044n2fv18,Active organization classified as a funder in ROR; verify each call's external eligibility before applying.
apvv.sk,Slovakia,Slovak,2024-12-11,http://www.apvv.sk/,Slovak Research and Development Agency,SK,sk,ror_record_last_modified,2024-12-11,,2026-07-29T06:56:44+00:00,RemoteDisconnected,unknown,research_funder,https://ror.org/037nx0e70,government; funder,https://ror.org/037nx0e70,Active organization classified as a funder in ROR; verify each call's external eligibility before applying.
sks.sk,Slovakia,Slovak,2026-06-23,https://www.sks.sk,Slovak Society of Cardiology,SK,sk,ror_record_last_modified,2026-06-23,,2026-07-29T06:56:35+00:00,URLError,unknown,research_funder,https://ror.org/03wmw6q70,funder; nonprofit,https://ror.org/03wmw6q70,Active organization classified as a funder in ROR; verify each call's external eligibility before applying.
uniag.sk,Slovakia,Slovak,2026-07-20,https://www.uniag.sk,Slovak University of Agriculture in Nitra,SK,sk,ror_record_last_modified,2026-07-20,,2026-07-29T06:55:47+00:00,URLError,unknown,research_funder,https://ror.org/03rfvyw43,education; funder,https://ror.org/03rfvyw43,Active organization classified as a funder in ROR; verify each call's external eligibility before applying.
stuba.sk,Slovakia,Slovak,2024-12-11,https://www.stuba.sk,Slovak University of Technology in Bratislava,SK,sk,ror_record_last_modified,2024-12-11,,2026-07-29T06:56:44+00:00,URLError,unknown,research_funder,https://ror.org/0561ghm58,education; funder,https://ror.org/0561ghm58,Active organization classified as a funder in ROR; verify each call's external eligibility before applying.
nadaciatatrabanky.sk,Slovakia,Slovak,2026-06-23,https://www.nadaciatatrabanky.sk,Tatra Banka Foundation,SK,sk,ror_record_last_modified,2026-06-23,,2026-07-29T06:56:43+00:00,URLError,unknown,research_funder,https://ror.org/04e18ev16,funder; nonprofit,https://ror.org/04e18ev16,Active organization classified as a funder in ROR; verify each call's external eligibility before applying.
tuzvo.sk,Slovakia,Slovak,2026-02-24,https://www.tuzvo.sk,Technická univerzita vo Zvolene,SK,sk,ror_record_last_modified,2026-02-24,,2026-07-29T06:56:44+00:00,URLError,unknown,research_funder,https://ror.org/00j75pt62,education; funder,https://ror.org/00j75pt62,Active organization classified as a funder in ROR; verify each call's external eligibility before applying.
upjs.sk,Slovakia,Slovak,2026-07-20,https://www.upjs.sk,University of Pavol Jozef Šafárik,SK,sk,ror_record_last_modified,2026-07-20,,2026-07-29T06:55:15+00:00,URLError,unknown,research_funder,https://ror.org/039965637,education; funder,https://ror.org/039965637,Active organization classified as a funder in ROR; verify each call's external eligibility before applying.
truni.sk,Slovakia,Slovak,2026-07-20,https://www.truni.sk,University of Trnava,SK,sk,ror_record_last_modified,2026-07-20,,2026-07-29T06:56:12+00:00,URLError,unknown,research_funder,https://ror.org/05nj8rv48,education; funder,https://ror.org/05nj8rv48,Active organization classified as a funder in ROR; verify each call's external eligibility before applying.
uniza.sk,Slovakia,Slovak,2026-07-20,https://www.uniza.sk,University of Žilina,SK,sk,ror_record_last_modified,2026-07-20,,2026-07-29T06:55:31+00:00,URLError,unknown,research_funder,https://ror.org/031wwwj55,education; funder,https://ror.org/031wwwj55,Active organization classified as a funder in ROR; verify each call's external eligibility before applying.
sav.sk,Slovakia,Slovak,2026-06-02,https://vega.sav.sk,Vedecká grantová agentúra MŠVVaM SR a SAV (VEGA),SK,sk,ror_record_last_modified,2026-06-02,,2026-07-29T06:56:44+00:00,URLError,unknown,research_funder,https://ror.org/02z80ct15,funder; government,https://ror.org/02z80ct15,Active organization classified as a funder in ROR; verify each call's external eligibility before applying.
ijs.si,Slovenia,Slovenian,2024-12-11,https://ijs.si/ijsw,Jožef Stefan Institute,SI,sl,ror_record_last_modified,2024-12-11,,2026-07-29T06:56:44+00:00,URLError,unknown,research_funder,https://ror.org/05060sz93,facility; funder,https://ror.org/05060sz93,Active organization classified as a funder in ROR; verify each call's external eligibility before applying.
mirs.gov.si,Slovenia,Slovenian,2024-12-11,http://www.mirs.gov.si/en,Metrology Institute of the Republic of Slovenia,SI,sl,ror_record_last_modified,2024-12-11,,2026-07-29T06:56:43+00:00,RemoteDisconnected,unknown,research_funder,https://ror.org/01eaav933,government; funder,https://ror.org/01eaav933,Active organization classified as a funder in ROR; verify each call's external eligibility before applying.
mkgp.gov.si,Slovenia,Slovenian,2024-12-11,http://www.arhiv.mkgp.gov.si/en/,Ministry of Agriculture Forestry and Food,SI,sl,ror_record_last_modified,2024-12-11,,2026-07-29T06:56:35+00:00,TimeoutError,unknown,research_funder,https://ror.org/0369g1y44,government; funder,https://ror.org/0369g1y44,Active organization classified as a funder in ROR; verify each call's external eligibility before applying.
mgrt.gov.si,Slovenia,Slovenian,2024-12-11,http://www.mgrt.gov.si/en/,Ministry of Economic Development and Technology,SI,sl,ror_record_last_modified,2024-12-11,,2026-07-29T06:56:43+00:00,RemoteDisconnected,unknown,research_funder,https://ror.org/056r9ej12,government; funder,https://ror.org/056r9ej12,Active organization classified as a funder in ROR; verify each call's external eligibility before applying.
mizs.gov.si,Slovenia,Slovenian,2024-12-11,http://www.mizs.gov.si/en/,"Ministry of Education, Science and Sport",SI,sl,ror_record_last_modified,2024-12-11,,2026-07-29T06:56:43+00:00,ConnectionResetError,unknown,research_funder,https://ror.org/05tahaz79,government; funder,https://ror.org/05tahaz79,Active organization classified as a funder in ROR; verify each call's external eligibility before applying.
pahernik.org,Slovenia,Slovenian,2026-07-20,https://www.pahernik.org,Pahernikova ustanova,SI,sl,ror_record_last_modified,2026-07-20,,2026-07-29T06:55:47+00:00,URLError,unknown,research_funder,https://ror.org/01hcrsc39,funder; nonprofit,https://ror.org/01hcrsc39,Active organization classified as a funder in ROR; verify each call's external eligibility before applying.
sazu.si,Slovenia,Slovenian,2024-12-11,http://www.sazu.si/en/,Slovenian Academy of Sciences and Arts,SI,sl,ror_record_last_modified,2024-12-11,,2026-07-29T06:56:27+00:00,TimeoutError,unknown,research_funder,https://ror.org/04evj0n95,other; funder,https://ror.org/04evj0n95,Active organization classified as a funder in ROR; verify each call's external eligibility before applying.
gozdis.si,Slovenia,Slovenian,2024-12-11,http://en.gozdis.si/home/,Slovenian Forestry Institute,SI,sl,ror_record_last_modified,2024-12-11,,2026-07-29T06:56:44+00:00,RemoteDisconnected,unknown,research_funder,https://ror.org/0232eqz57,other; funder,https://ror.org/0232eqz57,Active organization classified as a funder in ROR; verify each call's external eligibility before applying.
aris-rs.si,Slovenia,Slovenian,2024-12-11,https://www.aris-rs.si,The Slovenian Research and Innovation Agency,SI,sl,ror_record_last_modified,2024-12-11,,2026-07-29T06:56:44+00:00,URLError,unknown,research_funder,https://ror.org/059bp8k51,funder; government,https://ror.org/059bp8k51,Active organization classified as a funder in ROR; verify each call's external eligibility before applying.
ukc-mb.si,Slovenia,Slovenian,2024-12-11,https://www.ukc-mb.si,University Clinical Centre Maribor,SI,sl,ror_record_last_modified,2024-12-11,,2026-07-29T06:56:13+00:00,URLError,unknown,research_funder,https://ror.org/02rjj7s91,funder; healthcare,https://ror.org/02rjj7s91,Active organization classified as a funder in ROR; verify each call's external eligibility before applying.
uni-lj.si,Slovenia,Slovenian,2026-07-20,http://www.uni-lj.si/,University of Ljubljana,SI,sl,ror_record_last_modified,2026-07-20,,2026-07-29T06:55:31+00:00,TimeoutError,unknown,research_funder,https://ror.org/05njb9z20,education; funder,https://ror.org/05njb9z20,Active organization classified as a funder in ROR; verify each call's external eligibility before applying.
um.si,Slovenia,Slovenian,2025-12-15,https://www.um.si,University of Maribor,SI,sl,ror_record_last_modified,2025-12-15,,2026-07-29T06:56:03+00:00,URLError,unknown,research_funder,https://ror.org/01d5jce07,education; funder,https://ror.org/01d5jce07,Active organization classified as a funder in ROR; verify each call's external eligibility before applying.
upr.si,Slovenia,Slovenian,2026-07-20,https://www.upr.si,University of Primorska,SI,sl,ror_record_last_modified,2026-07-20,,2026-07-29T06:55:15+00:00,URLError,unknown,research_funder,https://ror.org/05xefg082,education; funder,https://ror.org/05xefg082,Active organization classified as a funder in ROR; verify each call's external eligibility before applying.
gencat.cat,Spain,Spanish|Catalan|Basque|Galician,2026-07-20,https://residus.gencat.cat,Agència de Residus de Catalunya,ES,es|ca|eu|gl,ror_record_last_modified,2026-07-20,,2026-07-29T06:56:45+00:00,URLError,unknown,research_funder,https://ror.org/03wqkx133,funder; government,https://ror.org/03wqkx133,Active organization classified as a funder in ROR; verify each call's external eligibility before applying.
juntadeandalucia.es,Spain,Spanish|Catalan|Basque|Galician,2026-07-20,http://www.juntadeandalucia.es/agriculturaypesca/ifapa/web,Andalusian Institute of Agricultural and Fisheries Research and Training,ES,es|ca|eu|gl,ror_record_last_modified,2026-07-20,,2026-07-29T06:56:44+00:00,RemoteDisconnected,unknown,research_funder,https://ror.org/02w21g732,facility; funder,https://ror.org/02w21g732,Active organization classified as a funder in ROR; verify each call's external eligibility before applying.
madrid.es,Spain,Spanish|Catalan|Basque|Galician,2026-07-20,http://www.madrid.es/,Ayuntamiento de Madrid,ES,es|ca|eu|gl,ror_record_last_modified,2026-07-20,,2026-07-29T06:56:44+00:00,RemoteDisconnected,unknown,research_funder,https://ror.org/026h6d543,funder; other,https://ror.org/026h6d543,Active organization classified as a funder in ROR; verify each call's external eligibility before applying.
isglobal.org,Spain,Spanish|Catalan|Basque|Galician,2026-07-20,http://www.isglobal.org/en/,Barcelona Institute for Global Health,ES,es|ca|eu|gl,ror_record_last_modified,2026-07-20,,2026-07-29T06:56:44+00:00,RemoteDisconnected,unknown,research_funder,https://ror.org/03hjgt059,funder; healthcare,https://ror.org/03hjgt059,Active organization classified as a funder in ROR; verify each call's external eligibility before applying.
grancanaria.com,Spain,Spanish|Catalan|Basque|Galician,2026-07-20,https://cabildo.grancanaria.com,Cabildo de Gran Canaria,ES,es|ca|eu|gl,ror_record_last_modified,2026-07-20,,2026-07-29T06:56:45+00:00,URLError,unknown,research_funder,https://ror.org/01qbjjs27,funder; government,https://ror.org/01qbjjs27,Active organization classified as a funder in ROR; verify each call's external eligibility before applying.
oncolligagirona.cat,Spain,Spanish|Catalan|Basque|Galician,2026-07-20,https://oncolligagirona.cat,Fundació Oncolliga Girona,ES,es|ca|eu|gl,ror_record_last_modified,2026-07-20,,2026-07-29T06:56:44+00:00,URLError,unknown,research_funder,https://ror.org/047xvn022,funder; nonprofit,https://ror.org/047xvn022,Active organization classified as a funder in ROR; verify each call's external eligibility before applying.
fundacioncajastur.es,Spain,Spanish|Catalan|Basque|Galician,2026-07-20,https://fundacioncajastur.es,Fundación Bancaria Caja de Ahorros de Asturias,ES,es|ca|eu|gl,ror_record_last_modified,2026-07-20,,2026-07-29T06:56:45+00:00,URLError,unknown,research_funder,https://ror.org/03epr5f34,funder; nonprofit,https://ror.org/03epr5f34,Active organization classified as a funder in ROR; verify each call's external eligibility before applying.
fundacionibercaja.es,Spain,Spanish|Catalan|Basque|Galician,2026-07-20,https://www.fundacionibercaja.es,Fundación Bancaria Ibercaja,ES,es|ca|eu|gl,ror_record_last_modified,2026-07-20,,2026-07-29T06:56:45+00:00,URLError,unknown,research_funder,https://ror.org/05v2b7m49,funder; nonprofit,https://ror.org/05v2b7m49,Active organization classified as a funder in ROR; verify each call's external eligibility before applying.
fundacionmontemadrid.es,Spain,Spanish|Catalan|Basque|Galician,2026-07-20,https://www.fundacionmontemadrid.es,Fundación Caja Madrid,ES,es|ca|eu|gl,ror_record_last_modified,2026-07-20,,2026-07-29T06:56:45+00:00,URLError,unknown,research_funder,https://ror.org/04r1q8682,funder; nonprofit,https://ror.org/04r1q8682,Active organization classified as a funder in ROR; verify each call's external eligibility before applying.
sehh.es,Spain,Spanish|Catalan|Basque|Galician,2026-07-20,https://www.sehh.es,Fundación Española de Hematología y Hemoterapia,ES,es|ca|eu|gl,ror_record_last_modified,2026-07-20,,2026-07-29T06:56:44+00:00,URLError,unknown,research_funder,https://ror.org/05npya550,funder; nonprofit,https://ror.org/05npya550,Active organization classified as a funder in ROR; verify each call's external eligibility before applying.
fundacionlair.org,Spain,Spanish|Catalan|Basque|Galician,2026-07-20,http://www.fundacionlair.org,Fundación Lair,ES,es|ca|eu|gl,ror_record_last_modified,2026-07-20,,2026-07-29T06:56:45+00:00,RemoteDisconnected,unknown,research_funder,https://ror.org/009pfq269,funder; nonprofit,https://ror.org/009pfq269,Active organization classified as a funder in ROR; verify each call's external eligibility before applying.
fundacionlilly.com,Spain,Spanish|Catalan|Basque|Galician,2026-07-20,https://www.fundacionlilly.com,Fundación Lilly,ES,es|ca|eu|gl,ror_record_last_modified,2026-07-20,,2026-07-29T06:56:45+00:00,URLError,unknown,research_funder,https://ror.org/022afhg93,funder; nonprofit,https://ror.org/022afhg93,Active organization classified as a funder in ROR; verify each call's external eligibility before applying.
fundacionmjr.org,Spain,Spanish|Catalan|Basque|Galician,2026-07-20,https://www.fundacionmjr.org,Fundación María Josefa Recio,ES,es|ca|eu|gl,ror_record_last_modified,2026-07-20,,2026-07-29T06:56:45+00:00,URLError,unknown,research_funder,https://ror.org/04smjp283,funder; nonprofit,https://ror.org/04smjp283,Active organization classified as a funder in ROR; verify each call's external eligibility before applying.
fundacionsales.org,Spain,Spanish|Catalan|Basque|Galician,2026-07-20,https://fundacionsales.org,Fundación Sales,ES,es|ca|eu|gl,ror_record_last_modified,2026-07-20,,2026-07-29T06:56:45+00:00,URLError,unknown,research_funder,https://ror.org/05eb5ne27,funder; nonprofit,https://ror.org/05eb5ne27,Active organization classified as a funder in ROR; verify each call's external eligibility before applying.
fundacionhm.com,Spain,Spanish|Catalan|Basque|Galician,2026-07-20,https://www.fundacionhm.com/,Fundación de Investigación HM Hospitales,ES,es|ca|eu|gl,ror_record_last_modified,2026-07-20,,2026-07-29T06:56:45+00:00,URLError,unknown,research_funder,https://ror.org/0543ma965,funder; nonprofit,https://ror.org/0543ma965,Active organization classified as a funder in ROR; verify each call's external eligibility before applying.
navarra.es,Spain,Spanish|Catalan|Basque|Galician,2026-07-20,https://www.navarra.es/home_es/Gobierno+de+Navarra/,Gobierno de Navarra,ES,es|ca|eu|gl,ror_record_last_modified,2026-07-20,,2026-07-29T06:56:44+00:00,URLError,unknown,research_funder,https://ror.org/025qq4838,funder; government,https://ror.org/025qq4838,Active organization classified as a funder in ROR; verify each call's external eligibility before applying.
juntaex.es,Spain,Spanish|Catalan|Basque|Galician,2026-07-20,https://www.juntaex.es,Government of Extremadura,ES,es|ca|eu|gl,ror_record_last_modified,2026-07-20,,2026-07-29T06:56:44+00:00,URLError,unknown,research_funder,https://ror.org/01df4mv68,funder; government,https://ror.org/01df4mv68,Active organization classified as a funder in ROR; verify each call's external eligibility before applying.
grunenthal.es,Spain,Spanish|Catalan|Basque|Galician,2026-07-20,http://www.grunenthal.es/grt-web/Grunenthal_Pharma_S.A./133700036.jsp,Grunenthal (Spain),ES,es|ca|eu|gl,ror_record_last_modified,2026-07-20,,2026-07-29T06:56:45+00:00,RemoteDisconnected,unknown,research_funder,https://ror.org/05grp4x11,company; funder,https://ror.org/05grp4x11,Active organization classified as a funder in ROR; verify each call's external eligibility before applying.
geteccu.org,Spain,Spanish|Catalan|Basque|Galician,2026-07-20,https://geteccu.org/,Grupo Español de Trabajo en Enfermedad de Crohn y Colitis Ulcerosa,ES,es|ca|eu|gl,ror_record_last_modified,2026-07-20,,2026-07-29T06:56:45+00:00,URLError,unknown,research_funder,https://ror.org/007bgy429,funder; nonprofit,https://ror.org/007bgy429,Active organization classified as a funder in ROR; verify each call's external eligibility before applying.
hulp.es,Spain,Spanish|Catalan|Basque|Galician,2026-07-20,http://hulp.es/,Hospital Universitario La Paz,ES,es|ca|eu|gl,ror_record_last_modified,2026-07-20,,2026-07-29T06:56:45+00:00,RemoteDisconnected,unknown,research_funder,https://ror.org/01s1q0w69,funder; healthcare,https://ror.org/01s1q0w69,Active organization classified as a funder in ROR; verify each call's external eligibility before applying.
imim.cat,Spain,Spanish|Catalan|Basque|Galician,2026-07-20,https://www.imim.cat/,Hospital del Mar Research Institute,ES,es|ca|eu|gl,ror_record_last_modified,2026-07-20,,2026-07-29T06:56:44+00:00,URLError,unknown,research_funder,https://ror.org/042nkmz09,funder; healthcare,https://ror.org/042nkmz09,Active organization classified as a funder in ROR; verify each call's external eligibility before applying.
imdea.org,Spain,Spanish|Catalan|Basque|Galician,2026-07-20,http://www.energy.imdea.org/,IMDEA Energy Institute,ES,es|ca|eu|gl,ror_record_last_modified,2026-07-20,,2026-07-29T06:56:45+00:00,RemoteDisconnected,unknown,research_funder,https://ror.org/002tzev63,facility; funder,https://ror.org/002tzev63,Active organization classified as a funder in ROR; verify each call's external eligibility before applying.
igme.es,Spain,Spanish|Catalan|Basque|Galician,2026-07-20,https://www.igme.es,Instituto Geológico y Minero de España,ES,es|ca|eu|gl,ror_record_last_modified,2026-07-20,,2026-07-29T06:56:45+00:00,URLError,unknown,research_funder,https://ror.org/04cadha73,funder; other,https://ror.org/04cadha73,Active organization classified as a funder in ROR; verify each call's external eligibility before applying.
irycis.org,Spain,Spanish|Catalan|Basque|Galician,2026-07-20,http://www.irycis.org/,Instituto Ramón y Cajal de Investigación Sanitaria,ES,es|ca|eu|gl,ror_record_last_modified,2026-07-20,,2026-07-29T06:56:44+00:00,RemoteDisconnected,unknown,research_funder,https://ror.org/03fftr154,funder; healthcare,https://ror.org/03fftr154,Active organization classified as a funder in ROR; verify each call's external eligibility before applying.
uniovi.es,Spain,Spanish|Catalan|Basque|Galician,2026-07-20,https://iuta.uniovi.es,Instituto Universitario de Tecnología Industrial de Asturias,ES,es|ca|eu|gl,ror_record_last_modified,2026-07-20,,2026-07-29T06:56:03+00:00,URLError,unknown,research_funder,https://ror.org/02rg0ya57,facility; funder,https://ror.org/02rg0ya57,Active organization classified as a funder in ROR; verify each call's external eligibility before applying.
ivace.es,Spain,Spanish|Catalan|Basque|Galician,2026-07-20,https://www.ivace.es,Instituto Valenciano de Competitividad Empresarial,ES,es|ca|eu|gl,ror_record_last_modified,2026-07-20,,2026-07-29T06:56:44+00:00,URLError,unknown,research_funder,https://ror.org/01svxr124,funder; government,https://ror.org/01svxr124,Active organization classified as a funder in ROR; verify each call's external eligibility before applying.
ief.es,Spain,Spanish|Catalan|Basque|Galician,2026-07-20,https://www.ief.es,Instituto de Estudios Fiscales,ES,es|ca|eu|gl,ror_record_last_modified,2026-07-20,,2026-07-29T06:56:45+00:00,URLError,unknown,research_funder,https://ror.org/042wbbv37,funder; government,https://ror.org/042wbbv37,Active organization classified as a funder in ROR; verify each call's external eligibility before applying.
uam.es,Spain,Spanish|Catalan|Basque|Galician,2026-07-20,https://www.iic.uam.es,Instituto de Ingeniería del Conocimiento,ES,es|ca|eu|gl,ror_record_last_modified,2026-07-20,,2026-07-29T06:56:35+00:00,URLError,unknown,research_funder,https://ror.org/03qwwwr29,funder; nonprofit,https://ror.org/03qwwwr29,Active organization classified as a funder in ROR; verify each call's external eligibility before applying.
ibsal.es,Spain,Spanish|Catalan|Basque|Galician,2026-07-20,http://www.ibsal.es/,Instituto de Investigación Biomédica de Salamanca,ES,es|ca|eu|gl,ror_record_last_modified,2026-07-20,,2026-07-29T06:56:45+00:00,RemoteDisconnected,unknown,research_funder,https://ror.org/03em6xj44,facility; funder,https://ror.org/03em6xj44,Active organization classified as a funder in ROR; verify each call's external eligibility before applying.
isabial.es,Spain,Spanish|Catalan|Basque|Galician,2026-07-20,https://isabial.es,Instituto de investigación sanitaria y biomédica de Alicante,ES,es|ca|eu|gl,ror_record_last_modified,2026-07-20,,2026-07-29T06:56:44+00:00,URLError,unknown,research_funder,https://ror.org/00zmnkx60,facility; funder,https://ror.org/00zmnkx60,Active organization classified as a funder in ROR; verify each call's external eligibility before applying.
gob.es,Spain,Spanish|Catalan|Basque|Galician,2026-07-20,https://www.culturaydeporte.gob.es,Ministerio de Cultura y Deporte,ES,es|ca|eu|gl,ror_record_last_modified,2026-07-20,,2026-07-29T06:56:45+00:00,URLError,unknown,research_funder,https://ror.org/05v40k847,funder; government,https://ror.org/05v40k847,Active organization classified as a funder in ROR; verify each call's external eligibility before applying.
mondragon.edu,Spain,Spanish|Catalan|Basque|Galician,2026-07-20,https://www.mondragon.edu,Mondragon Unibertsitatea,ES,es|ca|eu|gl,ror_record_last_modified,2026-07-20,,2026-07-29T06:56:44+00:00,URLError,unknown,research_funder,https://ror.org/00wvqgd19,education; funder,https://ror.org/00wvqgd19,Active organization classified as a funder in ROR; verify each call's external eligibility before applying.
jccm.es,Spain,Spanish|Catalan|Basque|Galician,2026-07-20,https://www.jccm.es/,Regional Government of Castile-La Mancha,ES,es|ca|eu|gl,ror_record_last_modified,2026-07-20,,2026-07-29T06:56:44+00:00,URLError,unknown,research_funder,https://ror.org/02jv91m18,funder; government,https://ror.org/02jv91m18,Active organization classified as a funder in ROR; verify each call's external eligibility before applying.
sanofi.es,Spain,Spanish|Catalan|Basque|Galician,2026-07-20,http://www.sanofi.es/l/es/sp/index.jsp,Sanofi (Spain),ES,es|ca|eu|gl,ror_record_last_modified,2026-07-20,,2026-07-29T06:56:44+00:00,ConnectionResetError,unknown,research_funder,https://ror.org/00g51ew42,company; funder,https://ror.org/00g51ew42,Active organization classified as a funder in ROR; verify each call's external eligibility before applying.
sergas.es,Spain,Spanish|Catalan|Basque|Galician,2026-07-20,http://www.sergas.es/,Servicio Gallego de Salud,ES,es|ca|eu|gl,ror_record_last_modified,2026-07-20,,2026-07-29T06:56:43+00:00,RemoteDisconnected,unknown,research_funder,https://ror.org/0591s4t67,funder; healthcare,https://ror.org/0591s4t67,Active organization classified as a funder in ROR; verify each call's external eligibility before applying.
se-arteriosclerosis.org,Spain,Spanish|Catalan|Basque|Galician,2026-07-20,https://www.se-arteriosclerosis.org,Sociedad Española de Arteriosclerosis,ES,es|ca|eu|gl,ror_record_last_modified,2026-07-20,,2026-07-29T06:56:44+00:00,URLError,unknown,research_funder,https://ror.org/02g167754,funder; nonprofit,https://ror.org/02g167754,Active organization classified as a funder in ROR; verify each call's external eligibility before applying.
seth.es,Spain,Spanish|Catalan|Basque|Galician,2026-07-20,http://www.seth.es/,Sociedad Española de Trombosis y Hemostasia,ES,es|ca|eu|gl,ror_record_last_modified,2026-07-20,,2026-07-29T06:56:43+00:00,ConnectionResetError,unknown,research_funder,https://ror.org/01bvxq084,funder; other,https://ror.org/01bvxq084,Active organization classified as a funder in ROR; verify each call's external eligibility before applying.
neumomadrid.org,Spain,Spanish|Catalan|Basque|Galician,2026-07-20,https://www.neumomadrid.org,Sociedad Madrileña de Neumología y Cirugía Torácica,ES,es|ca|eu|gl,ror_record_last_modified,2026-07-20,,2026-07-29T06:56:44+00:00,URLError,unknown,research_funder,https://ror.org/0379ar820,funder; nonprofit,https://ror.org/0379ar820,Active organization classified as a funder in ROR; verify each call's external eligibility before applying.
svnefrologia.es,Spain,Spanish|Catalan|Basque|Galician,2026-07-20,https://www.svnefrologia.es,Sociedad Valenciana de Nefrología,ES,es|ca|eu|gl,ror_record_last_modified,2026-07-20,,2026-07-29T06:56:43+00:00,URLError,unknown,research_funder,https://ror.org/051qfbx10,funder; nonprofit,https://ror.org/051qfbx10,Active organization classified as a funder in ROR; verify each call's external eligibility before applying.
uax.com,Spain,Spanish|Catalan|Basque|Galician,2026-07-20,https://www.uax.com,Universidad Alfonso X el Sabio,ES,es|ca|eu|gl,ror_record_last_modified,2026-07-20,,2026-07-29T06:56:27+00:00,URLError,unknown,research_funder,https://ror.org/054ewwr15,education; funder,https://ror.org/054ewwr15,Active organization classified as a funder in ROR; verify each call's external eligibility before applying.
uchceu.es,Spain,Spanish|Catalan|Basque|Galician,2026-07-20,https://www.uchceu.es,Universidad Cardenal Herrera CEU,ES,es|ca|eu|gl,ror_record_last_modified,2026-07-20,,2026-07-29T06:56:13+00:00,URLError,unknown,research_funder,https://ror.org/01tnh0829,education; funder,https://ror.org/01tnh0829,Active organization classified as a funder in ROR; verify each call's external eligibility before applying.
upo.es,Spain,Spanish|Catalan|Basque|Galician,2026-07-20,https://www.upo.es,Universidad Pablo de Olavide,ES,es|ca|eu|gl,ror_record_last_modified,2026-07-20,,2026-07-29T06:55:31+00:00,URLError,unknown,research_funder,https://ror.org/02z749649,education; funder,https://ror.org/02z749649,Active organization classified as a funder in ROR; verify each call's external eligibility before applying.
universidadviu.com,Spain,Spanish|Catalan|Basque|Galician,2026-07-20,https://www.universidadviu.com,Valencian International University,ES,es|ca|eu|gl,ror_record_last_modified,2026-07-20,,2026-07-29T06:55:47+00:00,URLError,unknown,research_funder,https://ror.org/00gjj5n39,education; funder,https://ror.org/00gjj5n39,Active organization classified as a funder in ROR; verify each call's external eligibility before applying.
xunta.es,Spain,Spanish|Catalan|Basque|Galician,2026-07-20,http://www.xunta.es/portada,Xunta de Galicia,ES,es|ca|eu|gl,ror_record_last_modified,2026-07-20,,2026-07-29T06:55:15+00:00,TimeoutError,unknown,research_funder,https://ror.org/0181xnw06,funder; government,https://ror.org/0181xnw06,Active organization classified as a funder in ROR; verify each call's external eligibility before applying.
permafrost.org,Svalbard and Jan Mayen,Norwegian Bokmål,2026-06-23,https://www.permafrost.org,International Permafrost Association,SJ,nb,ror_record_last_modified,2026-06-23,,2026-07-29T06:55:15+00:00,URLError,unknown,research_funder,https://ror.org/048wcpa23,funder; nonprofit,https://ror.org/048wcpa23,Active organization classified as a funder in ROR; verify each call's external eligibility before applying.
prytzfolkesstiftelse.se,Sweden,Swedish,2026-07-20,https://prytzfolkesstiftelse.se,Agneta Prytz-Folkes och Gösta Folkes Stiftelse,SE,sv,ror_record_last_modified,2026-07-20,,2026-07-29T06:56:44+00:00,URLError,unknown,research_funder,https://ror.org/01mnsf238,funder; nonprofit,https://ror.org/01mnsf238,Active organization classified as a funder in ROR; verify each call's external eligibility before applying.
ki.se,Sweden,Swedish,2026-07-20,https://medarbetare.ki.se/forskarstod/forskningsfinansiering/ki-forskningsbidrag-och-priser/alex-och-eva-wallstroms-stiftelse-for-vetenskaplig-forskning-och-utbildning,Alex och Eva Wallströms Stiftelse för Vetenskaplig Forskning och Utbildning,SE,sv,ror_record_last_modified,2026-07-20,,2026-07-29T06:56:45+00:00,URLError,unknown,research_funder,https://ror.org/03hwvm945,funder; nonprofit,https://ror.org/03hwvm945,Active organization classified as a funder in ROR; verify each call's external eligibility before applying.
wallenberg.org,Sweden,Swedish,2026-07-20,https://bws.wallenberg.org,Berit Wallenberg Foundation,SE,sv,ror_record_last_modified,2026-07-20,,2026-07-29T06:55:31+00:00,URLError,unknown,research_funder,https://ror.org/02thj4655,funder; nonprofit,https://ror.org/02thj4655,Active organization classified as a funder in ROR; verify each call's external eligibility before applying.
throneholst.org,Sweden,Swedish,2026-07-20,https://throneholst.org,Henning och Johan Throne-Holst stiftelse,SE,sv,ror_record_last_modified,2026-07-20,,2026-07-29T06:56:14+00:00,URLError,unknown,research_funder,https://ror.org/0051wzj62,funder; other,https://ror.org/0051wzj62,Active organization classified as a funder in ROR; verify each call's external eligibility before applying.
sweco.se,Sweden,Swedish,2026-07-20,https://www.sweco.se/om-sweco-sverige/stipendier-och-forskningsanslag/richterska-stiftelsen/,J. Gustaf Richert Foundation,SE,sv,ror_record_last_modified,2026-07-20,,2026-07-29T06:56:43+00:00,URLError,unknown,research_funder,https://ror.org/02enwn551,funder; nonprofit,https://ror.org/02enwn551,Active organization classified as a funder in ROR; verify each call's external eligibility before applying.
jodfoundations.com,Sweden,Swedish,2026-07-20,https://jodfoundations.com,Jane och Dan Olssons Stiftelse,SE,sv,ror_record_last_modified,2026-07-20,,2026-07-29T06:56:45+00:00,URLError,unknown,research_funder,https://ror.org/0550sws15,funder; nonprofit,https://ror.org/0550sws15,Active organization classified as a funder in ROR; verify each call's external eligibility before applying.
jeanssonsstiftelser.se,Sweden,Swedish,2026-07-20,http://jeanssonsstiftelser.se/en/,Jeansson Foundations,SE,sv,ror_record_last_modified,2026-07-20,,2026-07-29T06:56:45+00:00,RemoteDisconnected,unknown,research_funder,https://ror.org/00r6p8t42,funder; other,https://ror.org/00r6p8t42,Active organization classified as a funder in ROR; verify each call's external eligibility before applying.
johanochjakobsoderbergsstiftelse.se,Sweden,Swedish,2026-07-20,https://johanochjakobsoderbergsstiftelse.se,Johan och Jakob Söderbergs stiftelse,SE,sv,ror_record_last_modified,2026-07-20,,2026-07-29T06:56:45+00:00,URLError,unknown,research_funder,https://ror.org/04yvg6e61,funder; nonprofit,https://ror.org/04yvg6e61,Active organization classified as a funder in ROR; verify each call's external eligibility before applying.
konsulbergh.se,Sweden,Swedish,2026-07-20,https://www.konsulbergh.se,Konsul Th C Berghs Stiftelse,SE,sv,ror_record_last_modified,2026-07-20,,2026-07-29T06:56:45+00:00,URLError,unknown,research_funder,https://ror.org/01693cj51,funder; nonprofit,https://ror.org/01693cj51,Active organization classified as a funder in ROR; verify each call's external eligibility before applying.
lu.se,Sweden,Swedish,2026-07-20,https://www.lu.se,Lund University,SE,sv,ror_record_last_modified,2026-07-20,,2026-07-29T06:56:45+00:00,URLError,unknown,research_funder,https://ror.org/012a77v79,education; funder,https://ror.org/012a77v79,Active organization classified as a funder in ROR; verify each call's external eligibility before applying.
magle.se,Sweden,Swedish,2026-07-20,http://www.magle.se/,Magle (Sweden),SE,sv,ror_record_last_modified,2026-07-20,,2026-07-29T06:56:45+00:00,RemoteDisconnected,unknown,research_funder,https://ror.org/02zh48v40,company; funder,https://ror.org/02zh48v40,Active organization classified as a funder in ROR; verify each call's external eligibility before applying.
marybeve.se,Sweden,Swedish,2026-07-20,http://www.marybeve.se,Mary Béves Stiftelse för Barncancerforskning,SE,sv,ror_record_last_modified,2026-07-20,,2026-07-29T06:56:45+00:00,RemoteDisconnected,unknown,research_funder,https://ror.org/02tm1de46,funder; nonprofit,https://ror.org/02tm1de46,Active organization classified as a funder in ROR; verify each call's external eligibility before applying.
matspaulssonstiftelserna.com,Sweden,Swedish,2026-07-20,https://www.matspaulssonstiftelserna.com,Mats Paulssons Stiftelse,SE,sv,ror_record_last_modified,2026-07-20,,2026-07-29T06:56:45+00:00,URLError,unknown,research_funder,https://ror.org/015x87485,funder; nonprofit,https://ror.org/015x87485,Active organization classified as a funder in ROR; verify each call's external eligibility before applying.
mundipharma.se,Sweden,Swedish,2026-07-20,https://mundipharma.se/,Mundipharma (Sweden),SE,sv,ror_record_last_modified,2026-07-20,,2026-07-29T06:56:45+00:00,URLError,unknown,research_funder,https://ror.org/018fqb741,company; funder,https://ror.org/018fqb741,Active organization classified as a funder in ROR; verify each call's external eligibility before applying.
nordstjernan.se,Sweden,Swedish,2026-07-20,https://nordstjernan.se,Nordstjernan (Sweden),SE,sv,ror_record_last_modified,2026-07-20,,2026-07-29T06:56:45+00:00,URLError,unknown,research_funder,https://ror.org/021mtev94,company; funder,https://ror.org/021mtev94,Active organization classified as a funder in ROR; verify each call's external eligibility before applying.
percyfalk.se,Sweden,Swedish,2026-07-20,https://www.percyfalk.se,Percy Falk Foundation,SE,sv,ror_record_last_modified,2026-07-20,,2026-07-29T06:56:44+00:00,URLError,unknown,research_funder,https://ror.org/05t4nvn27,funder; nonprofit,https://ror.org/05t4nvn27,Active organization classified as a funder in ROR; verify each call's external eligibility before applying.
pkhedborg.com,Sweden,Swedish,2026-07-20,https://www.pkhedborg.com,Petra and Karl Erik Hedborg Foundation,SE,sv,ror_record_last_modified,2026-07-20,,2026-07-29T06:56:44+00:00,URLError,unknown,research_funder,https://ror.org/01cjv3r06,funder; nonprofit,https://ror.org/01cjv3r06,Active organization classified as a funder in ROR; verify each call's external eligibility before applying.
quintustechnologies.com,Sweden,Swedish,2026-07-20,https://quintustechnologies.com/,Quintus Technologies (Sweden),SE,sv,ror_record_last_modified,2026-07-20,,2026-07-29T06:56:44+00:00,URLError,unknown,research_funder,https://ror.org/0071w5f09,company; funder,https://ror.org/0071w5f09,Active organization classified as a funder in ROR; verify each call's external eligibility before applying.
regiongavleborg.se,Sweden,Swedish,2026-07-20,https://www.regiongavleborg.se,Region Gävleborg,SE,sv,ror_record_last_modified,2026-07-20,,2026-07-29T06:56:44+00:00,URLError,unknown,research_funder,https://ror.org/00jne9686,funder; government,https://ror.org/00jne9686,Active organization classified as a funder in ROR; verify each call's external eligibility before applying.
rbu.se,Sweden,Swedish,2026-07-20,https://rbu.se,Riksförbundet för Rörelsehindrade Barn och Ungdomar,SE,sv,ror_record_last_modified,2026-07-20,,2026-07-29T06:56:44+00:00,URLError,unknown,research_funder,https://ror.org/05398rp95,funder; nonprofit,https://ror.org/05398rp95,Active organization classified as a funder in ROR; verify each call's external eligibility before applying.
iva.se,Sweden,Swedish,2026-07-20,http://www.iva.se/iva-in-english/,Royal Swedish Academy of Engineering Sciences,SE,sv,ror_record_last_modified,2026-07-20,,2026-07-29T06:56:45+00:00,RemoteDisconnected,unknown,research_funder,https://ror.org/058a12170,education; funder,https://ror.org/058a12170,Active organization classified as a funder in ROR; verify each call's external eligibility before applying.
sbu.se,Sweden,Swedish,2026-07-20,https://www.sbu.se,SBU - Swedish Agency for Health Technology Assessment and Assessment of Social Services,SE,sv,ror_record_last_modified,2026-07-20,,2026-07-29T06:56:44+00:00,URLError,unknown,research_funder,https://ror.org/04507cg26,funder; government,https://ror.org/04507cg26,Active organization classified as a funder in ROR; verify each call's external eligibility before applying.
secotools.com,Sweden,Swedish,2026-07-20,https://www.secotools.com,Seco Tools (Sweden),SE,sv,ror_record_last_modified,2026-07-20,,2026-07-29T06:56:44+00:00,URLError,unknown,research_funder,https://ror.org/01ht95816,company; funder,https://ror.org/01ht95816,Active organization classified as a funder in ROR; verify each call's external eligibility before applying.
sedanamedical.com,Sweden,Swedish,2026-07-20,https://sedanamedical.com,Sedana Medical AB (publ) (Sweden),SE,sv,ror_record_last_modified,2026-07-20,,2026-07-29T06:56:44+00:00,URLError,unknown,research_funder,https://ror.org/058xfb295,company; funder,https://ror.org/058xfb295,Active organization classified as a funder in ROR; verify each call's external eligibility before applying.
skanska.com,Sweden,Swedish,2026-07-20,https://www.skanska.com/,Skanska (Sweden),SE,sv,ror_record_last_modified,2026-07-20,,2026-07-29T06:56:44+00:00,URLError,unknown,research_funder,https://ror.org/01s5zad14,company; funder,https://ror.org/01s5zad14,Active organization classified as a funder in ROR; verify each call's external eligibility before applying.
stenkjohnsonsstiftelse.se,Sweden,Swedish,2026-07-20,https://www.stenkjohnsonsstiftelse.se,Sten K Johnson Foundation,SE,sv,ror_record_last_modified,2026-07-20,,2026-07-29T06:56:44+00:00,URLError,unknown,research_funder,https://ror.org/04h9hm575,funder; nonprofit,https://ror.org/04h9hm575,Active organization classified as a funder in ROR; verify each call's external eligibility before applying.
kemisamfundet.se,Sweden,Swedish,2026-07-20,https://kemisamfundet.se/om-oss/utskott/stiftelsen-bengt-lundqvists-minne/,Stiftelsen Bengt Lundqvists Minne,SE,sv,ror_record_last_modified,2026-07-20,,2026-07-29T06:56:45+00:00,URLError,unknown,research_funder,https://ror.org/05t9xfe77,funder; nonprofit,https://ror.org/05t9xfe77,Active organization classified as a funder in ROR; verify each call's external eligibility before applying.
lansforsakringar.se,Sweden,Swedish,2026-07-20,https://www.lansforsakringar.se/privat/om-oss/forskning/,Stiftelsen Länsförsäkringsbolagens Forskningsfond,SE,sv,ror_record_last_modified,2026-07-20,,2026-07-29T06:56:45+00:00,URLError,unknown,research_funder,https://ror.org/00k5ka256,funder; nonprofit,https://ror.org/00k5ka256,Active organization classified as a funder in ROR; verify each call's external eligibility before applying.
stiftelsensavstaholm.se,Sweden,Swedish,2026-07-20,https://www.stiftelsensavstaholm.se,Stiftelsen Sävstaholm,SE,sv,ror_record_last_modified,2026-07-20,,2026-07-29T06:56:44+00:00,URLError,unknown,research_funder,https://ror.org/04mmd6h49,funder; nonprofit,https://ror.org/04mmd6h49,Active organization classified as a funder in ROR; verify each call's external eligibility before applying.
sls.se,Sweden,Swedish,2026-07-20,https://www.sls.se/vetenskap/sok-anslag/stiftelsen-soderstrom-konigska,Stiftelsen Söderström Königska Sjukhemmet,SE,sv,ror_record_last_modified,2026-07-20,,2026-07-29T06:56:44+00:00,URLError,unknown,research_funder,https://ror.org/02fb1j387,funder; nonprofit,https://ror.org/02fb1j387,Active organization classified as a funder in ROR; verify each call's external eligibility before applying.
wordpress.com,Sweden,Swedish,2026-07-20,https://medforskskelet.wordpress.com,Stiftelsen för Medicinsk Forskning i Skellefteå,SE,sv,ror_record_last_modified,2026-07-20,,2026-07-29T06:55:15+00:00,URLError,unknown,research_funder,https://ror.org/04mevw052,funder; nonprofit,https://ror.org/04mevw052,Active organization classified as a funder in ROR; verify each call's external eligibility before applying.
swecogroup.com,Sweden,Swedish,2026-07-20,http://www.swecogroup.com/en/Sweco-group/,Sweco (Sweden),SE,sv,ror_record_last_modified,2026-07-20,,2026-07-29T06:56:35+00:00,TimeoutError,unknown,research_funder,https://ror.org/010ees266,company; funder,https://ror.org/010ees266,Active organization classified as a funder in ROR; verify each call's external eligibility before applying.
jordbruksverket.se,Sweden,Swedish,2026-07-20,http://www.jordbruksverket.se/,Swedish Board of Agriculture,SE,sv,ror_record_last_modified,2026-07-20,,2026-07-29T06:56:45+00:00,RemoteDisconnected,unknown,research_funder,https://ror.org/002qv2715,funder; government,https://ror.org/002qv2715,Active organization classified as a funder in ROR; verify each call's external eligibility before applying.
konkurrensverket.se,Sweden,Swedish,2026-07-20,https://www.konkurrensverket.se,Swedish Competition Authority,SE,sv,ror_record_last_modified,2026-07-20,,2026-07-29T06:56:45+00:00,URLError,unknown,research_funder,https://ror.org/05pxb3s26,funder; government,https://ror.org/05pxb3s26,Active organization classified as a funder in ROR; verify each call's external eligibility before applying.
msforskningsfonden.se,Sweden,Swedish,2026-07-20,https://www.msforskningsfonden.se,Swedish Foundation for MS Research,SE,sv,ror_record_last_modified,2026-07-20,,2026-07-29T06:56:45+00:00,URLError,unknown,research_funder,https://ror.org/044wyey21,funder; nonprofit,https://ror.org/044wyey21,Active organization classified as a funder in ROR; verify each call's external eligibility before applying.
stat-inst.se,Sweden,Swedish,2026-07-20,https://www.stat-inst.se,Swedish National Board of Institutional Care,SE,sv,ror_record_last_modified,2026-07-20,,2026-07-29T06:56:44+00:00,URLError,unknown,research_funder,https://ror.org/033eccw63,funder; government,https://ror.org/033eccw63,Active organization classified as a funder in ROR; verify each call's external eligibility before applying.
ssag.se,Sweden,Swedish,2026-07-20,https://ssag.se,Swedish Society for Anthropology and Geography,SE,sv,ror_record_last_modified,2026-07-20,,2026-07-29T06:56:44+00:00,URLError,unknown,research_funder,https://ror.org/05hfnpb32,funder; nonprofit,https://ror.org/05hfnpb32,Active organization classified as a funder in ROR; verify each call's external eligibility before applying.
strokeforbundet.se,Sweden,Swedish,2026-07-20,http://www.strokeforbundet.se/show.asp?si=584&go=In%20English,Swedish Stroke Association,SE,sv,ror_record_last_modified,2026-07-20,,2026-07-29T06:56:43+00:00,RemoteDisconnected,unknown,research_funder,https://ror.org/02pqxz266,funder; nonprofit,https://ror.org/02pqxz266,Active organization classified as a funder in ROR; verify each call's external eligibility before applying.
systembolaget.se,Sweden,Swedish,2026-07-20,https://www.systembolaget.se/English/,Systembolaget (Sweden),SE,sv,ror_record_last_modified,2026-07-20,,2026-07-29T06:56:27+00:00,URLError,unknown,research_funder,https://ror.org/00nfs4461,company; funder,https://ror.org/00nfs4461,Active organization classified as a funder in ROR; verify each call's external eligibility before applying.
sh.se,Sweden,Swedish,2026-07-20,http://www.sh.se/,Södertörn University,SE,sv,ror_record_last_modified,2026-07-20,,2026-07-29T06:56:44+00:00,RemoteDisconnected,unknown,research_funder,https://ror.org/00d973h41,education; funder,https://ror.org/00d973h41,Active organization classified as a funder in ROR; verify each call's external eligibility before applying.
sodra.com,Sweden,Swedish,2026-07-20,https://www.sodra.com/en/global/about-us/innovation/the-sodra-foundation-for-research/,"Södra Foundation for Research, Development and Education",SE,sv,ror_record_last_modified,2026-07-20,,2026-07-29T06:56:44+00:00,URLError,unknown,research_funder,https://ror.org/01v555e11,funder; nonprofit,https://ror.org/01v555e11,Active organization classified as a funder in ROR; verify each call's external eligibility before applying.
naprapater.se,Sweden,Swedish,2026-07-20,https://naprapater.se,The Swedish Naprapathic Association,SE,sv,ror_record_last_modified,2026-07-20,,2026-07-29T06:56:45+00:00,URLError,unknown,research_funder,https://ror.org/000d1hm13,funder; nonprofit,https://ror.org/000d1hm13,Active organization classified as a funder in ROR; verify each call's external eligibility before applying.
ucls.se,Sweden,Swedish,2026-07-20,https://ucls.se,Ulla-Carin Lindquist Foundation,SE,sv,ror_record_last_modified,2026-07-20,,2026-07-29T06:56:03+00:00,URLError,unknown,research_funder,https://ror.org/0162pn441,funder; nonprofit,https://ror.org/0162pn441,Active organization classified as a funder in ROR; verify each call's external eligibility before applying.
umu.se,Sweden,Swedish,2026-07-20,https://www.umu.se,Umeå University,SE,sv,ror_record_last_modified,2026-07-20,,2026-07-29T06:55:47+00:00,URLError,unknown,research_funder,https://ror.org/05kb8h459,education; funder,https://ror.org/05kb8h459,Active organization classified as a funder in ROR; verify each call's external eligibility before applying.
swisslife.ch,Switzerland,German|French|Italian|Romansh,2026-07-20,https://www.swisslife.ch/de/ueber-uns/engagement/stiftungen/jubilaeumsstiftung.html,Anniversary Foundation for Public Health and Medical Research,CH,de|fr|it|rm,ror_record_last_modified,2026-07-20,,2026-07-29T06:56:44+00:00,URLError,unknown,research_funder,https://ror.org/01kbd5z05,funder; nonprofit,https://ror.org/01kbd5z05,Active organization classified as a funder in ROR; verify each call's external eligibility before applying.
ne.ch,Switzerland,German|French|Italian|Romansh,2026-07-20,https://www.ne.ch,Canton de Neuchâtel,CH,de|fr|it|rm,ror_record_last_modified,2026-07-20,,2026-07-29T06:56:45+00:00,URLError,unknown,research_funder,https://ror.org/05b93df92,funder; government,https://ror.org/05b93df92,Active organization classified as a funder in ROR; verify each call's external eligibility before applying.
nestle-cereals.com,Switzerland,German|French|Italian|Romansh,2026-07-20,https://www.nestle-cereals.com/global,Cereal Partners Worldwide (Switzerland),CH,de|fr|it|rm,ror_record_last_modified,2026-07-20,,2026-07-29T06:56:45+00:00,URLError,unknown,research_funder,https://ror.org/04d8ew893,company; funder,https://ror.org/04d8ew893,Active organization classified as a funder in ROR; verify each call's external eligibility before applying.
pole-autisme.ch,Switzerland,German|French|Italian|Romansh,2026-07-20,https://pole-autisme.ch,Fondation Pôle Autisme,CH,de|fr|it|rm,ror_record_last_modified,2026-07-20,,2026-07-29T06:56:45+00:00,URLError,unknown,research_funder,https://ror.org/04tk7cs65,funder; nonprofit,https://ror.org/04tk7cs65,Active organization classified as a funder in ROR; verify each call's external eligibility before applying.
santossuarez.ch,Switzerland,German|French|Italian|Romansh,2026-07-20,http://santossuarez.ch,Fondation Santos-Suarez pour la Recherche Médicale,CH,de|fr|it|rm,ror_record_last_modified,2026-07-20,,2026-07-29T06:56:44+00:00,RemoteDisconnected,unknown,research_funder,https://ror.org/052rz0c16,funder; nonprofit,https://ror.org/052rz0c16,Active organization classified as a funder in ROR; verify each call's external eligibility before applying.
scnat.ch,Switzerland,German|French|Italian|Romansh,2026-07-20,https://scnat.ch/en/scnat/strategic_organs,Georges and Antoine Claraz Foundation,CH,de|fr|it|rm,ror_record_last_modified,2026-07-20,,2026-07-29T06:56:44+00:00,URLError,unknown,research_funder,https://ror.org/04zfncw04,funder; nonprofit,https://ror.org/04zfncw04,Active organization classified as a funder in ROR; verify each call's external eligibility before applying.
jonasfoundation.org,Switzerland,German|French|Italian|Romansh,2026-07-20,https://www.jonasfoundation.org,Jonas Foundation,CH,de|fr|it|rm,ror_record_last_modified,2026-07-20,,2026-07-29T06:56:45+00:00,URLError,unknown,research_funder,https://ror.org/0378b7p36,funder; nonprofit,https://ror.org/0378b7p36,Active organization classified as a funder in ROR; verify each call's external eligibility before applying.
ksa.ch,Switzerland,German|French|Italian|Romansh,2026-07-20,https://www.ksa.ch/1440.asp,Kantonsspital Aarau,CH,de|fr|it|rm,ror_record_last_modified,2026-07-20,,2026-07-29T06:56:45+00:00,URLError,unknown,research_funder,https://ror.org/056tb3809,funder; healthcare,https://ror.org/056tb3809,Active organization classified as a funder in ROR; verify each call's external eligibility before applying.
lightforsight.org,Switzerland,German|French|Italian|Romansh,2026-07-20,https://lightforsight.org,Light for Sight Foundation,CH,de|fr|it|rm,ror_record_last_modified,2026-07-20,,2026-07-29T06:56:45+00:00,URLError,unknown,research_funder,https://ror.org/02h84r291,funder; nonprofit,https://ror.org/02h84r291,Active organization classified as a funder in ROR; verify each call's external eligibility before applying.
loro.ch,Switzerland,German|French|Italian|Romansh,2026-07-20,https://loro.ch,Loterie Romande,CH,de|fr|it|rm,ror_record_last_modified,2026-07-20,,2026-07-29T06:56:45+00:00,URLError,unknown,research_funder,https://ror.org/01nccq005,funder; other,https://ror.org/01nccq005,Active organization classified as a funder in ROR; verify each call's external eligibility before applying.
lahs-stiftung.ch,Switzerland,German|French|Italian|Romansh,2026-07-20,https://www.lahs-stiftung.ch,Lotte und Adolf Hotz-Sprenger Stiftung,CH,de|fr|it|rm,ror_record_last_modified,2026-07-20,,2026-07-29T06:56:45+00:00,URLError,unknown,research_funder,https://ror.org/04eneqs42,funder; nonprofit,https://ror.org/04eneqs42,Active organization classified as a funder in ROR; verify each call's external eligibility before applying.
medacta.com,Switzerland,German|French|Italian|Romansh,2026-07-20,https://www.medacta.com/,Medacta International (Switzerland),CH,de|fr|it|rm,ror_record_last_modified,2026-07-20,,2026-07-29T06:56:45+00:00,URLError,unknown,research_funder,https://ror.org/00qc6xh17,company; funder,https://ror.org/00qc6xh17,Active organization classified as a funder in ROR; verify each call's external eligibility before applying.
merckgroup.com,Switzerland,German|French|Italian|Romansh,2026-07-20,https://www.merckgroup.com,Merck and Cie Schaffhausen (Switzerland),CH,de|fr|it|rm,ror_record_last_modified,2026-07-20,,2026-07-29T06:56:45+00:00,URLError,unknown,research_funder,https://ror.org/02rmxe051,company; funder,https://ror.org/02rmxe051,Active organization classified as a funder in ROR; verify each call's external eligibility before applying.
nestle.ch,Switzerland,German|French|Italian|Romansh,2026-07-20,http://www.nestle.ch/,Nestlé (Switzerland),CH,de|fr|it|rm,ror_record_last_modified,2026-07-20,,2026-07-29T06:56:45+00:00,RemoteDisconnected,unknown,research_funder,https://ror.org/01v5xwf23,company; funder,https://ror.org/01v5xwf23,Active organization classified as a funder in ROR; verify each call's external eligibility before applying.
ompharma.com,Switzerland,German|French|Italian|Romansh,2026-07-20,https://www.ompharma.com,OM Pharma (Switzerland),CH,de|fr|it|rm,ror_record_last_modified,2026-07-20,,2026-07-29T06:56:45+00:00,URLError,unknown,research_funder,https://ror.org/056qkrw64,company; funder,https://ror.org/056qkrw64,Active organization classified as a funder in ROR; verify each call's external eligibility before applying.
parrotia-stiftung.ch,Switzerland,German|French|Italian|Romansh,2026-07-20,http://parrotia-stiftung.ch,Parrotia-Stiftung,CH,de|fr|it|rm,ror_record_last_modified,2026-07-20,,2026-07-29T06:56:45+00:00,RemoteDisconnected,unknown,research_funder,https://ror.org/05y9j8s98,funder; nonprofit,https://ror.org/05y9j8s98,Active organization classified as a funder in ROR; verify each call's external eligibility before applying.
psi.ch,Switzerland,German|French|Italian|Romansh,2026-07-20,http://www.psi.ch/,Paul Scherrer Institute,CH,de|fr|it|rm,ror_record_last_modified,2026-07-20,,2026-07-29T06:56:45+00:00,RemoteDisconnected,unknown,research_funder,https://ror.org/03eh3y714,facility; funder,https://ror.org/03eh3y714,Active organization classified as a funder in ROR; verify each call's external eligibility before applying.
paul-schiller-stiftung.ch,Switzerland,German|French|Italian|Romansh,2026-07-20,https://paul-schiller-stiftung.ch,Paul Schiller Stiftung,CH,de|fr|it|rm,ror_record_last_modified,2026-07-20,,2026-07-29T06:56:45+00:00,URLError,unknown,research_funder,https://ror.org/01f39h398,funder; nonprofit,https://ror.org/01f39h398,Active organization classified as a funder in ROR; verify each call's external eligibility before applying.
pictet.com,Switzerland,German|French|Italian|Romansh,2026-07-20,https://www.pictet.com/ch/en/sustainability-responsibility/pictet-group-foundation,Pictet Group Foundation,CH,de|fr|it|rm,ror_record_last_modified,2026-07-20,,2026-07-29T06:56:45+00:00,URLError,unknown,research_funder,https://ror.org/001ngbe46,funder; nonprofit,https://ror.org/001ngbe46,Active organization classified as a funder in ROR; verify each call's external eligibility before applying.
scoap3.org,Switzerland,German|French|Italian|Romansh,2026-07-20,https://scoap3.org,SCOAP3,CH,de|fr|it|rm,ror_record_last_modified,2026-07-20,,2026-07-29T06:56:44+00:00,URLError,unknown,research_funder,https://ror.org/012fftw39,funder; nonprofit,https://ror.org/012fftw39,Active organization classified as a funder in ROR; verify each call's external eligibility before applying.
sandoz.com,Switzerland,German|French|Italian|Romansh,2026-07-20,https://www.sandoz.com,Sandoz Group AG (Switzerland),CH,de|fr|it|rm,ror_record_last_modified,2026-07-20,,2026-07-29T06:56:44+00:00,URLError,unknown,research_funder,https://ror.org/02rse7p59,company; funder,https://ror.org/02rse7p59,Active organization classified as a funder in ROR; verify each call's external eligibility before applying.
seronosymposia.org,Switzerland,German|French|Italian|Romansh,2026-07-20,http://www.seronosymposia.org,Serono Symposia International Foundation,CH,de|fr|it|rm,ror_record_last_modified,2026-07-20,,2026-07-29T06:56:44+00:00,RemoteDisconnected,unknown,research_funder,https://ror.org/015aycs93,funder; nonprofit,https://ror.org/015aycs93,Active organization classified as a funder in ROR; verify each call's external eligibility before applying.
sig-ge.ch,Switzerland,German|French|Italian|Romansh,2026-07-20,https://ww2.sig-ge.ch,Services Industriels de Genève (Switzerland),CH,de|fr|it|rm,ror_record_last_modified,2026-07-20,,2026-07-29T06:56:44+00:00,URLError,unknown,research_funder,https://ror.org/053c2dj66,company; funder,https://ror.org/053c2dj66,Active organization classified as a funder in ROR; verify each call's external eligibility before applying.
sintetica.ch,Switzerland,German|French|Italian|Romansh,2026-07-20,http://www.sintetica.ch/,Sintetica (Switzerland),CH,de|fr|it|rm,ror_record_last_modified,2026-07-20,,2026-07-29T06:56:44+00:00,RemoteDisconnected,unknown,research_funder,https://ror.org/0023ccp69,company; funder,https://ror.org/0023ccp69,Active organization classified as a funder in ROR; verify each call's external eligibility before applying.
staubkaiserstiftung.ch,Switzerland,German|French|Italian|Romansh,2026-07-20,https://www.staubkaiserstiftung.ch,Staub Kaiser Stiftung,CH,de|fr|it|rm,ror_record_last_modified,2026-07-20,,2026-07-29T06:56:44+00:00,URLError,unknown,research_funder,https://ror.org/04svtft56,funder; nonprofit,https://ror.org/04svtft56,Active organization classified as a funder in ROR; verify each call's external eligibility before applying.
stiftungfhnw.ch,Switzerland,German|French|Italian|Romansh,2026-07-20,https://www.stiftungfhnw.ch,Stiftung FHNW,CH,de|fr|it|rm,ror_record_last_modified,2026-07-20,,2026-07-29T06:56:44+00:00,URLError,unknown,research_funder,https://ror.org/05667pn42,funder; nonprofit,https://ror.org/05667pn42,Active organization classified as a funder in ROR; verify each call's external eligibility before applying.
temperatio.ch,Switzerland,German|French|Italian|Romansh,2026-07-20,https://temperatio.ch,Stiftung Temperatio,CH,de|fr|it|rm,ror_record_last_modified,2026-07-20,,2026-07-29T06:56:44+00:00,URLError,unknown,research_funder,https://ror.org/044hm4j06,funder; nonprofit,https://ror.org/044hm4j06,Active organization classified as a funder in ROR; verify each call's external eligibility before applying.
sumitomo-pharma.com,Switzerland,German|French|Italian|Romansh,2026-07-20,https://ch.sumitomo-pharma.com,Sumitomo Pharma Switzerland GmbH (Switzerland),CH,de|fr|it|rm,ror_record_last_modified,2026-07-20,,2026-07-29T06:56:44+00:00,URLError,unknown,research_funder,https://ror.org/05x9c5966,company; funder,https://ror.org/05x9c5966,Active organization classified as a funder in ROR; verify each call's external eligibility before applying.
sfefs.ch,Switzerland,German|French|Italian|Romansh,2026-07-20,https://www.sfefs.ch,Swiss Foundation for Nutrition Research,CH,de|fr|it|rm,ror_record_last_modified,2026-07-20,,2026-07-29T06:56:44+00:00,URLError,unknown,research_funder,https://ror.org/04qf2pd80,funder; nonprofit,https://ror.org/04qf2pd80,Active organization classified as a funder in ROR; verify each call's external eligibility before applying.
siwf.ch,Switzerland,German|French|Italian|Romansh,2026-07-20,https://www.siwf.ch,Swiss Institute for Postgraduate and Continuing Medical Education,CH,de|fr|it|rm,ror_record_last_modified,2026-07-20,,2026-07-29T06:56:44+00:00,URLError,unknown,research_funder,https://ror.org/055xvvg22,funder; other,https://ror.org/055xvvg22,Active organization classified as a funder in ROR; verify each call's external eligibility before applying.
swisslung.org,Switzerland,German|French|Italian|Romansh,2026-07-20,https://swisslung.org,Swiss Lung Foundation,CH,de|fr|it|rm,ror_record_last_modified,2026-07-20,,2026-07-29T06:56:44+00:00,URLError,unknown,research_funder,https://ror.org/04gm1p580,funder; nonprofit,https://ror.org/04gm1p580,Active organization classified as a funder in ROR; verify each call's external eligibility before applying.
vogelwarte.ch,Switzerland,German|French|Italian|Romansh,2026-07-20,https://www.vogelwarte.ch,Swiss Ornithological Institute,CH,de|fr|it|rm,ror_record_last_modified,2026-07-20,,2026-07-29T06:55:47+00:00,URLError,unknown,research_funder,https://ror.org/03mcsbr76,funder; nonprofit,https://ror.org/03mcsbr76,Active organization classified as a funder in ROR; verify each call's external eligibility before applying.
paraplegie.ch,Switzerland,German|French|Italian|Romansh,2026-07-20,https://www.paraplegie.ch/sps/en/,Swiss Paraplegic Foundation,CH,de|fr|it|rm,ror_record_last_modified,2026-07-20,,2026-07-29T06:56:45+00:00,URLError,unknown,research_funder,https://ror.org/03a5vha87,funder; nonprofit,https://ror.org/03a5vha87,Active organization classified as a funder in ROR; verify each call's external eligibility before applying.
ssphplus.ch,Switzerland,German|French|Italian|Romansh,2026-07-20,http://www.ssphplus.ch/sharepoint/startseite_en.html,Swiss School of Public Health,CH,de|fr|it|rm,ror_record_last_modified,2026-07-20,,2026-07-29T06:56:44+00:00,RemoteDisconnected,unknown,research_funder,https://ror.org/01czqbr06,education; funder,https://ror.org/01czqbr06,Active organization classified as a funder in ROR; verify each call's external eligibility before applying.
unitaid.org,Switzerland,German|French|Italian|Romansh,2026-07-20,https://unitaid.org/,Unitaid,CH,de|fr|it|rm,ror_record_last_modified,2026-07-20,,2026-07-29T06:56:27+00:00,URLError,unknown,research_funder,https://ror.org/05t99je22,funder; government,https://ror.org/05t99je22,Active organization classified as a funder in ROR; verify each call's external eligibility before applying.
unctad.org,Switzerland,German|French|Italian|Romansh,2026-07-20,https://unctad.org,United Nations Conference on Trade and Development,CH,de|fr|it|rm,ror_record_last_modified,2026-07-20,,2026-07-29T06:56:43+00:00,URLError,unknown,research_funder,https://ror.org/01tt7eg66,funder; government,https://ror.org/01tt7eg66,Active organization classified as a funder in ROR; verify each call's external eligibility before applying.
uzh.ch,Switzerland,German|French|Italian|Romansh,2026-07-20,https://www.kispi.uzh.ch/,University Children's Hospital Zurich,CH,de|fr|it|rm,ror_record_last_modified,2026-07-20,,2026-07-29T06:56:03+00:00,URLError,unknown,research_funder,https://ror.org/035vb3h42,funder; healthcare,https://ror.org/035vb3h42,Active organization classified as a funder in ROR; verify each call's external eligibility before applying.
unige.ch,Switzerland,German|French|Italian|Romansh,2026-07-20,https://www.unige.ch/,University of Geneva,CH,de|fr|it|rm,ror_record_last_modified,2026-07-20,,2026-07-29T06:56:43+00:00,URLError,unknown,research_funder,https://ror.org/01swzsf04,education; funder,https://ror.org/01swzsf04,Active organization classified as a funder in ROR; verify each call's external eligibility before applying.
unil.ch,Switzerland,German|French|Italian|Romansh,2026-07-20,https://www.unil.ch,University of Lausanne,CH,de|fr|it|rm,ror_record_last_modified,2026-07-20,,2026-07-29T06:56:35+00:00,URLError,unknown,research_funder,https://ror.org/019whta54,education; funder,https://ror.org/019whta54,Active organization classified as a funder in ROR; verify each call's external eligibility before applying.
usi.ch,Switzerland,German|French|Italian|Romansh,2026-07-20,https://www.usi.ch,Università della Svizzera italiana,CH,de|fr|it|rm,ror_record_last_modified,2026-07-20,,2026-07-29T06:56:17+00:00,URLError,unknown,research_funder,https://ror.org/03c4atk17,education; funder,https://ror.org/03c4atk17,Active organization classified as a funder in ROR; verify each call's external eligibility before applying.
weleda.ch,Switzerland,German|French|Italian|Romansh,2026-07-20,https://www.weleda.ch/,Weleda (Switzerland),CH,de|fr|it|rm,ror_record_last_modified,2026-07-20,,2026-07-29T06:55:31+00:00,URLError,unknown,research_funder,https://ror.org/04ppvf629,company; funder,https://ror.org/04ppvf629,Active organization classified as a funder in ROR; verify each call's external eligibility before applying.
krebskrankheiten.ch,Switzerland,German|French|Italian|Romansh,2026-07-20,https://www.krebskrankheiten.ch,Werner and Hedy Berger-Janser Foundation for Cancer Research,CH,de|fr|it|rm,ror_record_last_modified,2026-07-20,,2026-07-29T06:56:45+00:00,URLError,unknown,research_funder,https://ror.org/048b86g10,funder; nonprofit,https://ror.org/048b86g10,Active organization classified as a funder in ROR; verify each call's external eligibility before applying.
worldsclerofound.org,Switzerland,German|French|Italian|Romansh,2026-07-20,https://worldsclerofound.org,World Scleroderma Foundation,CH,de|fr|it|rm,ror_record_last_modified,2026-07-20,,2026-07-29T06:55:15+00:00,URLError,unknown,research_funder,https://ror.org/02nasqw41,funder; nonprofit,https://ror.org/02nasqw41,Active organization classified as a funder in ROR; verify each call's external eligibility before applying.
rehab.ch,Switzerland,German|French|Italian|Romansh,2026-07-20,https://www.rehab.ch/en/supporting-rehab/pro-rehab-basel-foundation,pro REHAB Basel Foundation,CH,de|fr|it|rm,ror_record_last_modified,2026-07-20,,2026-07-29T06:56:44+00:00,URLError,unknown,research_funder,https://ror.org/02d7x3c82,funder; nonprofit,https://ror.org/02d7x3c82,Active organization classified as a funder in ROR; verify each call's external eligibility before applying.
stimuleringsfonds.nl,The Netherlands,Dutch,2026-07-20,https://www.stimuleringsfonds.nl,Creative Industries Fund NL,NL,nl,ror_record_last_modified,2026-07-20,,2026-07-29T06:56:35+00:00,URLError,unknown,research_funder,https://ror.org/01c343s09,funder; nonprofit,https://ror.org/01c343s09,Active organization classified as a funder in ROR; verify each call's external eligibility before applying.
polymers.nl,The Netherlands,Dutch,2026-07-20,http://www.polymers.nl/,Dutch Polymer Institute,NL,nl,ror_record_last_modified,2026-07-20,,2026-07-29T06:56:44+00:00,ConnectionResetError,unknown,research_funder,https://ror.org/01m71fs94,facility; funder,https://ror.org/01m71fs94,Active organization classified as a funder in ROR; verify each call's external eligibility before applying.
nwo.nl,The Netherlands,Dutch,2026-07-20,https://www.nwo.nl,Dutch Research Council,NL,nl,ror_record_last_modified,2026-07-20,,2026-07-29T06:56:44+00:00,URLError,unknown,research_funder,https://ror.org/04jsz6e67,funder; government,https://ror.org/04jsz6e67,Active organization classified as a funder in ROR; verify each call's external eligibility before applying.
nvkc.nl,The Netherlands,Dutch,2026-07-20,https://www.nvkc.nl/over-nvkc/e-c-noyons-stichting,E.C. Noyons Stichting,NL,nl,ror_record_last_modified,2026-07-20,,2026-07-29T06:56:44+00:00,URLError,unknown,research_funder,https://ror.org/02pwxx534,funder; nonprofit,https://ror.org/02pwxx534,Active organization classified as a funder in ROR; verify each call's external eligibility before applying.
esid.org,The Netherlands,Dutch,2026-07-20,https://esid.org,European Society for Immunodeficiencies,NL,nl,ror_record_last_modified,2026-07-20,,2026-07-29T06:56:45+00:00,URLError,unknown,research_funder,https://ror.org/00qr00h56,funder; nonprofit,https://ror.org/00qr00h56,Active organization classified as a funder in ROR; verify each call's external eligibility before applying.
escpweb.org,The Netherlands,Dutch,2026-07-20,https://escpweb.org,European Society of Clinical Pharmacy,NL,nl,ror_record_last_modified,2026-07-20,,2026-07-29T06:56:45+00:00,URLError,unknown,research_funder,https://ror.org/01286vn74,funder; nonprofit,https://ror.org/01286vn74,Active organization classified as a funder in ROR; verify each call's external eligibility before applying.
ggzbreburg.nl,The Netherlands,Dutch,2026-07-20,https://ggzbreburg.nl,GGz Breburg,NL,nl,ror_record_last_modified,2026-07-20,,2026-07-29T06:56:45+00:00,URLError,unknown,research_funder,https://ror.org/02b9h9j24,funder; other,https://ror.org/02b9h9j24,Active organization classified as a funder in ROR; verify each call's external eligibility before applying.
gelreziekenhuizen.nl,The Netherlands,Dutch,2026-07-20,https://www.gelreziekenhuizen.nl/Gelreziekenhuizen,Gelre Hospitals,NL,nl,ror_record_last_modified,2026-07-20,,2026-07-29T06:56:45+00:00,URLError,unknown,research_funder,https://ror.org/05275vm15,funder; healthcare,https://ror.org/05275vm15,Active organization classified as a funder in ROR; verify each call's external eligibility before applying.
rug.nl,The Netherlands,Dutch,2026-07-20,https://www.rug.nl/alumni/support-research-and-education/groninger-university-fund/,Groningen University Fund,NL,nl,ror_record_last_modified,2026-07-20,,2026-07-29T06:56:43+00:00,URLError,unknown,research_funder,https://ror.org/01301ch43,funder; nonprofit,https://ror.org/01301ch43,Active organization classified as a funder in ROR; verify each call's external eligibility before applying.
hartwigmedicalfoundation.nl,The Netherlands,Dutch,2026-07-20,https://www.hartwigmedicalfoundation.nl/,Hartwig Medical Foundation,NL,nl,ror_record_last_modified,2026-07-20,,2026-07-29T06:56:45+00:00,URLError,unknown,research_funder,https://ror.org/0428k0n93,funder; healthcare,https://ror.org/0428k0n93,Active organization classified as a funder in ROR; verify each call's external eligibility before applying.
iss.nl,The Netherlands,Dutch,2026-07-20,https://www.iss.nl,International Institute of Social Studies,NL,nl,ror_record_last_modified,2026-07-20,,2026-07-29T06:56:45+00:00,URLError,unknown,research_funder,https://ror.org/059fp9t53,education; funder,https://ror.org/059fp9t53,Active organization classified as a funder in ROR; verify each call's external eligibility before applying.
ipsen.nl,The Netherlands,Dutch,2026-07-20,http://www.ipsen.nl/,Ipsen (Netherlands),NL,nl,ror_record_last_modified,2026-07-20,,2026-07-29T06:56:45+00:00,RemoteDisconnected,unknown,research_funder,https://ror.org/026jmga48,company; funder,https://ror.org/026jmga48,Active organization classified as a funder in ROR; verify each call's external eligibility before applying.
healthydietforhealthylife.eu,The Netherlands,Dutch,2026-07-20,https://www.healthydietforhealthylife.eu,Joint Programming Initiative A Healthy Diet for a Healthy Life (JPI HDHL),NL,nl,ror_record_last_modified,2026-07-20,,2026-07-29T06:56:45+00:00,URLError,unknown,research_funder,https://ror.org/015zqm698,funder; other,https://ror.org/015zqm698,Active organization classified as a funder in ROR; verify each call's external eligibility before applying.
lavatherapeutics.com,The Netherlands,Dutch,2026-07-20,https://lavatherapeutics.com/,Lava Therapeutics (Netherlands),NL,nl,ror_record_last_modified,2026-07-20,,2026-07-29T06:56:45+00:00,URLError,unknown,research_funder,https://ror.org/051k25d02,company; funder,https://ror.org/051k25d02,Active organization classified as a funder in ROR; verify each call's external eligibility before applying.
leprosyresearch.org,The Netherlands,Dutch,2026-07-20,https://leprosyresearch.org,Leprosy Research Initiative,NL,nl,ror_record_last_modified,2026-07-20,,2026-07-29T06:56:45+00:00,URLError,unknown,research_funder,https://ror.org/030m3dc08,funder; nonprofit,https://ror.org/030m3dc08,Active organization classified as a funder in ROR; verify each call's external eligibility before applying.
maastrichtuniversity.nl,The Netherlands,Dutch,2026-07-20,https://www.maastrichtuniversity.nl,Maastricht University,NL,nl,ror_record_last_modified,2026-07-20,,2026-07-29T06:56:45+00:00,URLError,unknown,research_funder,https://ror.org/02jz4aj89,education; funder,https://ror.org/02jz4aj89,Active organization classified as a funder in ROR; verify each call's external eligibility before applying.
nlnet.nl,The Netherlands,Dutch,2026-07-20,https://nlnet.nl,NLnet Foundation,NL,nl,ror_record_last_modified,2026-07-20,,2026-07-29T06:56:45+00:00,URLError,unknown,research_funder,https://ror.org/01s710549,funder; nonprofit,https://ror.org/01s710549,Active organization classified as a funder in ROR; verify each call's external eligibility before applying.
oogheelkunde.org,The Netherlands,Dutch,2026-07-20,https://www.oogheelkunde.org/,Nederlands Oogheelkundig Onderzoek,NL,nl,ror_record_last_modified,2026-07-20,,2026-07-29T06:56:44+00:00,URLError,unknown,research_funder,https://ror.org/05yas2736,funder; other,https://ror.org/05yas2736,Active organization classified as a funder in ROR; verify each call's external eligibility before applying.
nam.nl,The Netherlands,Dutch,2026-07-20,https://www.nam.nl,Nederlandse Aardolie Maatschappij (Netherlands),NL,nl,ror_record_last_modified,2026-07-20,,2026-07-29T06:56:45+00:00,URLError,unknown,research_funder,https://ror.org/05ygvx278,company; funder,https://ror.org/05ygvx278,Active organization classified as a funder in ROR; verify each call's external eligibility before applying.
newamsterdampharma.com,The Netherlands,Dutch,2026-07-20,https://www.newamsterdampharma.com,NewAmsterdam Pharma (Netherlands),NL,nl,ror_record_last_modified,2026-07-20,,2026-07-29T06:56:45+00:00,URLError,unknown,research_funder,https://ror.org/03jdnwh76,company; funder,https://ror.org/03jdnwh76,Active organization classified as a funder in ROR; verify each call's external eligibility before applying.
noordelijkecarastichting.nl,The Netherlands,Dutch,2026-07-20,https://www.noordelijkecarastichting.nl,Noordelijke Cara Stichting,NL,nl,ror_record_last_modified,2026-07-20,,2026-07-29T06:56:45+00:00,URLError,unknown,research_funder,https://ror.org/038r11s62,funder; nonprofit,https://ror.org/038r11s62,Active organization classified as a funder in ROR; verify each call's external eligibility before applying.
norgine.com,The Netherlands,Dutch,2026-07-20,https://www.norgine.com/,Norgine (Netherlands),NL,nl,ror_record_last_modified,2026-07-20,,2026-07-29T06:56:45+00:00,URLError,unknown,research_funder,https://ror.org/02vt89g81,company; funder,https://ror.org/02vt89g81,Active organization classified as a funder in ROR; verify each call's external eligibility before applying.
plnheart.org,The Netherlands,Dutch,2026-07-20,https://plnheart.org,PLN Foundation,NL,nl,ror_record_last_modified,2026-07-20,,2026-07-29T06:56:44+00:00,URLError,unknown,research_funder,https://ror.org/02xkfvq82,funder; nonprofit,https://ror.org/02xkfvq82,Active organization classified as a funder in ROR; verify each call's external eligibility before applying.
pharming.com,The Netherlands,Dutch,2026-07-20,https://www.pharming.com/,Pharming Group (Netherlands),NL,nl,ror_record_last_modified,2026-07-20,,2026-07-29T06:56:44+00:00,URLError,unknown,research_funder,https://ror.org/0233s3730,company; funder,https://ror.org/0233s3730,Active organization classified as a funder in ROR; verify each call's external eligibility before applying.
philips.nl,The Netherlands,Dutch,2026-07-20,https://www.philips.nl,Philips (Netherlands),NL,nl,ror_record_last_modified,2026-07-20,,2026-07-29T06:56:44+00:00,URLError,unknown,research_funder,https://ror.org/02p2bgp27,company; funder,https://ror.org/02p2bgp27,Active organization classified as a funder in ROR; verify each call's external eligibility before applying.
prinsesmaximacentrum.nl,The Netherlands,Dutch,2026-07-20,https://www.prinsesmaximacentrum.nl,Princess Máxima Center,NL,nl,ror_record_last_modified,2026-07-20,,2026-07-29T06:56:44+00:00,URLError,unknown,research_funder,https://ror.org/02aj7yc53,funder; healthcare,https://ror.org/02aj7yc53,Active organization classified as a funder in ROR; verify each call's external eligibility before applying.
rabobank.com,The Netherlands,Dutch,2026-07-20,https://www.rabobank.com/about-us/rabo-foundation,Rabobank Foundation,NL,nl,ror_record_last_modified,2026-07-20,,2026-07-29T06:56:44+00:00,URLError,unknown,research_funder,https://ror.org/01r11vf31,funder; nonprofit,https://ror.org/01r11vf31,Active organization classified as a funder in ROR; verify each call's external eligibility before applying.
renevogelsstichting.nl,The Netherlands,Dutch,2026-07-20,https://www.renevogelsstichting.nl,René Vogels Stichting,NL,nl,ror_record_last_modified,2026-07-20,,2026-07-29T06:56:44+00:00,URLError,unknown,research_funder,https://ror.org/055rbwr90,funder; nonprofit,https://ror.org/055rbwr90,Active organization classified as a funder in ROR; verify each call's external eligibility before applying.
roche.nl,The Netherlands,Dutch,2026-07-20,https://www.roche.nl/,Roche (Netherlands),NL,nl,ror_record_last_modified,2026-07-20,,2026-07-29T06:56:44+00:00,URLError,unknown,research_funder,https://ror.org/01gcg9888,company; funder,https://ror.org/01gcg9888,Active organization classified as a funder in ROR; verify each call's external eligibility before applying.
rotterdamuas.com,The Netherlands,Dutch,2026-07-20,http://www.rotterdamuas.com/,Rotterdam University of Applied Sciences,NL,nl,ror_record_last_modified,2026-07-20,,2026-07-29T06:56:44+00:00,ConnectionResetError,unknown,research_funder,https://ror.org/0481e1q24,education; funder,https://ror.org/0481e1q24,Active organization classified as a funder in ROR; verify each call's external eligibility before applying.
royalhaskoningdhv.com,The Netherlands,Dutch,2026-07-20,https://www.royalhaskoningdhv.com/,Royal HaskoningDHV (Netherlands),NL,nl,ror_record_last_modified,2026-07-20,,2026-07-29T06:56:44+00:00,URLError,unknown,research_funder,https://ror.org/020v32r42,company; funder,https://ror.org/020v32r42,Active organization classified as a funder in ROR; verify each call's external eligibility before applying.
signify.com,The Netherlands,Dutch,2026-07-20,https://www.signify.com/en-us,Signify (Netherlands),NL,nl,ror_record_last_modified,2026-07-20,,2026-07-29T06:56:43+00:00,URLError,unknown,research_funder,https://ror.org/0532vdr17,company; funder,https://ror.org/0532vdr17,Active organization classified as a funder in ROR; verify each call's external eligibility before applying.
spaarnegasthuis.nl,The Netherlands,Dutch,2026-07-20,https://spaarnegasthuis.nl/,Spaarne Gasthuis,NL,nl,ror_record_last_modified,2026-07-20,,2026-07-29T06:56:43+00:00,URLError,unknown,research_funder,https://ror.org/05d7whc82,funder; healthcare,https://ror.org/05d7whc82,Active organization classified as a funder in ROR; verify each call's external eligibility before applying.
oogcontactamsterdam.nl,The Netherlands,Dutch,2026-07-20,https://www.oogcontactamsterdam.nl/stichtingen/,Stichting Blinden-Penning,NL,nl,ror_record_last_modified,2026-07-20,,2026-07-29T06:56:44+00:00,URLError,unknown,research_funder,https://ror.org/0236wrw52,funder; nonprofit,https://ror.org/0236wrw52,Active organization classified as a funder in ROR; verify each call's external eligibility before applying.
fulbright.nl,The Netherlands,Dutch,2026-07-20,https://fulbright.nl,Stichting Fulbright Commission the Netherlands,NL,nl,ror_record_last_modified,2026-07-20,,2026-07-29T06:56:45+00:00,URLError,unknown,research_funder,https://ror.org/01v9wcq70,funder; nonprofit,https://ror.org/01v9wcq70,Active organization classified as a funder in ROR; verify each call's external eligibility before applying.
rcoak.nl,The Netherlands,Dutch,2026-07-20,https://rcoak.nl/,Stichting Roomsch Catholyk Oude Armen kantoor,NL,nl,ror_record_last_modified,2026-07-20,,2026-07-29T06:56:44+00:00,URLError,unknown,research_funder,https://ror.org/05xzd4n85,funder; other,https://ror.org/05xzd4n85,Active organization classified as a funder in ROR; verify each call's external eligibility before applying.
swoo-flieringa.nl,The Netherlands,Dutch,2026-07-20,http://www.swoo-flieringa.nl/,Stichting Wetenschappelijk Onderzoek het Oogziekenhuis,NL,nl,ror_record_last_modified,2026-07-20,,2026-07-29T06:56:27+00:00,TimeoutError,unknown,research_funder,https://ror.org/02kctrc72,funder; other,https://ror.org/02kctrc72,Active organization classified as a funder in ROR; verify each call's external eligibility before applying.
oogziekenhuis.nl,The Netherlands,Dutch,2026-07-20,https://www.oogziekenhuis.nl/stichting-voor-ooglijders,Stichting voor Ooglijders,NL,nl,ror_record_last_modified,2026-07-20,,2026-07-29T06:56:44+00:00,URLError,unknown,research_funder,https://ror.org/04c7hd841,funder; nonprofit,https://ror.org/04c7hd841,Active organization classified as a funder in ROR; verify each call's external eligibility before applying.
regieorgaan-sia.nl,The Netherlands,Dutch,2026-07-20,http://www.regieorgaan-sia.nl/,Taskforce for Applied Research,NL,nl,ror_record_last_modified,2026-07-20,,2026-07-29T06:56:44+00:00,RemoteDisconnected,unknown,research_funder,https://ror.org/03r6vqn56,funder; other,https://ror.org/03r6vqn56,Active organization classified as a funder in ROR; verify each call's external eligibility before applying.
tyrosinemiafoundation.org,The Netherlands,Dutch,2026-07-20,https://tyrosinemiafoundation.org,Tyrosinemia Foundation,NL,nl,ror_record_last_modified,2026-07-20,,2026-07-29T06:56:11+00:00,URLError,unknown,research_funder,https://ror.org/03ggnrn64,funder; nonprofit,https://ror.org/03ggnrn64,Active organization classified as a funder in ROR; verify each call's external eligibility before applying.
utwente.nl,The Netherlands,Dutch,2026-07-20,https://www.utwente.nl,University of Twente,NL,nl,ror_record_last_modified,2026-07-20,,2026-07-29T06:55:58+00:00,URLError,unknown,research_funder,https://ror.org/006hf6230,education; funder,https://ror.org/006hf6230,Active organization classified as a funder in ROR; verify each call's external eligibility before applying.
viecuri.nl,The Netherlands,Dutch,2026-07-20,https://www.viecuri.nl,VieCuri Medisch Centrum,NL,nl,ror_record_last_modified,2026-07-20,,2026-07-29T06:55:47+00:00,URLError,unknown,research_funder,https://ror.org/02kjpb485,funder; healthcare,https://ror.org/02kjpb485,Active organization classified as a funder in ROR; verify each call's external eligibility before applying.
wur.nl,The Netherlands,Dutch,2026-07-20,https://www.wur.nl/,Wageningen University & Research,NL,nl,ror_record_last_modified,2026-07-20,,2026-07-29T06:55:31+00:00,URLError,unknown,research_funder,https://ror.org/04qw24q55,education; funder,https://ror.org/04qw24q55,Active organization classified as a funder in ROR; verify each call's external eligibility before applying.
zn.nl,The Netherlands,Dutch,2026-07-20,https://www.zn.nl/1483931648/About-ZN,Zorgverzekeraars Nederland,NL,nl,ror_record_last_modified,2026-07-20,,2026-07-29T06:55:07+00:00,URLError,unknown,research_funder,https://ror.org/042v6ch48,funder; other,https://ror.org/042v6ch48,Active organization classified as a funder in ROR; verify each call's external eligibility before applying.
aguv.org.tr,Türkiye,Turkish,2026-07-20,https://www.aguv.org.tr,Abdullah Gül University Foundation,TR,tr,ror_record_last_modified,2026-07-20,,2026-07-29T06:56:44+00:00,URLError,unknown,research_funder,https://ror.org/05vxv7p73,funder; nonprofit,https://ror.org/05vxv7p73,Active organization classified as a funder in ROR; verify each call's external eligibility before applying.
acibadem.edu.tr,Türkiye,Turkish,2026-07-20,https://www.acibadem.edu.tr,Acıbadem University,TR,tr,ror_record_last_modified,2026-07-20,,2026-07-29T06:56:44+00:00,URLError,unknown,research_funder,https://ror.org/01rp2a061,education; funder,https://ror.org/01rp2a061,Active organization classified as a funder in ROR; verify each call's external eligibility before applying.
adanabtu.edu.tr,Türkiye,Turkish,2026-07-20,http://www.adanabtu.edu.tr/eng/,Adana Science and Technology University,TR,tr,ror_record_last_modified,2026-07-20,,2026-07-29T06:56:44+00:00,RemoteDisconnected,unknown,research_funder,https://ror.org/013z3yn41,education; funder,https://ror.org/013z3yn41,Active organization classified as a funder in ROR; verify each call's external eligibility before applying.
adiyaman.edu.tr,Türkiye,Turkish,2026-07-20,https://adiyaman.edu.tr,Adıyaman University,TR,tr,ror_record_last_modified,2026-07-20,,2026-07-29T06:56:44+00:00,URLError,unknown,research_funder,https://ror.org/02s4gkg68,education; funder,https://ror.org/02s4gkg68,Active organization classified as a funder in ROR; verify each call's external eligibility before applying.
alanya.edu.tr,Türkiye,Turkish,2026-07-20,https://www.alanya.edu.tr,Alanya Alaaddin Keykubat Üniversitesi,TR,tr,ror_record_last_modified,2026-07-20,,2026-07-29T06:56:44+00:00,URLError,unknown,research_funder,https://ror.org/01zxaph45,education; funder,https://ror.org/01zxaph45,Active organization classified as a funder in ROR; verify each call's external eligibility before applying.
ardahan.edu.tr,Türkiye,Turkish,2026-07-20,https://ardahan.edu.tr,Ardahan University,TR,tr,ror_record_last_modified,2026-07-20,,2026-07-29T06:56:44+00:00,URLError,unknown,research_funder,https://ror.org/042ejbk14,education; funder,https://ror.org/042ejbk14,Active organization classified as a funder in ROR; verify each call's external eligibility before applying.
uludag.edu.tr,Türkiye,Turkish,2026-06-02,https://www.uludag.edu.tr,Bursa Uludağ Üni̇versi̇tesi̇,TR,tr,ror_record_last_modified,2026-06-02,,2026-07-29T06:56:45+00:00,URLError,unknown,research_funder,https://ror.org/03tg3eb07,education; funder,https://ror.org/03tg3eb07,Active organization classified as a funder in ROR; verify each call's external eligibility before applying.
yok.gov.tr,Türkiye,Turkish,2026-03-12,http://www.yok.gov.tr/en/web/cohe/homepage,Council of Higher Education,TR,tr,ror_record_last_modified,2026-03-12,,2026-07-29T06:56:45+00:00,RemoteDisconnected,unknown,research_funder,https://ror.org/00j1q0b46,funder; government,https://ror.org/00j1q0b46,Active organization classified as a funder in ROR; verify each call's external eligibility before applying.
ege.edu.tr,Türkiye,Turkish,2026-07-20,https://ege.edu.tr,Ege University,TR,tr,ror_record_last_modified,2026-07-20,,2026-07-29T06:56:44+00:00,URLError,unknown,research_funder,https://ror.org/02eaafc18,education; funder,https://ror.org/02eaafc18,Active organization classified as a funder in ROR; verify each call's external eligibility before applying.
erciyes.edu.tr,Türkiye,Turkish,2026-06-02,https://erciyes.edu.tr,Erciyes University,TR,tr,ror_record_last_modified,2026-06-02,,2026-07-29T06:56:45+00:00,URLError,unknown,research_funder,https://ror.org/047g8vk19,education; funder,https://ror.org/047g8vk19,Active organization classified as a funder in ROR; verify each call's external eligibility before applying.
ebyu.edu.tr,Türkiye,Turkish,2026-02-24,https://ebyu.edu.tr,Erzincan Binali Yıldırım University,TR,tr,ror_record_last_modified,2026-02-24,,2026-07-29T06:56:45+00:00,URLError,unknown,research_funder,https://ror.org/02h1e8605,education; funder,https://ror.org/02h1e8605,Active organization classified as a funder in ROR; verify each call's external eligibility before applying.
fsm.edu.tr,Türkiye,Turkish,2026-07-20,https://www.fsm.edu.tr,Fatih Sultan Mehmet Waqf University,TR,tr,ror_record_last_modified,2026-07-20,,2026-07-29T06:56:44+00:00,URLError,unknown,research_funder,https://ror.org/04mma4681,education; funder,https://ror.org/04mma4681,Active organization classified as a funder in ROR; verify each call's external eligibility before applying.
firat.edu.tr,Türkiye,Turkish,2026-06-02,https://www.firat.edu.tr,Fırat University,TR,tr,ror_record_last_modified,2026-06-02,,2026-07-29T06:56:45+00:00,URLError,unknown,research_funder,https://ror.org/05teb7b63,education; funder,https://ror.org/05teb7b63,Active organization classified as a funder in ROR; verify each call's external eligibility before applying.
gtu.edu.tr,Türkiye,Turkish,2026-06-02,https://www.gtu.edu.tr,Gebze Technical University,TR,tr,ror_record_last_modified,2026-06-02,,2026-07-29T06:56:45+00:00,URLError,unknown,research_funder,https://ror.org/01sdnnq10,education; funder,https://ror.org/01sdnnq10,Active organization classified as a funder in ROR; verify each call's external eligibility before applying.
inonu.edu.tr,Türkiye,Turkish,2026-07-20,https://www.inonu.edu.tr,Inonu University,TR,tr,ror_record_last_modified,2026-07-20,,2026-07-29T06:56:44+00:00,URLError,unknown,research_funder,https://ror.org/04asck240,education; funder,https://ror.org/04asck240,Active organization classified as a funder in ROR; verify each call's external eligibility before applying.
itu.edu.tr,Türkiye,Turkish,2026-06-02,https://www.itu.edu.tr,Istanbul Technical University,TR,tr,ror_record_last_modified,2026-06-02,,2026-07-29T06:56:45+00:00,URLError,unknown,research_funder,https://ror.org/059636586,education; funder,https://ror.org/059636586,Active organization classified as a funder in ROR; verify each call's external eligibility before applying.
ikc.edu.tr,Türkiye,Turkish,2026-07-20,https://ikcu.edu.tr,Izmir Kâtip Çelebi University,TR,tr,ror_record_last_modified,2026-07-20,,2026-07-29T06:56:44+00:00,URLError,unknown,research_funder,https://ror.org/024nx4843,education; funder,https://ror.org/024nx4843,Active organization classified as a funder in ROR; verify each call's external eligibility before applying.
istiklal.edu.tr,Türkiye,Turkish,2026-07-20,https://istiklal.edu.tr,Kahramanmaraş İstiklal Üniversitesi,TR,tr,ror_record_last_modified,2026-07-20,,2026-07-29T06:56:44+00:00,URLError,unknown,research_funder,https://ror.org/022ge7714,education; funder,https://ror.org/022ge7714,Active organization classified as a funder in ROR; verify each call's external eligibility before applying.
kayseri.edu.tr,Türkiye,Turkish,2026-07-20,https://www.kayseri.edu.tr,Kayseri Üniversitesi,TR,tr,ror_record_last_modified,2026-07-20,,2026-07-29T06:56:44+00:00,URLError,unknown,research_funder,https://ror.org/005zfy155,education; funder,https://ror.org/005zfy155,Active organization classified as a funder in ROR; verify each call's external eligibility before applying.
dpu.edu.tr,Türkiye,Turkish,2026-06-23,https://www.dpu.edu.tr,Kütahya Dumlupınar Üniversitesi,TR,tr,ror_record_last_modified,2026-06-23,,2026-07-29T06:56:45+00:00,URLError,unknown,research_funder,https://ror.org/03jtrja12,education; funder,https://ror.org/03jtrja12,Active organization classified as a funder in ROR; verify each call's external eligibility before applying.
mef.edu.tr,Türkiye,Turkish,2026-02-24,https://www.mef.edu.tr,MEF University,TR,tr,ror_record_last_modified,2026-02-24,,2026-07-29T06:56:45+00:00,URLError,unknown,research_funder,https://ror.org/05jz51y94,education; funder,https://ror.org/05jz51y94,Active organization classified as a funder in ROR; verify each call's external eligibility before applying.
metu.edu.tr,Türkiye,Turkish,2026-02-24,https://www.metu.edu.tr,Middle East Technical University,TR,tr,ror_record_last_modified,2026-02-24,,2026-07-29T06:56:45+00:00,URLError,unknown,research_funder,https://ror.org/014weej12,education; funder,https://ror.org/014weej12,Active organization classified as a funder in ROR; verify each call's external eligibility before applying.
tarimorman.gov.tr,Türkiye,Turkish,2026-07-20,https://www.tarimorman.gov.tr,Ministry of Agriculture and Forestry,TR,tr,ror_record_last_modified,2026-07-20,,2026-07-29T06:56:03+00:00,URLError,unknown,research_funder,https://ror.org/00tmg5839,funder; government,https://ror.org/00tmg5839,Active organization classified as a funder in ROR; verify each call's external eligibility before applying.
saglik.gov.tr,Türkiye,Turkish,2026-07-20,https://www.saglik.gov.tr/,Ministry of Health,TR,tr,ror_record_last_modified,2026-07-20,,2026-07-29T06:56:43+00:00,URLError,unknown,research_funder,https://ror.org/00pkvys92,funder; government,https://ror.org/00pkvys92,Active organization classified as a funder in ROR; verify each call's external eligibility before applying.
erbakan.edu.tr,Türkiye,Turkish,2026-02-24,https://www.erbakan.edu.tr,Necmettin Erbakan University,TR,tr,ror_record_last_modified,2026-02-24,,2026-07-29T06:56:45+00:00,URLError,unknown,research_funder,https://ror.org/013s3zh21,education; funder,https://ror.org/013s3zh21,Active organization classified as a funder in ROR; verify each call's external eligibility before applying.
osmaniye.edu.tr,Türkiye,Turkish,2026-07-20,http://www.osmaniye.edu.tr/,Osmaniye Korkut Ata University,TR,tr,ror_record_last_modified,2026-07-20,,2026-07-29T06:56:44+00:00,ConnectionResetError,unknown,research_funder,https://ror.org/03h8sa373,education; funder,https://ror.org/03h8sa373,Active organization classified as a funder in ROR; verify each call's external eligibility before applying.
mfa.gov.tr,Türkiye,Turkish,2026-07-20,https://www.mfa.gov.tr,Republic of Türkiye Ministry of Foreign Affairs,TR,tr,ror_record_last_modified,2026-07-20,,2026-07-29T06:56:44+00:00,URLError,unknown,research_funder,https://ror.org/02jf8ny07,funder; government,https://ror.org/02jf8ny07,Active organization classified as a funder in ROR; verify each call's external eligibility before applying.
selcuk.edu.tr,Türkiye,Turkish,2026-06-02,https://selcuk.edu.tr,Selçuk University,TR,tr,ror_record_last_modified,2026-06-02,,2026-07-29T06:56:45+00:00,URLError,unknown,research_funder,https://ror.org/045hgzm75,education; funder,https://ror.org/045hgzm75,Active organization classified as a funder in ROR; verify each call's external eligibility before applying.
siirt.edu.tr,Türkiye,Turkish,2026-07-20,https://www.siirt.edu.tr,Siirt Üniversitesi,TR,tr,ror_record_last_modified,2026-07-20,,2026-07-29T06:56:35+00:00,URLError,unknown,research_funder,https://ror.org/05ptwtz25,education; funder,https://ror.org/05ptwtz25,Active organization classified as a funder in ROR; verify each call's external eligibility before applying.
sivas.edu.tr,Türkiye,Turkish,2026-07-20,https://www.sivas.edu.tr,Sivas Bilim ve Teknoloji Üniversitesi,TR,tr,ror_record_last_modified,2026-07-20,,2026-07-29T06:56:27+00:00,URLError,unknown,research_funder,https://ror.org/05s32j989,education; funder,https://ror.org/05s32j989,Active organization classified as a funder in ROR; verify each call's external eligibility before applying.
kosgeb.gov.tr,Türkiye,Turkish,2026-07-20,http://www.kosgeb.gov.tr/,Small and Medium Enterprises Development Organization,TR,tr,ror_record_last_modified,2026-07-20,,2026-07-29T06:56:44+00:00,RemoteDisconnected,unknown,research_funder,https://ror.org/025rbqk82,funder; government,https://ror.org/025rbqk82,Active organization classified as a funder in ROR; verify each call's external eligibility before applying.
sunaveinankiracvakfi.org.tr,Türkiye,Turkish,2026-07-20,https://www.sunaveinankiracvakfi.org.tr,Suna and İnan Kıraç Foundation,TR,tr,ror_record_last_modified,2026-07-20,,2026-07-29T06:56:19+00:00,URLError,unknown,research_funder,https://ror.org/01m07n183,funder; nonprofit,https://ror.org/01m07n183,Active organization classified as a funder in ROR; verify each call's external eligibility before applying.
com.tr,Türkiye,Turkish,2026-07-20,https://www.teknofil.com.tr,Teknofil (Turkey),TR,tr,ror_record_last_modified,2026-07-20,,2026-07-29T06:56:44+00:00,URLError,unknown,research_funder,https://ror.org/00p65ef58,company; funder,https://ror.org/00p65ef58,Active organization classified as a funder in ROR; verify each call's external eligibility before applying.
turkkanser.org,Türkiye,Turkish,2026-06-23,https://www.turkkanser.org,Turkish Association for Cancer Research and Control,TR,tr,ror_record_last_modified,2026-06-23,,2026-07-29T06:56:45+00:00,URLError,unknown,research_funder,https://ror.org/00t0xrd58,funder; nonprofit,https://ror.org/00t0xrd58,Active organization classified as a funder in ROR; verify each call's external eligibility before applying.
tujjb.org.tr,Türkiye,Turkish,2026-07-20,https://www.tujjb.org.tr,Turkish National Union of Geodesy and Geophysics,TR,tr,ror_record_last_modified,2026-07-20,,2026-07-29T06:55:31+00:00,URLError,unknown,research_funder,https://ror.org/04vhpky23,funder; nonprofit,https://ror.org/04vhpky23,Active organization classified as a funder in ROR; verify each call's external eligibility before applying.
noroloji.org.tr,Türkiye,Turkish,2026-06-23,https://noroloji.org.tr,Turkish Neurological Society,TR,tr,ror_record_last_modified,2026-06-23,,2026-07-29T06:56:45+00:00,URLError,unknown,research_funder,https://ror.org/05x8sy092,funder; nonprofit,https://ror.org/05x8sy092,Active organization classified as a funder in ROR; verify each call's external eligibility before applying.
tpao.gov.tr,Türkiye,Turkish,2026-07-20,https://tpao.gov.tr,Turkish Petroleum Corporation (Turkey),TR,tr,ror_record_last_modified,2026-07-20,,2026-07-29T06:55:47+00:00,URLError,unknown,research_funder,https://ror.org/05debk536,company; funder,https://ror.org/05debk536,Active organization classified as a funder in ROR; verify each call's external eligibility before applying.
cocukendokrindiyabet.org,Türkiye,Turkish,2026-07-20,https://cocukendokrindiyabet.org,Turkish Society for Pediatric Endocrinology and Diabetes,TR,tr,ror_record_last_modified,2026-07-20,,2026-07-29T06:56:44+00:00,URLError,unknown,research_funder,https://ror.org/0497e6f68,funder; nonprofit,https://ror.org/0497e6f68,Active organization classified as a funder in ROR; verify each call's external eligibility before applying.
tubitak.gov.tr,Türkiye,Turkish,2026-03-31,https://tubitak.gov.tr,Türkiye Bilimsel ve Teknolojik Araştırma Kurumu,TR,tr,ror_record_last_modified,2026-03-31,,2026-07-29T06:56:45+00:00,URLError,unknown,research_funder,https://ror.org/04w9kkr77,funder; government,https://ror.org/04w9kkr77,Active organization classified as a funder in ROR; verify each call's external eligibility before applying.
tuseb.gov.tr,Türkiye,Turkish,2026-01-29,https://tuseb.gov.tr,Türkiye Sağlık Enstitüleri Başkanlığı,TR,tr,ror_record_last_modified,2026-01-29,,2026-07-29T06:56:45+00:00,URLError,unknown,research_funder,https://ror.org/01d6ka036,funder; government,https://ror.org/01d6ka036,Active organization classified as a funder in ROR; verify each call's external eligibility before applying.
yyu.edu.tr,Türkiye,Turkish,2026-07-20,http://www.yyu.edu.tr/,Van Yüzüncü Yıl Üniversitesi,TR,tr,ror_record_last_modified,2026-07-20,,2026-07-29T06:55:15+00:00,TimeoutError,unknown,research_funder,https://ror.org/041jyzp61,education; funder,https://ror.org/041jyzp61,Active organization classified as a funder in ROR; verify each call's external eligibility before applying.
bozok.edu.tr,Türkiye,Turkish,2026-02-24,https://www.bozok.edu.tr,Yozgat Bozok Üniversitesi,TR,tr,ror_record_last_modified,2026-02-24,,2026-07-29T06:56:45+00:00,URLError,unknown,research_funder,https://ror.org/04qvdf239,education; funder,https://ror.org/04qvdf239,Active organization classified as a funder in ROR; verify each call's external eligibility before applying.
beun.edu.tr,Türkiye,Turkish,2026-04-14,https://www.beun.edu.tr,Zonguldak Bülent Ecevit University,TR,tr,ror_record_last_modified,2026-04-14,,2026-07-29T06:56:45+00:00,URLError,unknown,research_funder,https://ror.org/01dvabv26,education; funder,https://ror.org/01dvabv26,Active organization classified as a funder in ROR; verify each call's external eligibility before applying.
ozyegin.edu.tr,Türkiye,Turkish,2026-07-20,https://www.ozyegin.edu.tr/,Özyeğin University,TR,tr,ror_record_last_modified,2026-07-20,,2026-07-29T06:56:43+00:00,URLError,unknown,research_funder,https://ror.org/01jjhfr75,education; funder,https://ror.org/01jjhfr75,Active organization classified as a funder in ROR; verify each call's external eligibility before applying.
iuf.net,Ukraine,Ukrainian,2024-12-11,http://ibss.iuf.net/?page_id=285&lang=en,A.O. Kovalevsky Institute of Biology of the Southern Seas,UA,uk,ror_record_last_modified,2024-12-11,,2026-07-29T06:56:44+00:00,RemoteDisconnected,unknown,research_funder,https://ror.org/03qf4s180,facility; funder,https://ror.org/03qf4s180,Active organization classified as a funder in ROR; verify each call's external eligibility before applying.
enamine.net,Ukraine,Ukrainian,2024-12-11,http://www.enamine.net/,Enamine (Ukraine),UA,uk,ror_record_last_modified,2024-12-11,,2026-07-29T06:56:44+00:00,RemoteDisconnected,unknown,research_funder,https://ror.org/02t6zky14,company; funder,https://ror.org/02t6zky14,Active organization classified as a funder in ROR; verify each call's external eligibility before applying.
kmu.gov.ua,Ukraine,Ukrainian,2024-12-11,https://www.kmu.gov.ua/en,Government of Ukraine,UA,uk,ror_record_last_modified,2024-12-11,,2026-07-29T06:56:44+00:00,URLError,unknown,research_funder,https://ror.org/00epmtw64,government; funder,https://ror.org/00epmtw64,Active organization classified as a funder in ROR; verify each call's external eligibility before applying.
org.ua,Ukraine,Ukrainian,2026-03-12,https://agroeco.org.ua,Institute of Agroecology and Environmental Management of the National Academy of Agrarian Sciences of Ukraine (NAAS),UA,uk,ror_record_last_modified,2026-03-12,,2026-07-29T06:55:47+00:00,URLError,unknown,research_funder,https://ror.org/05a81sk89,funder; government,https://ror.org/05a81sk89,Active organization classified as a funder in ROR; verify each call's external eligibility before applying.
kspu.edu,Ukraine,Ukrainian,2024-12-11,http://www.kspu.edu/,Kherson State University,UA,uk,ror_record_last_modified,2024-12-11,,2026-07-29T06:56:43+00:00,RemoteDisconnected,unknown,research_funder,https://ror.org/04cbe1f31,education; funder,https://ror.org/04cbe1f31,Active organization classified as a funder in ROR; verify each call's external eligibility before applying.
lp.edu.ua,Ukraine,Ukrainian,2024-12-11,http://www.lp.edu.ua/en,Lviv Polytechnic National University,UA,uk,ror_record_last_modified,2024-12-11,,2026-07-29T06:56:43+00:00,ConnectionResetError,unknown,research_funder,https://ror.org/0542q3127,education; funder,https://ror.org/0542q3127,Active organization classified as a funder in ROR; verify each call's external eligibility before applying.
mon.gov.ua,Ukraine,Ukrainian,2026-03-12,http://mon.gov.ua/,Ministry of Education and Science,UA,uk,ror_record_last_modified,2026-03-12,,2026-07-29T06:56:03+00:00,TimeoutError,unknown,research_funder,https://ror.org/03bra4w96,funder; government,https://ror.org/03bra4w96,Active organization classified as a funder in ROR; verify each call's external eligibility before applying.
nas.gov.ua,Ukraine,Ukrainian,2026-07-20,http://www.nas.gov.ua/en/,National Academy of Sciences of Ukraine,UA,uk,ror_record_last_modified,2026-07-20,,2026-07-29T06:55:31+00:00,TimeoutError,unknown,research_funder,https://ror.org/00je4t102,funder; government,https://ror.org/00je4t102,Active organization classified as a funder in ROR; verify each call's external eligibility before applying.
pdmu.edu.ua,Ukraine,Ukrainian,2026-07-20,https://www.pdmu.edu.ua,Poltava State Medical University,UA,uk,ror_record_last_modified,2026-07-20,,2026-07-29T06:55:15+00:00,URLError,unknown,research_funder,https://ror.org/00kx55e87,education; funder,https://ror.org/00kx55e87,Active organization classified as a funder in ROR; verify each call's external eligibility before applying.
stcu.int,Ukraine,Ukrainian,2024-12-11,http://www.stcu.int/,Science and Technology Center in Ukraine,UA,uk,ror_record_last_modified,2024-12-11,,2026-07-29T06:56:35+00:00,TimeoutError,unknown,research_funder,https://ror.org/02rzjwp47,government; funder,https://ror.org/02rzjwp47,Active organization classified as a funder in ROR; verify each call's external eligibility before applying.
dffd.gov.ua,Ukraine,Ukrainian,2024-12-11,http://www.dffd.gov.ua/index.php?lang=en,State Fund for Fundamental Research of Ukraine,UA,uk,ror_record_last_modified,2024-12-11,,2026-07-29T06:56:44+00:00,RemoteDisconnected,unknown,research_funder,https://ror.org/05k0zzt52,other; funder,https://ror.org/05k0zzt52,Active organization classified as a funder in ROR; verify each call's external eligibility before applying.
nau.edu.ua,Ukraine,Ukrainian,2026-02-24,https://nau.edu.ua,"State University ""Kyiv Aviation Institute""",UA,uk,ror_record_last_modified,2026-02-24,,2026-07-29T06:56:19+00:00,URLError,unknown,research_funder,https://ror.org/01f74x078,education; funder,https://ror.org/01f74x078,Active organization classified as a funder in ROR; verify each call's external eligibility before applying.
sumdu.edu.ua,Ukraine,Ukrainian,2024-12-11,https://sumdu.edu.ua/int/en/,Sumy State University,UA,uk,ror_record_last_modified,2024-12-11,,2026-07-29T06:56:27+00:00,URLError,unknown,research_funder,https://ror.org/01w60n236,education; funder,https://ror.org/01w60n236,Active organization classified as a funder in ROR; verify each call's external eligibility before applying.
knu.ua,Ukraine,Ukrainian,2024-12-11,https://knu.ua,Taras Shevchenko National University of Kyiv,UA,uk,ror_record_last_modified,2024-12-11,,2026-07-29T06:56:44+00:00,URLError,unknown,research_funder,https://ror.org/02aaqv166,education; funder,https://ror.org/02aaqv166,Active organization classified as a funder in ROR; verify each call's external eligibility before applying.
cfuv.ru,Ukraine,Ukrainian,2024-12-11,https://eng.cfuv.ru/,V.I. Vernadsky Crimean Federal University,UA,uk,ror_record_last_modified,2024-12-11,,2026-07-29T06:56:44+00:00,URLError,unknown,research_funder,https://ror.org/05erbjx97,education; funder,https://ror.org/05erbjx97,Active organization classified as a funder in ROR; verify each call's external eligibility before applying.
theabn.org,United Kingdom,English|Welsh|Scottish Gaelic,2026-07-20,https://www.theabn.org/?,Association of British Neurologists,GB,en|cy|gd,ror_record_last_modified,2026-07-20,,2026-07-29T06:56:44+00:00,URLError,unknown,research_funder,https://ror.org/00n9sg246,funder; other,https://ror.org/00n9sg246,Active organization classified as a funder in ROR; verify each call's external eligibility before applying.
ukri.org,United Kingdom,English|Welsh|Scottish Gaelic,2026-07-20,https://www.ukri.org/councils/epsrc/,Engineering and Physical Sciences Research Council,GB,en|cy|gd,ror_record_last_modified,2026-07-20,,2026-07-29T06:56:43+00:00,URLError,unknown,research_funder,https://ror.org/0439y7842,funder; government,https://ror.org/0439y7842,Active organization classified as a funder in ROR; verify each call's external eligibility before applying.
world-aluminium.org,United Kingdom,English|Welsh|Scottish Gaelic,2026-07-20,http://www.world-aluminium.org,International Aluminium Institute,GB,en|cy|gd,ror_record_last_modified,2026-07-20,,2026-07-29T06:55:31+00:00,TimeoutError,unknown,research_funder,https://ror.org/02nart969,funder; other,https://ror.org/02nart969,Active organization classified as a funder in ROR; verify each call's external eligibility before applying.
nhs.uk,United Kingdom,English|Welsh|Scottish Gaelic,2026-07-20,https://www.uhliverpool.nhs.uk,Liverpool University Hospitals NHS Foundation Trust,GB,en|cy|gd,ror_record_last_modified,2026-07-20,,2026-07-29T06:56:45+00:00,URLError,unknown,research_funder,https://ror.org/01pd4a160,funder; healthcare,https://ror.org/01pd4a160,Active organization classified as a funder in ROR; verify each call's external eligibility before applying.
wohl.org.uk,United Kingdom,English|Welsh|Scottish Gaelic,2026-07-20,https://www.wohl.org.uk,Maurice and Vivienne Wohl Charitable Foundation,GB,en|cy|gd,ror_record_last_modified,2026-07-20,,2026-07-29T06:55:47+00:00,URLError,unknown,research_funder,https://ror.org/051dnyw72,funder; nonprofit,https://ror.org/051dnyw72,Active organization classified as a funder in ROR; verify each call's external eligibility before applying.
nihr.ac.uk,United Kingdom,English|Welsh|Scottish Gaelic,2026-07-20,https://www.nihr.ac.uk/support-and-services/support-for-delivering-research/research-delivery-network,NIHR Research Delivery Network,GB,en|cy|gd,ror_record_last_modified,2026-07-20,,2026-07-29T06:56:45+00:00,URLError,unknown,research_funder,https://ror.org/05fj7ar22,funder; government,https://ror.org/05fj7ar22,Active organization classified as a funder in ROR; verify each call's external eligibility before applying.
niesr.ac.uk,United Kingdom,English|Welsh|Scottish Gaelic,2026-07-20,https://www.niesr.ac.uk,National Institute of Economic and Social Research,GB,en|cy|gd,ror_record_last_modified,2026-07-20,,2026-07-29T06:56:45+00:00,URLError,unknown,research_funder,https://ror.org/048m81442,funder; nonprofit,https://ror.org/048m81442,Active organization classified as a funder in ROR; verify each call's external eligibility before applying.
noc.ac.uk,United Kingdom,English|Welsh|Scottish Gaelic,2026-07-20,https://noc.ac.uk,National Oceanography Centre,GB,en|cy|gd,ror_record_last_modified,2026-07-20,,2026-07-29T06:56:45+00:00,URLError,unknown,research_funder,https://ror.org/00874hx02,facility; funder,https://ror.org/00874hx02,Active organization classified as a funder in ROR; verify each call's external eligibility before applying.
nspcc.org.uk,United Kingdom,English|Welsh|Scottish Gaelic,2026-07-20,http://www.nspcc.org.uk/,National Society for the Prevention of Cruelty to Children,GB,en|cy|gd,ror_record_last_modified,2026-07-20,,2026-07-29T06:56:45+00:00,ConnectionResetError,unknown,research_funder,https://ror.org/0553q3w79,funder; other,https://ror.org/0553q3w79,Active organization classified as a funder in ROR; verify each call's external eligibility before applying.
ncl.ac.uk,United Kingdom,English|Welsh|Scottish Gaelic,2026-07-20,https://www.ncl.ac.uk,Newcastle University,GB,en|cy|gd,ror_record_last_modified,2026-07-20,,2026-07-29T06:56:45+00:00,URLError,unknown,research_funder,https://ror.org/01kj2bm70,education; funder,https://ror.org/01kj2bm70,Active organization classified as a funder in ROR; verify each call's external eligibility before applying.
novartis.com,United Kingdom,English|Welsh|Scottish Gaelic,2026-07-20,https://www.novartis.com/about/novartis-gene-therapies,"Novartis Gene Therapies, Inc. (United States)",GB,en|cy|gd,ror_record_last_modified,2026-07-20,,2026-07-29T06:56:45+00:00,URLError,unknown,research_funder,https://ror.org/02gd4zp35,company; funder,https://ror.org/02gd4zp35,Active organization classified as a funder in ROR; verify each call's external eligibility before applying.
orchard-tx.com,United Kingdom,English|Welsh|Scottish Gaelic,2026-07-20,https://www.orchard-tx.com,Orchard Therapeutics (United Kingdom),GB,en|cy|gd,ror_record_last_modified,2026-07-20,,2026-07-29T06:56:45+00:00,URLError,unknown,research_funder,https://ror.org/050adjk75,company; funder,https://ror.org/050adjk75,Active organization classified as a funder in ROR; verify each call's external eligibility before applying.
ovearupfoundation.org,United Kingdom,English|Welsh|Scottish Gaelic,2026-07-20,https://www.ovearupfoundation.org,Ove Arup Foundation,GB,en|cy|gd,ror_record_last_modified,2026-07-20,,2026-07-29T06:56:45+00:00,URLError,unknown,research_funder,https://ror.org/01vbky268,funder; nonprofit,https://ror.org/01vbky268,Active organization classified as a funder in ROR; verify each call's external eligibility before applying.
pstt.org.uk,United Kingdom,English|Welsh|Scottish Gaelic,2026-07-20,https://pstt.org.uk,Primary Science Teaching Trust,GB,en|cy|gd,ror_record_last_modified,2026-07-20,,2026-07-29T06:56:45+00:00,URLError,unknown,research_funder,https://ror.org/019cn8w22,funder; nonprofit,https://ror.org/019cn8w22,Active organization classified as a funder in ROR; verify each call's external eligibility before applying.
publichealthscotland.scot,United Kingdom,English|Welsh|Scottish Gaelic,2026-07-20,https://www.publichealthscotland.scot/,Public Health Scotland,GB,en|cy|gd,ror_record_last_modified,2026-07-20,,2026-07-29T06:56:45+00:00,URLError,unknown,research_funder,https://ror.org/023wh8b50,funder; government,https://ror.org/023wh8b50,Active organization classified as a funder in ROR; verify each call's external eligibility before applying.
qc.foundation,United Kingdom,English|Welsh|Scottish Gaelic,2026-07-20,https://www.qc.foundation,Quadrature Climate Foundation,GB,en|cy|gd,ror_record_last_modified,2026-07-20,,2026-07-29T06:56:45+00:00,URLError,unknown,research_funder,https://ror.org/05798pe45,funder; nonprofit,https://ror.org/05798pe45,Active organization classified as a funder in ROR; verify each call's external eligibility before applying.
radma.net,United Kingdom,English|Welsh|Scottish Gaelic,2026-07-20,https://radma.net,Research and Development Management Association,GB,en|cy|gd,ror_record_last_modified,2026-07-20,,2026-07-29T06:56:45+00:00,URLError,unknown,research_funder,https://ror.org/02npax493,funder; nonprofit,https://ror.org/02npax493,Active organization classified as a funder in ROR; verify each call's external eligibility before applying.
robertmcalpinefoundation.org,United Kingdom,English|Welsh|Scottish Gaelic,2026-07-20,https://www.robertmcalpinefoundation.org,Robert McAlpine Foundation,GB,en|cy|gd,ror_record_last_modified,2026-07-20,,2026-07-29T06:56:45+00:00,URLError,unknown,research_funder,https://ror.org/04q5x1228,funder; nonprofit,https://ror.org/04q5x1228,Active organization classified as a funder in ROR; verify each call's external eligibility before applying.
royalarchinst.org,United Kingdom,English|Welsh|Scottish Gaelic,2026-07-20,https://www.royalarchinst.org,Royal Archaeological Institute,GB,en|cy|gd,ror_record_last_modified,2026-07-20,,2026-07-29T06:56:45+00:00,URLError,unknown,research_funder,https://ror.org/02xbcfb63,funder; nonprofit,https://ror.org/02xbcfb63,Active organization classified as a funder in ROR; verify each call's external eligibility before applying.
royalfreecharity.org,United Kingdom,English|Welsh|Scottish Gaelic,2026-07-20,http://www.royalfreecharity.org/,Royal Free Charity,GB,en|cy|gd,ror_record_last_modified,2026-07-20,,2026-07-29T06:56:45+00:00,RemoteDisconnected,unknown,research_funder,https://ror.org/018w7fz66,funder; nonprofit,https://ror.org/018w7fz66,Active organization classified as a funder in ROR; verify each call's external eligibility before applying.
scottishpower.com,United Kingdom,English|Welsh|Scottish Gaelic,2026-07-20,http://www.scottishpower.com/,Scottish Power (United Kingdom),GB,en|cy|gd,ror_record_last_modified,2026-07-20,,2026-07-29T06:56:44+00:00,RemoteDisconnected,unknown,research_funder,https://ror.org/048hrc512,company; funder,https://ror.org/048hrc512,Active organization classified as a funder in ROR; verify each call's external eligibility before applying.
sps.gov.uk,United Kingdom,English|Welsh|Scottish Gaelic,2026-07-20,https://www.sps.gov.uk,Scottish Prison Service,GB,en|cy|gd,ror_record_last_modified,2026-07-20,,2026-07-29T06:56:44+00:00,URLError,unknown,research_funder,https://ror.org/02tc6ys49,funder; government,https://ror.org/02tc6ys49,Active organization classified as a funder in ROR; verify each call's external eligibility before applying.
sbft.org.uk,United Kingdom,English|Welsh|Scottish Gaelic,2026-07-20,https://www.sbft.org.uk,Sino-British Fellowship Trust,GB,en|cy|gd,ror_record_last_modified,2026-07-20,,2026-07-29T06:56:44+00:00,URLError,unknown,research_funder,https://ror.org/013nz5p78,funder; nonprofit,https://ror.org/013nz5p78,Active organization classified as a funder in ROR; verify each call's external eligibility before applying.
thesbcfoundation.org,United Kingdom,English|Welsh|Scottish Gaelic,2026-07-20,https://www.thesbcfoundation.org,Sir Bobby Charlton Foundation,GB,en|cy|gd,ror_record_last_modified,2026-07-20,,2026-07-29T06:56:44+00:00,URLError,unknown,research_funder,https://ror.org/04hq3gy13,funder; nonprofit,https://ror.org/04hq3gy13,Active organization classified as a funder in ROR; verify each call's external eligibility before applying.
sshb.org,United Kingdom,English|Welsh|Scottish Gaelic,2026-07-20,https://www.sshb.org,Society for the Study of Human Biology,GB,en|cy|gd,ror_record_last_modified,2026-07-20,,2026-07-29T06:56:44+00:00,URLError,unknown,research_funder,https://ror.org/022gs8q28,funder; nonprofit,https://ror.org/022gs8q28,Active organization classified as a funder in ROR; verify each call's external eligibility before applying.
sor.org,United Kingdom,English|Welsh|Scottish Gaelic,2026-07-20,https://www.sor.org,Society of Radiographers,GB,en|cy|gd,ror_record_last_modified,2026-07-20,,2026-07-29T06:56:44+00:00,URLError,unknown,research_funder,https://ror.org/012htzb70,funder; nonprofit,https://ror.org/012htzb70,Active organization classified as a funder in ROR; verify each call's external eligibility before applying.
southwestwater.co.uk,United Kingdom,English|Welsh|Scottish Gaelic,2026-07-20,https://www.southwestwater.co.uk,South West Water (United Kingdom),GB,en|cy|gd,ror_record_last_modified,2026-07-20,,2026-07-29T06:56:44+00:00,URLError,unknown,research_funder,https://ror.org/01rhdc921,company; funder,https://ror.org/01rhdc921,Active organization classified as a funder in ROR; verify each call's external eligibility before applying.
stmarkshospitalfoundation.org.uk,United Kingdom,English|Welsh|Scottish Gaelic,2026-07-20,https://www.stmarkshospitalfoundation.org.uk,St Mark's Hospital Foundation,GB,en|cy|gd,ror_record_last_modified,2026-07-20,,2026-07-29T06:56:44+00:00,URLError,unknown,research_funder,https://ror.org/013f8ah08,funder; nonprofit,https://ror.org/013f8ah08,Active organization classified as a funder in ROR; verify each call's external eligibility before applying.
stoneygatetrust.org,United Kingdom,English|Welsh|Scottish Gaelic,2026-07-20,https://www.stoneygatetrust.org,Stoneygate Trust,GB,en|cy|gd,ror_record_last_modified,2026-07-20,,2026-07-29T06:56:44+00:00,URLError,unknown,research_funder,https://ror.org/00vbd1e96,funder; nonprofit,https://ror.org/00vbd1e96,Active organization classified as a funder in ROR; verify each call's external eligibility before applying.
teenagecancertrust.org,United Kingdom,English|Welsh|Scottish Gaelic,2026-07-20,https://teenagecancertrust.org,Teenage Cancer Trust,GB,en|cy|gd,ror_record_last_modified,2026-07-20,,2026-07-29T06:56:44+00:00,URLError,unknown,research_funder,https://ror.org/04tprq372,funder; nonprofit,https://ror.org/04tprq372,Active organization classified as a funder in ROR; verify each call's external eligibility before applying.
thedonkeysanctuary.org.uk,United Kingdom,English|Welsh|Scottish Gaelic,2026-07-20,https://thedonkeysanctuary.org.uk,The Donkey Sanctuary,GB,en|cy|gd,ror_record_last_modified,2026-07-20,,2026-07-29T06:56:44+00:00,URLError,unknown,research_funder,https://ror.org/01ger5278,funder; nonprofit,https://ror.org/01ger5278,Active organization classified as a funder in ROR; verify each call's external eligibility before applying.
theprudencetrust.org,United Kingdom,English|Welsh|Scottish Gaelic,2026-07-20,https://theprudencetrust.org,The Prudence Trust,GB,en|cy|gd,ror_record_last_modified,2026-07-20,,2026-07-29T06:56:44+00:00,URLError,unknown,research_funder,https://ror.org/02v5ya379,funder; nonprofit,https://ror.org/02v5ya379,Active organization classified as a funder in ROR; verify each call's external eligibility before applying.
pocklington-trust.org.uk,United Kingdom,English|Welsh|Scottish Gaelic,2026-07-20,https://www.pocklington-trust.org.uk/,Thomas Pocklington Trust,GB,en|cy|gd,ror_record_last_modified,2026-07-20,,2026-07-29T06:56:45+00:00,URLError,unknown,research_funder,https://ror.org/01m081680,funder; other,https://ror.org/01m081680,Active organization classified as a funder in ROR; verify each call's external eligibility before applying.
torcni.org,United Kingdom,English|Welsh|Scottish Gaelic,2026-07-20,https://torcni.org,Trauma and Orthopaedics Research Charity,GB,en|cy|gd,ror_record_last_modified,2026-07-20,,2026-07-29T06:56:44+00:00,URLError,unknown,research_funder,https://ror.org/02a5q5y75,funder; nonprofit,https://ror.org/02a5q5y75,Active organization classified as a funder in ROR; verify each call's external eligibility before applying.
tudortrust.org.uk,United Kingdom,English|Welsh|Scottish Gaelic,2026-07-20,https://www.tudortrust.org.uk,Tudor Trust,GB,en|cy|gd,ror_record_last_modified,2026-07-20,,2026-07-29T06:56:44+00:00,URLError,unknown,research_funder,https://ror.org/00jkehg53,funder; nonprofit,https://ror.org/00jkehg53,Active organization classified as a funder in ROR; verify each call's external eligibility before applying.
ukccsrc.ac.uk,United Kingdom,English|Welsh|Scottish Gaelic,2026-07-20,https://ukccsrc.ac.uk/,UK Carbon Capture and Research Centre,GB,en|cy|gd,ror_record_last_modified,2026-07-20,,2026-07-29T06:56:44+00:00,URLError,unknown,research_funder,https://ror.org/01pz7ej14,funder; other,https://ror.org/01pz7ej14,Active organization classified as a funder in ROR; verify each call's external eligibility before applying.
ujala.co.uk,United Kingdom,English|Welsh|Scottish Gaelic,2026-07-20,https://ujala.co.uk,Ujala Foundation,GB,en|cy|gd,ror_record_last_modified,2026-07-20,,2026-07-29T06:56:44+00:00,URLError,unknown,research_funder,https://ror.org/05azsa977,funder; nonprofit,https://ror.org/05azsa977,Active organization classified as a funder in ROR; verify each call's external eligibility before applying.
ukla.org,United Kingdom,English|Welsh|Scottish Gaelic,2026-07-20,https://ukla.org,United Kingdom Literacy Association,GB,en|cy|gd,ror_record_last_modified,2026-07-20,,2026-07-29T06:56:43+00:00,URLError,unknown,research_funder,https://ror.org/01smm1s39,funder; nonprofit,https://ror.org/01smm1s39,Active organization classified as a funder in ROR; verify each call's external eligibility before applying.
universitiesuk.ac.uk,United Kingdom,English|Welsh|Scottish Gaelic,2026-07-20,http://www.universitiesuk.ac.uk/,Universities UK,GB,en|cy|gd,ror_record_last_modified,2026-07-20,,2026-07-29T06:56:36+00:00,TimeoutError,unknown,research_funder,https://ror.org/00mmfs450,funder; nonprofit,https://ror.org/00mmfs450,Active organization classified as a funder in ROR; verify each call's external eligibility before applying.
ox.ac.uk,United Kingdom,English|Welsh|Scottish Gaelic,2026-07-20,https://www.ox.ac.uk,University of Oxford,GB,en|cy|gd,ror_record_last_modified,2026-07-20,,2026-07-29T06:56:45+00:00,URLError,unknown,research_funder,https://ror.org/052gg0110,education; funder,https://ror.org/052gg0110,Active organization classified as a funder in ROR; verify each call's external eligibility before applying.
vag.org.uk,United Kingdom,English|Welsh|Scottish Gaelic,2026-07-20,https://vag.org.uk,Vernacular Architecture Group,GB,en|cy|gd,ror_record_last_modified,2026-07-20,,2026-07-29T06:56:27+00:00,URLError,unknown,research_funder,https://ror.org/04phwr885,funder; nonprofit,https://ror.org/04phwr885,Active organization classified as a funder in ROR; verify each call's external eligibility before applying.
waltham.com,United Kingdom,English|Welsh|Scottish Gaelic,2026-07-20,https://www.waltham.com/grants-awards,WALTHAM Foundation,GB,en|cy|gd,ror_record_last_modified,2026-07-20,,2026-07-29T06:56:19+00:00,URLError,unknown,research_funder,https://ror.org/000y7cc75,funder,https://ror.org/000y7cc75,Active organization classified as a funder in ROR; verify each call's external eligibility before applying.
warwickshirehealthcharity.org.uk,United Kingdom,English|Welsh|Scottish Gaelic,2026-07-20,https://warwickshirehealthcharity.org.uk,WPH Charitable Trust,GB,en|cy|gd,ror_record_last_modified,2026-07-20,,2026-07-29T06:56:03+00:00,URLError,unknown,research_funder,https://ror.org/05qpjvy57,funder; nonprofit,https://ror.org/05qpjvy57,Active organization classified as a funder in ROR; verify each call's external eligibility before applying.
ziminfoundation.org,United Kingdom,English|Welsh|Scottish Gaelic,2026-07-20,https://www.ziminfoundation.org,Zimin Foundation,GB,en|cy|gd,ror_record_last_modified,2026-07-20,,2026-07-29T06:55:15+00:00,URLError,unknown,research_funder,https://ror.org/040ekzg14,funder; nonprofit,https://ror.org/040ekzg14,Active organization classified as a funder in ROR; verify each call's external eligibility before applying.
vatican.va,Vatican City,Italian|Latin,2026-07-20,https://www.vatican.va/,vatican.va,VA,it|la,directory_release_date,,,2026-07-29T06:55:15+00:00,URLError,unknown,government portal,,,curated supplemental seed,"Curated European funding, challenge, programme, or government portal."
